"eeio_model","country","code_ape_a732","aggregate","fpt","unit","year","accuracy_mapping_a732"
"EEIO_DK","FR","01.11Z","FD",969,"GCO2E_EUR",2022,4
"EEIO_DK","FR","01.11Z","GVA",2830,"GCO2E_EUR",2022,4
"EEIO_DK","FR","01.11Z","IC",60,"GCO2E_EUR",2022,4
"EEIO_DK","FR","01.11Z","PRD",808,"GCO2E_EUR",2022,4
"EEIO_DK","FR","01.12Z","FD",969,"GCO2E_EUR",2022,4
"EEIO_DK","FR","01.12Z","GVA",2830,"GCO2E_EUR",2022,4
"EEIO_DK","FR","01.12Z","IC",60,"GCO2E_EUR",2022,4
"EEIO_DK","FR","01.12Z","PRD",808,"GCO2E_EUR",2022,4
"EEIO_DK","FR","01.13Z","FD",969,"GCO2E_EUR",2022,4
"EEIO_DK","FR","01.13Z","GVA",2830,"GCO2E_EUR",2022,4
"EEIO_DK","FR","01.13Z","IC",60,"GCO2E_EUR",2022,4
"EEIO_DK","FR","01.13Z","PRD",808,"GCO2E_EUR",2022,4
"EEIO_DK","FR","01.14Z","FD",969,"GCO2E_EUR",2022,4
"EEIO_DK","FR","01.14Z","GVA",2830,"GCO2E_EUR",2022,4
"EEIO_DK","FR","01.14Z","IC",60,"GCO2E_EUR",2022,4
"EEIO_DK","FR","01.14Z","PRD",808,"GCO2E_EUR",2022,4
"EEIO_DK","FR","01.15Z","FD",969,"GCO2E_EUR",2022,4
"EEIO_DK","FR","01.15Z","GVA",2830,"GCO2E_EUR",2022,4
"EEIO_DK","FR","01.15Z","IC",60,"GCO2E_EUR",2022,4
"EEIO_DK","FR","01.15Z","PRD",808,"GCO2E_EUR",2022,4
"EEIO_DK","FR","01.16Z","FD",969,"GCO2E_EUR",2022,4
"EEIO_DK","FR","01.16Z","GVA",2830,"GCO2E_EUR",2022,4
"EEIO_DK","FR","01.16Z","IC",60,"GCO2E_EUR",2022,4
"EEIO_DK","FR","01.16Z","PRD",808,"GCO2E_EUR",2022,4
"EEIO_DK","FR","01.19Z","FD",969,"GCO2E_EUR",2022,4
"EEIO_DK","FR","01.19Z","GVA",2830,"GCO2E_EUR",2022,4
"EEIO_DK","FR","01.19Z","IC",60,"GCO2E_EUR",2022,4
"EEIO_DK","FR","01.19Z","PRD",808,"GCO2E_EUR",2022,4
"EEIO_DK","FR","01.21Z","FD",969,"GCO2E_EUR",2022,4
"EEIO_DK","FR","01.21Z","GVA",2830,"GCO2E_EUR",2022,4
"EEIO_DK","FR","01.21Z","IC",60,"GCO2E_EUR",2022,4
"EEIO_DK","FR","01.21Z","PRD",808,"GCO2E_EUR",2022,4
"EEIO_DK","FR","01.22Z","FD",969,"GCO2E_EUR",2022,4
"EEIO_DK","FR","01.22Z","GVA",2830,"GCO2E_EUR",2022,4
"EEIO_DK","FR","01.22Z","IC",60,"GCO2E_EUR",2022,4
"EEIO_DK","FR","01.22Z","PRD",808,"GCO2E_EUR",2022,4
"EEIO_DK","FR","01.23Z","FD",969,"GCO2E_EUR",2022,4
"EEIO_DK","FR","01.23Z","GVA",2830,"GCO2E_EUR",2022,4
"EEIO_DK","FR","01.23Z","IC",60,"GCO2E_EUR",2022,4
"EEIO_DK","FR","01.23Z","PRD",808,"GCO2E_EUR",2022,4
"EEIO_DK","FR","01.24Z","FD",969,"GCO2E_EUR",2022,4
"EEIO_DK","FR","01.24Z","GVA",2830,"GCO2E_EUR",2022,4
"EEIO_DK","FR","01.24Z","IC",60,"GCO2E_EUR",2022,4
"EEIO_DK","FR","01.24Z","PRD",808,"GCO2E_EUR",2022,4
"EEIO_DK","FR","01.25Z","FD",969,"GCO2E_EUR",2022,4
"EEIO_DK","FR","01.25Z","GVA",2830,"GCO2E_EUR",2022,4
"EEIO_DK","FR","01.25Z","IC",60,"GCO2E_EUR",2022,4
"EEIO_DK","FR","01.25Z","PRD",808,"GCO2E_EUR",2022,4
"EEIO_DK","FR","01.26Z","FD",969,"GCO2E_EUR",2022,4
"EEIO_DK","FR","01.26Z","GVA",2830,"GCO2E_EUR",2022,4
"EEIO_DK","FR","01.26Z","IC",60,"GCO2E_EUR",2022,4
"EEIO_DK","FR","01.26Z","PRD",808,"GCO2E_EUR",2022,4
"EEIO_DK","FR","01.27Z","FD",969,"GCO2E_EUR",2022,4
"EEIO_DK","FR","01.27Z","GVA",2830,"GCO2E_EUR",2022,4
"EEIO_DK","FR","01.27Z","IC",60,"GCO2E_EUR",2022,4
"EEIO_DK","FR","01.27Z","PRD",808,"GCO2E_EUR",2022,4
"EEIO_DK","FR","01.28Z","FD",969,"GCO2E_EUR",2022,4
"EEIO_DK","FR","01.28Z","GVA",2830,"GCO2E_EUR",2022,4
"EEIO_DK","FR","01.28Z","IC",60,"GCO2E_EUR",2022,4
"EEIO_DK","FR","01.28Z","PRD",808,"GCO2E_EUR",2022,4
"EEIO_DK","FR","01.29Z","FD",969,"GCO2E_EUR",2022,4
"EEIO_DK","FR","01.29Z","GVA",2830,"GCO2E_EUR",2022,4
"EEIO_DK","FR","01.29Z","IC",60,"GCO2E_EUR",2022,4
"EEIO_DK","FR","01.29Z","PRD",808,"GCO2E_EUR",2022,4
"EEIO_DK","FR","01.30Z","FD",969,"GCO2E_EUR",2022,4
"EEIO_DK","FR","01.30Z","GVA",2830,"GCO2E_EUR",2022,4
"EEIO_DK","FR","01.30Z","IC",60,"GCO2E_EUR",2022,4
"EEIO_DK","FR","01.30Z","PRD",808,"GCO2E_EUR",2022,4
"EEIO_DK","FR","01.41Z","FD",969,"GCO2E_EUR",2022,4
"EEIO_DK","FR","01.41Z","GVA",2830,"GCO2E_EUR",2022,4
"EEIO_DK","FR","01.41Z","IC",60,"GCO2E_EUR",2022,4
"EEIO_DK","FR","01.41Z","PRD",808,"GCO2E_EUR",2022,4
"EEIO_DK","FR","01.42Z","FD",969,"GCO2E_EUR",2022,4
"EEIO_DK","FR","01.42Z","GVA",2830,"GCO2E_EUR",2022,4
"EEIO_DK","FR","01.42Z","IC",60,"GCO2E_EUR",2022,4
"EEIO_DK","FR","01.42Z","PRD",808,"GCO2E_EUR",2022,4
"EEIO_DK","FR","01.43Z","FD",969,"GCO2E_EUR",2022,4
"EEIO_DK","FR","01.43Z","GVA",2830,"GCO2E_EUR",2022,4
"EEIO_DK","FR","01.43Z","IC",60,"GCO2E_EUR",2022,4
"EEIO_DK","FR","01.43Z","PRD",808,"GCO2E_EUR",2022,4
"EEIO_DK","FR","01.44Z","FD",969,"GCO2E_EUR",2022,4
"EEIO_DK","FR","01.44Z","GVA",2830,"GCO2E_EUR",2022,4
"EEIO_DK","FR","01.44Z","IC",60,"GCO2E_EUR",2022,4
"EEIO_DK","FR","01.44Z","PRD",808,"GCO2E_EUR",2022,4
"EEIO_DK","FR","01.45Z","FD",969,"GCO2E_EUR",2022,4
"EEIO_DK","FR","01.45Z","GVA",2830,"GCO2E_EUR",2022,4
"EEIO_DK","FR","01.45Z","IC",60,"GCO2E_EUR",2022,4
"EEIO_DK","FR","01.45Z","PRD",808,"GCO2E_EUR",2022,4
"EEIO_DK","FR","01.46Z","FD",969,"GCO2E_EUR",2022,4
"EEIO_DK","FR","01.46Z","GVA",2830,"GCO2E_EUR",2022,4
"EEIO_DK","FR","01.46Z","IC",60,"GCO2E_EUR",2022,4
"EEIO_DK","FR","01.46Z","PRD",808,"GCO2E_EUR",2022,4
"EEIO_DK","FR","01.47Z","FD",969,"GCO2E_EUR",2022,4
"EEIO_DK","FR","01.47Z","GVA",2830,"GCO2E_EUR",2022,4
"EEIO_DK","FR","01.47Z","IC",60,"GCO2E_EUR",2022,4
"EEIO_DK","FR","01.47Z","PRD",808,"GCO2E_EUR",2022,4
"EEIO_DK","FR","01.49Z","FD",969,"GCO2E_EUR",2022,4
"EEIO_DK","FR","01.49Z","GVA",2830,"GCO2E_EUR",2022,4
"EEIO_DK","FR","01.49Z","IC",60,"GCO2E_EUR",2022,4
"EEIO_DK","FR","01.49Z","PRD",808,"GCO2E_EUR",2022,4
"EEIO_DK","FR","01.50Z","FD",969,"GCO2E_EUR",2022,4
"EEIO_DK","FR","01.50Z","GVA",2830,"GCO2E_EUR",2022,4
"EEIO_DK","FR","01.50Z","IC",60,"GCO2E_EUR",2022,4
"EEIO_DK","FR","01.50Z","PRD",808,"GCO2E_EUR",2022,4
"EEIO_DK","FR","01.61Z","FD",969,"GCO2E_EUR",2022,4
"EEIO_DK","FR","01.61Z","GVA",2830,"GCO2E_EUR",2022,4
"EEIO_DK","FR","01.61Z","IC",60,"GCO2E_EUR",2022,4
"EEIO_DK","FR","01.61Z","PRD",808,"GCO2E_EUR",2022,4
"EEIO_DK","FR","01.62Z","FD",969,"GCO2E_EUR",2022,4
"EEIO_DK","FR","01.62Z","GVA",2830,"GCO2E_EUR",2022,4
"EEIO_DK","FR","01.62Z","IC",60,"GCO2E_EUR",2022,4
"EEIO_DK","FR","01.62Z","PRD",808,"GCO2E_EUR",2022,4
"EEIO_DK","FR","01.63Z","FD",969,"GCO2E_EUR",2022,4
"EEIO_DK","FR","01.63Z","GVA",2830,"GCO2E_EUR",2022,4
"EEIO_DK","FR","01.63Z","IC",60,"GCO2E_EUR",2022,4
"EEIO_DK","FR","01.63Z","PRD",808,"GCO2E_EUR",2022,4
"EEIO_DK","FR","01.64Z","FD",969,"GCO2E_EUR",2022,4
"EEIO_DK","FR","01.64Z","GVA",2830,"GCO2E_EUR",2022,4
"EEIO_DK","FR","01.64Z","IC",60,"GCO2E_EUR",2022,4
"EEIO_DK","FR","01.64Z","PRD",808,"GCO2E_EUR",2022,4
"EEIO_DK","FR","01.70Z","FD",969,"GCO2E_EUR",2022,4
"EEIO_DK","FR","01.70Z","GVA",2830,"GCO2E_EUR",2022,4
"EEIO_DK","FR","01.70Z","IC",60,"GCO2E_EUR",2022,4
"EEIO_DK","FR","01.70Z","PRD",808,"GCO2E_EUR",2022,4
"EEIO_DK","FR","02.10Z","FD",85,"GCO2E_EUR",2022,4
"EEIO_DK","FR","02.10Z","GVA",155,"GCO2E_EUR",2022,4
"EEIO_DK","FR","02.10Z","IC",13,"GCO2E_EUR",2022,4
"EEIO_DK","FR","02.10Z","PRD",85,"GCO2E_EUR",2022,4
"EEIO_DK","FR","02.20Z","FD",85,"GCO2E_EUR",2022,4
"EEIO_DK","FR","02.20Z","GVA",155,"GCO2E_EUR",2022,4
"EEIO_DK","FR","02.20Z","IC",13,"GCO2E_EUR",2022,4
"EEIO_DK","FR","02.20Z","PRD",85,"GCO2E_EUR",2022,4
"EEIO_DK","FR","02.30Z","FD",85,"GCO2E_EUR",2022,4
"EEIO_DK","FR","02.30Z","GVA",155,"GCO2E_EUR",2022,4
"EEIO_DK","FR","02.30Z","IC",13,"GCO2E_EUR",2022,4
"EEIO_DK","FR","02.30Z","PRD",85,"GCO2E_EUR",2022,4
"EEIO_DK","FR","02.40Z","FD",85,"GCO2E_EUR",2022,4
"EEIO_DK","FR","02.40Z","GVA",155,"GCO2E_EUR",2022,4
"EEIO_DK","FR","02.40Z","IC",13,"GCO2E_EUR",2022,4
"EEIO_DK","FR","02.40Z","PRD",85,"GCO2E_EUR",2022,4
"EEIO_DK","FR","03.11Z","FD",532,"GCO2E_EUR",2022,4
"EEIO_DK","FR","03.11Z","GVA",1607,"GCO2E_EUR",2022,4
"EEIO_DK","FR","03.11Z","IC",77,"GCO2E_EUR",2022,4
"EEIO_DK","FR","03.11Z","PRD",529,"GCO2E_EUR",2022,4
"EEIO_DK","FR","03.12Z","FD",532,"GCO2E_EUR",2022,4
"EEIO_DK","FR","03.12Z","GVA",1607,"GCO2E_EUR",2022,4
"EEIO_DK","FR","03.12Z","IC",77,"GCO2E_EUR",2022,4
"EEIO_DK","FR","03.12Z","PRD",529,"GCO2E_EUR",2022,4
"EEIO_DK","FR","03.21Z","FD",532,"GCO2E_EUR",2022,4
"EEIO_DK","FR","03.21Z","GVA",1607,"GCO2E_EUR",2022,4
"EEIO_DK","FR","03.21Z","IC",77,"GCO2E_EUR",2022,4
"EEIO_DK","FR","03.21Z","PRD",529,"GCO2E_EUR",2022,4
"EEIO_DK","FR","03.22Z","FD",532,"GCO2E_EUR",2022,4
"EEIO_DK","FR","03.22Z","GVA",1607,"GCO2E_EUR",2022,4
"EEIO_DK","FR","03.22Z","IC",77,"GCO2E_EUR",2022,4
"EEIO_DK","FR","03.22Z","PRD",529,"GCO2E_EUR",2022,4
"EEIO_DK","FR","06.10Z","FD",59,"GCO2E_EUR",2022,4
"EEIO_DK","FR","06.10Z","GVA",64,"GCO2E_EUR",2022,4
"EEIO_DK","FR","06.10Z","IC",46,"GCO2E_EUR",2022,4
"EEIO_DK","FR","06.10Z","PRD",59,"GCO2E_EUR",2022,4
"EEIO_DK","FR","06.20Z","FD",59,"GCO2E_EUR",2022,4
"EEIO_DK","FR","06.20Z","GVA",64,"GCO2E_EUR",2022,4
"EEIO_DK","FR","06.20Z","IC",46,"GCO2E_EUR",2022,4
"EEIO_DK","FR","06.20Z","PRD",59,"GCO2E_EUR",2022,4
"EEIO_DK","FR","08.11Z","FD",147,"GCO2E_EUR",2022,2
"EEIO_DK","FR","08.11Z","GVA",206,"GCO2E_EUR",2022,2
"EEIO_DK","FR","08.11Z","IC",104,"GCO2E_EUR",2022,2
"EEIO_DK","FR","08.11Z","PRD",135,"GCO2E_EUR",2022,2
"EEIO_DK","FR","08.12Z","FD",147,"GCO2E_EUR",2022,2
"EEIO_DK","FR","08.12Z","GVA",206,"GCO2E_EUR",2022,2
"EEIO_DK","FR","08.12Z","IC",104,"GCO2E_EUR",2022,2
"EEIO_DK","FR","08.12Z","PRD",135,"GCO2E_EUR",2022,2
"EEIO_DK","FR","09.10Z","FD",43,"GCO2E_EUR",2022,4
"EEIO_DK","FR","09.10Z","GVA",2,"GCO2E_EUR",2022,4
"EEIO_DK","FR","09.10Z","IC",81,"GCO2E_EUR",2022,4
"EEIO_DK","FR","09.10Z","PRD",42,"GCO2E_EUR",2022,4
"EEIO_DK","FR","09.90Z","FD",43,"GCO2E_EUR",2022,4
"EEIO_DK","FR","09.90Z","GVA",2,"GCO2E_EUR",2022,4
"EEIO_DK","FR","09.90Z","IC",81,"GCO2E_EUR",2022,4
"EEIO_DK","FR","09.90Z","PRD",42,"GCO2E_EUR",2022,4
"EEIO_DK","FR","10.11Z","FD",430,"GCO2E_EUR",2022,2
"EEIO_DK","FR","10.11Z","GVA",169,"GCO2E_EUR",2022,2
"EEIO_DK","FR","10.11Z","IC",447,"GCO2E_EUR",2022,2
"EEIO_DK","FR","10.11Z","PRD",409,"GCO2E_EUR",2022,2
"EEIO_DK","FR","10.12Z","FD",430,"GCO2E_EUR",2022,2
"EEIO_DK","FR","10.12Z","GVA",169,"GCO2E_EUR",2022,2
"EEIO_DK","FR","10.12Z","IC",447,"GCO2E_EUR",2022,2
"EEIO_DK","FR","10.12Z","PRD",409,"GCO2E_EUR",2022,2
"EEIO_DK","FR","10.13A","FD",430,"GCO2E_EUR",2022,2
"EEIO_DK","FR","10.13A","GVA",169,"GCO2E_EUR",2022,2
"EEIO_DK","FR","10.13A","IC",447,"GCO2E_EUR",2022,2
"EEIO_DK","FR","10.13A","PRD",409,"GCO2E_EUR",2022,2
"EEIO_DK","FR","10.13B","FD",430,"GCO2E_EUR",2022,2
"EEIO_DK","FR","10.13B","GVA",169,"GCO2E_EUR",2022,2
"EEIO_DK","FR","10.13B","IC",447,"GCO2E_EUR",2022,2
"EEIO_DK","FR","10.13B","PRD",409,"GCO2E_EUR",2022,2
"EEIO_DK","FR","10.20Z","FD",240,"GCO2E_EUR",2022,2
"EEIO_DK","FR","10.20Z","GVA",554,"GCO2E_EUR",2022,2
"EEIO_DK","FR","10.20Z","IC",141,"GCO2E_EUR",2022,2
"EEIO_DK","FR","10.20Z","PRD",198,"GCO2E_EUR",2022,2
"EEIO_DK","FR","10.31Z","FD",221,"GCO2E_EUR",2022,3
"EEIO_DK","FR","10.31Z","GVA",283,"GCO2E_EUR",2022,3
"EEIO_DK","FR","10.31Z","IC",167,"GCO2E_EUR",2022,3
"EEIO_DK","FR","10.31Z","PRD",189,"GCO2E_EUR",2022,3
"EEIO_DK","FR","10.32Z","FD",221,"GCO2E_EUR",2022,3
"EEIO_DK","FR","10.32Z","GVA",283,"GCO2E_EUR",2022,3
"EEIO_DK","FR","10.32Z","IC",167,"GCO2E_EUR",2022,3
"EEIO_DK","FR","10.32Z","PRD",189,"GCO2E_EUR",2022,3
"EEIO_DK","FR","10.39A","FD",221,"GCO2E_EUR",2022,3
"EEIO_DK","FR","10.39A","GVA",283,"GCO2E_EUR",2022,3
"EEIO_DK","FR","10.39A","IC",167,"GCO2E_EUR",2022,3
"EEIO_DK","FR","10.39A","PRD",189,"GCO2E_EUR",2022,3
"EEIO_DK","FR","10.39B","FD",221,"GCO2E_EUR",2022,3
"EEIO_DK","FR","10.39B","GVA",283,"GCO2E_EUR",2022,3
"EEIO_DK","FR","10.39B","IC",167,"GCO2E_EUR",2022,3
"EEIO_DK","FR","10.39B","PRD",189,"GCO2E_EUR",2022,3
"EEIO_DK","FR","10.41A","FD",221,"GCO2E_EUR",2022,3
"EEIO_DK","FR","10.41A","GVA",283,"GCO2E_EUR",2022,3
"EEIO_DK","FR","10.41A","IC",167,"GCO2E_EUR",2022,3
"EEIO_DK","FR","10.41A","PRD",189,"GCO2E_EUR",2022,3
"EEIO_DK","FR","10.41B","FD",221,"GCO2E_EUR",2022,3
"EEIO_DK","FR","10.41B","GVA",283,"GCO2E_EUR",2022,3
"EEIO_DK","FR","10.41B","IC",167,"GCO2E_EUR",2022,3
"EEIO_DK","FR","10.41B","PRD",189,"GCO2E_EUR",2022,3
"EEIO_DK","FR","10.42Z","FD",221,"GCO2E_EUR",2022,3
"EEIO_DK","FR","10.42Z","GVA",283,"GCO2E_EUR",2022,3
"EEIO_DK","FR","10.42Z","IC",167,"GCO2E_EUR",2022,3
"EEIO_DK","FR","10.42Z","PRD",189,"GCO2E_EUR",2022,3
"EEIO_DK","FR","10.51A","FD",356,"GCO2E_EUR",2022,2
"EEIO_DK","FR","10.51A","GVA",363,"GCO2E_EUR",2022,2
"EEIO_DK","FR","10.51A","IC",314,"GCO2E_EUR",2022,2
"EEIO_DK","FR","10.51A","PRD",320,"GCO2E_EUR",2022,2
"EEIO_DK","FR","10.51B","FD",356,"GCO2E_EUR",2022,2
"EEIO_DK","FR","10.51B","GVA",363,"GCO2E_EUR",2022,2
"EEIO_DK","FR","10.51B","IC",314,"GCO2E_EUR",2022,2
"EEIO_DK","FR","10.51B","PRD",320,"GCO2E_EUR",2022,2
"EEIO_DK","FR","10.51C","FD",356,"GCO2E_EUR",2022,2
"EEIO_DK","FR","10.51C","GVA",363,"GCO2E_EUR",2022,2
"EEIO_DK","FR","10.51C","IC",314,"GCO2E_EUR",2022,2
"EEIO_DK","FR","10.51C","PRD",320,"GCO2E_EUR",2022,2
"EEIO_DK","FR","10.51D","FD",356,"GCO2E_EUR",2022,2
"EEIO_DK","FR","10.51D","GVA",363,"GCO2E_EUR",2022,2
"EEIO_DK","FR","10.51D","IC",314,"GCO2E_EUR",2022,2
"EEIO_DK","FR","10.51D","PRD",320,"GCO2E_EUR",2022,2
"EEIO_DK","FR","10.52Z","FD",356,"GCO2E_EUR",2022,2
"EEIO_DK","FR","10.52Z","GVA",363,"GCO2E_EUR",2022,2
"EEIO_DK","FR","10.52Z","IC",314,"GCO2E_EUR",2022,2
"EEIO_DK","FR","10.52Z","PRD",320,"GCO2E_EUR",2022,2
"EEIO_DK","FR","10.61A","FD",134,"GCO2E_EUR",2022,2
"EEIO_DK","FR","10.61A","GVA",154,"GCO2E_EUR",2022,2
"EEIO_DK","FR","10.61A","IC",119,"GCO2E_EUR",2022,2
"EEIO_DK","FR","10.61A","PRD",130,"GCO2E_EUR",2022,2
"EEIO_DK","FR","10.61B","FD",134,"GCO2E_EUR",2022,2
"EEIO_DK","FR","10.61B","GVA",154,"GCO2E_EUR",2022,2
"EEIO_DK","FR","10.61B","IC",119,"GCO2E_EUR",2022,2
"EEIO_DK","FR","10.61B","PRD",130,"GCO2E_EUR",2022,2
"EEIO_DK","FR","10.62Z","FD",134,"GCO2E_EUR",2022,2
"EEIO_DK","FR","10.62Z","GVA",154,"GCO2E_EUR",2022,2
"EEIO_DK","FR","10.62Z","IC",119,"GCO2E_EUR",2022,2
"EEIO_DK","FR","10.62Z","PRD",130,"GCO2E_EUR",2022,2
"EEIO_DK","FR","10.71A","FD",134,"GCO2E_EUR",2022,2
"EEIO_DK","FR","10.71A","GVA",154,"GCO2E_EUR",2022,2
"EEIO_DK","FR","10.71A","IC",119,"GCO2E_EUR",2022,2
"EEIO_DK","FR","10.71A","PRD",130,"GCO2E_EUR",2022,2
"EEIO_DK","FR","10.71B","FD",134,"GCO2E_EUR",2022,2
"EEIO_DK","FR","10.71B","GVA",154,"GCO2E_EUR",2022,2
"EEIO_DK","FR","10.71B","IC",119,"GCO2E_EUR",2022,2
"EEIO_DK","FR","10.71B","PRD",130,"GCO2E_EUR",2022,2
"EEIO_DK","FR","10.71C","FD",134,"GCO2E_EUR",2022,2
"EEIO_DK","FR","10.71C","GVA",154,"GCO2E_EUR",2022,2
"EEIO_DK","FR","10.71C","IC",119,"GCO2E_EUR",2022,2
"EEIO_DK","FR","10.71C","PRD",130,"GCO2E_EUR",2022,2
"EEIO_DK","FR","10.71D","FD",134,"GCO2E_EUR",2022,2
"EEIO_DK","FR","10.71D","GVA",154,"GCO2E_EUR",2022,2
"EEIO_DK","FR","10.71D","IC",119,"GCO2E_EUR",2022,2
"EEIO_DK","FR","10.71D","PRD",130,"GCO2E_EUR",2022,2
"EEIO_DK","FR","10.72Z","FD",134,"GCO2E_EUR",2022,2
"EEIO_DK","FR","10.72Z","GVA",154,"GCO2E_EUR",2022,2
"EEIO_DK","FR","10.72Z","IC",119,"GCO2E_EUR",2022,2
"EEIO_DK","FR","10.72Z","PRD",130,"GCO2E_EUR",2022,2
"EEIO_DK","FR","10.73Z","FD",134,"GCO2E_EUR",2022,2
"EEIO_DK","FR","10.73Z","GVA",154,"GCO2E_EUR",2022,2
"EEIO_DK","FR","10.73Z","IC",119,"GCO2E_EUR",2022,2
"EEIO_DK","FR","10.73Z","PRD",130,"GCO2E_EUR",2022,2
"EEIO_DK","FR","10.81Z","FD",221,"GCO2E_EUR",2022,3
"EEIO_DK","FR","10.81Z","GVA",283,"GCO2E_EUR",2022,3
"EEIO_DK","FR","10.81Z","IC",167,"GCO2E_EUR",2022,3
"EEIO_DK","FR","10.81Z","PRD",189,"GCO2E_EUR",2022,3
"EEIO_DK","FR","10.82Z","FD",221,"GCO2E_EUR",2022,3
"EEIO_DK","FR","10.82Z","GVA",283,"GCO2E_EUR",2022,3
"EEIO_DK","FR","10.82Z","IC",167,"GCO2E_EUR",2022,3
"EEIO_DK","FR","10.82Z","PRD",189,"GCO2E_EUR",2022,3
"EEIO_DK","FR","10.83Z","FD",221,"GCO2E_EUR",2022,3
"EEIO_DK","FR","10.83Z","GVA",283,"GCO2E_EUR",2022,3
"EEIO_DK","FR","10.83Z","IC",167,"GCO2E_EUR",2022,3
"EEIO_DK","FR","10.83Z","PRD",189,"GCO2E_EUR",2022,3
"EEIO_DK","FR","10.84Z","FD",221,"GCO2E_EUR",2022,3
"EEIO_DK","FR","10.84Z","GVA",283,"GCO2E_EUR",2022,3
"EEIO_DK","FR","10.84Z","IC",167,"GCO2E_EUR",2022,3
"EEIO_DK","FR","10.84Z","PRD",189,"GCO2E_EUR",2022,3
"EEIO_DK","FR","10.85Z","FD",221,"GCO2E_EUR",2022,3
"EEIO_DK","FR","10.85Z","GVA",283,"GCO2E_EUR",2022,3
"EEIO_DK","FR","10.85Z","IC",167,"GCO2E_EUR",2022,3
"EEIO_DK","FR","10.85Z","PRD",189,"GCO2E_EUR",2022,3
"EEIO_DK","FR","10.86Z","FD",221,"GCO2E_EUR",2022,3
"EEIO_DK","FR","10.86Z","GVA",283,"GCO2E_EUR",2022,3
"EEIO_DK","FR","10.86Z","IC",167,"GCO2E_EUR",2022,3
"EEIO_DK","FR","10.86Z","PRD",189,"GCO2E_EUR",2022,3
"EEIO_DK","FR","10.89Z","FD",221,"GCO2E_EUR",2022,3
"EEIO_DK","FR","10.89Z","GVA",283,"GCO2E_EUR",2022,3
"EEIO_DK","FR","10.89Z","IC",167,"GCO2E_EUR",2022,3
"EEIO_DK","FR","10.89Z","PRD",189,"GCO2E_EUR",2022,3
"EEIO_DK","FR","10.91Z","FD",221,"GCO2E_EUR",2022,3
"EEIO_DK","FR","10.91Z","GVA",283,"GCO2E_EUR",2022,3
"EEIO_DK","FR","10.91Z","IC",167,"GCO2E_EUR",2022,3
"EEIO_DK","FR","10.91Z","PRD",189,"GCO2E_EUR",2022,3
"EEIO_DK","FR","10.92Z","FD",221,"GCO2E_EUR",2022,3
"EEIO_DK","FR","10.92Z","GVA",283,"GCO2E_EUR",2022,3
"EEIO_DK","FR","10.92Z","IC",167,"GCO2E_EUR",2022,3
"EEIO_DK","FR","10.92Z","PRD",189,"GCO2E_EUR",2022,3
"EEIO_DK","FR","11.01Z","FD",167,"GCO2E_EUR",2022,4
"EEIO_DK","FR","11.01Z","GVA",238,"GCO2E_EUR",2022,4
"EEIO_DK","FR","11.01Z","IC",124,"GCO2E_EUR",2022,4
"EEIO_DK","FR","11.01Z","PRD",161,"GCO2E_EUR",2022,4
"EEIO_DK","FR","11.02A","FD",167,"GCO2E_EUR",2022,4
"EEIO_DK","FR","11.02A","GVA",238,"GCO2E_EUR",2022,4
"EEIO_DK","FR","11.02A","IC",124,"GCO2E_EUR",2022,4
"EEIO_DK","FR","11.02A","PRD",161,"GCO2E_EUR",2022,4
"EEIO_DK","FR","11.02B","FD",167,"GCO2E_EUR",2022,4
"EEIO_DK","FR","11.02B","GVA",238,"GCO2E_EUR",2022,4
"EEIO_DK","FR","11.02B","IC",124,"GCO2E_EUR",2022,4
"EEIO_DK","FR","11.02B","PRD",161,"GCO2E_EUR",2022,4
"EEIO_DK","FR","11.03Z","FD",167,"GCO2E_EUR",2022,4
"EEIO_DK","FR","11.03Z","GVA",238,"GCO2E_EUR",2022,4
"EEIO_DK","FR","11.03Z","IC",124,"GCO2E_EUR",2022,4
"EEIO_DK","FR","11.03Z","PRD",161,"GCO2E_EUR",2022,4
"EEIO_DK","FR","11.04Z","FD",167,"GCO2E_EUR",2022,4
"EEIO_DK","FR","11.04Z","GVA",238,"GCO2E_EUR",2022,4
"EEIO_DK","FR","11.04Z","IC",124,"GCO2E_EUR",2022,4
"EEIO_DK","FR","11.04Z","PRD",161,"GCO2E_EUR",2022,4
"EEIO_DK","FR","11.05Z","FD",167,"GCO2E_EUR",2022,4
"EEIO_DK","FR","11.05Z","GVA",238,"GCO2E_EUR",2022,4
"EEIO_DK","FR","11.05Z","IC",124,"GCO2E_EUR",2022,4
"EEIO_DK","FR","11.05Z","PRD",161,"GCO2E_EUR",2022,4
"EEIO_DK","FR","11.06Z","FD",167,"GCO2E_EUR",2022,4
"EEIO_DK","FR","11.06Z","GVA",238,"GCO2E_EUR",2022,4
"EEIO_DK","FR","11.06Z","IC",124,"GCO2E_EUR",2022,4
"EEIO_DK","FR","11.06Z","PRD",161,"GCO2E_EUR",2022,4
"EEIO_DK","FR","11.07A","FD",167,"GCO2E_EUR",2022,4
"EEIO_DK","FR","11.07A","GVA",238,"GCO2E_EUR",2022,4
"EEIO_DK","FR","11.07A","IC",124,"GCO2E_EUR",2022,4
"EEIO_DK","FR","11.07A","PRD",161,"GCO2E_EUR",2022,4
"EEIO_DK","FR","11.07B","FD",167,"GCO2E_EUR",2022,4
"EEIO_DK","FR","11.07B","GVA",238,"GCO2E_EUR",2022,4
"EEIO_DK","FR","11.07B","IC",124,"GCO2E_EUR",2022,4
"EEIO_DK","FR","11.07B","PRD",161,"GCO2E_EUR",2022,4
"EEIO_DK","FR","12.00Z","FD",120,"GCO2E_EUR",2022,4
"EEIO_DK","FR","12.00Z","GVA",69,"GCO2E_EUR",2022,4
"EEIO_DK","FR","12.00Z","IC",168,"GCO2E_EUR",2022,4
"EEIO_DK","FR","12.00Z","PRD",120,"GCO2E_EUR",2022,4
"EEIO_DK","FR","13.10Z","FD",57,"GCO2E_EUR",2022,4
"EEIO_DK","FR","13.10Z","GVA",118,"GCO2E_EUR",2022,4
"EEIO_DK","FR","13.10Z","IC",28,"GCO2E_EUR",2022,4
"EEIO_DK","FR","13.10Z","PRD",53,"GCO2E_EUR",2022,4
"EEIO_DK","FR","13.20Z","FD",57,"GCO2E_EUR",2022,4
"EEIO_DK","FR","13.20Z","GVA",118,"GCO2E_EUR",2022,4
"EEIO_DK","FR","13.20Z","IC",28,"GCO2E_EUR",2022,4
"EEIO_DK","FR","13.20Z","PRD",53,"GCO2E_EUR",2022,4
"EEIO_DK","FR","13.30Z","FD",57,"GCO2E_EUR",2022,4
"EEIO_DK","FR","13.30Z","GVA",118,"GCO2E_EUR",2022,4
"EEIO_DK","FR","13.30Z","IC",28,"GCO2E_EUR",2022,4
"EEIO_DK","FR","13.30Z","PRD",53,"GCO2E_EUR",2022,4
"EEIO_DK","FR","13.91Z","FD",57,"GCO2E_EUR",2022,4
"EEIO_DK","FR","13.91Z","GVA",118,"GCO2E_EUR",2022,4
"EEIO_DK","FR","13.91Z","IC",28,"GCO2E_EUR",2022,4
"EEIO_DK","FR","13.91Z","PRD",53,"GCO2E_EUR",2022,4
"EEIO_DK","FR","13.92Z","FD",57,"GCO2E_EUR",2022,4
"EEIO_DK","FR","13.92Z","GVA",118,"GCO2E_EUR",2022,4
"EEIO_DK","FR","13.92Z","IC",28,"GCO2E_EUR",2022,4
"EEIO_DK","FR","13.92Z","PRD",53,"GCO2E_EUR",2022,4
"EEIO_DK","FR","13.93Z","FD",57,"GCO2E_EUR",2022,4
"EEIO_DK","FR","13.93Z","GVA",118,"GCO2E_EUR",2022,4
"EEIO_DK","FR","13.93Z","IC",28,"GCO2E_EUR",2022,4
"EEIO_DK","FR","13.93Z","PRD",53,"GCO2E_EUR",2022,4
"EEIO_DK","FR","13.94Z","FD",57,"GCO2E_EUR",2022,4
"EEIO_DK","FR","13.94Z","GVA",118,"GCO2E_EUR",2022,4
"EEIO_DK","FR","13.94Z","IC",28,"GCO2E_EUR",2022,4
"EEIO_DK","FR","13.94Z","PRD",53,"GCO2E_EUR",2022,4
"EEIO_DK","FR","13.95Z","FD",57,"GCO2E_EUR",2022,4
"EEIO_DK","FR","13.95Z","GVA",118,"GCO2E_EUR",2022,4
"EEIO_DK","FR","13.95Z","IC",28,"GCO2E_EUR",2022,4
"EEIO_DK","FR","13.95Z","PRD",53,"GCO2E_EUR",2022,4
"EEIO_DK","FR","13.96Z","FD",57,"GCO2E_EUR",2022,4
"EEIO_DK","FR","13.96Z","GVA",118,"GCO2E_EUR",2022,4
"EEIO_DK","FR","13.96Z","IC",28,"GCO2E_EUR",2022,4
"EEIO_DK","FR","13.96Z","PRD",53,"GCO2E_EUR",2022,4
"EEIO_DK","FR","13.99Z","FD",57,"GCO2E_EUR",2022,4
"EEIO_DK","FR","13.99Z","GVA",118,"GCO2E_EUR",2022,4
"EEIO_DK","FR","13.99Z","IC",28,"GCO2E_EUR",2022,4
"EEIO_DK","FR","13.99Z","PRD",53,"GCO2E_EUR",2022,4
"EEIO_DK","FR","14.11Z","FD",27,"GCO2E_EUR",2022,4
"EEIO_DK","FR","14.11Z","GVA",34,"GCO2E_EUR",2022,4
"EEIO_DK","FR","14.11Z","IC",21,"GCO2E_EUR",2022,4
"EEIO_DK","FR","14.11Z","PRD",25,"GCO2E_EUR",2022,4
"EEIO_DK","FR","14.12Z","FD",27,"GCO2E_EUR",2022,4
"EEIO_DK","FR","14.12Z","GVA",34,"GCO2E_EUR",2022,4
"EEIO_DK","FR","14.12Z","IC",21,"GCO2E_EUR",2022,4
"EEIO_DK","FR","14.12Z","PRD",25,"GCO2E_EUR",2022,4
"EEIO_DK","FR","14.13Z","FD",27,"GCO2E_EUR",2022,4
"EEIO_DK","FR","14.13Z","GVA",34,"GCO2E_EUR",2022,4
"EEIO_DK","FR","14.13Z","IC",21,"GCO2E_EUR",2022,4
"EEIO_DK","FR","14.13Z","PRD",25,"GCO2E_EUR",2022,4
"EEIO_DK","FR","14.14Z","FD",27,"GCO2E_EUR",2022,4
"EEIO_DK","FR","14.14Z","GVA",34,"GCO2E_EUR",2022,4
"EEIO_DK","FR","14.14Z","IC",21,"GCO2E_EUR",2022,4
"EEIO_DK","FR","14.14Z","PRD",25,"GCO2E_EUR",2022,4
"EEIO_DK","FR","14.19Z","FD",27,"GCO2E_EUR",2022,4
"EEIO_DK","FR","14.19Z","GVA",34,"GCO2E_EUR",2022,4
"EEIO_DK","FR","14.19Z","IC",21,"GCO2E_EUR",2022,4
"EEIO_DK","FR","14.19Z","PRD",25,"GCO2E_EUR",2022,4
"EEIO_DK","FR","14.20Z","FD",27,"GCO2E_EUR",2022,4
"EEIO_DK","FR","14.20Z","GVA",34,"GCO2E_EUR",2022,4
"EEIO_DK","FR","14.20Z","IC",21,"GCO2E_EUR",2022,4
"EEIO_DK","FR","14.20Z","PRD",25,"GCO2E_EUR",2022,4
"EEIO_DK","FR","14.31Z","FD",27,"GCO2E_EUR",2022,4
"EEIO_DK","FR","14.31Z","GVA",34,"GCO2E_EUR",2022,4
"EEIO_DK","FR","14.31Z","IC",21,"GCO2E_EUR",2022,4
"EEIO_DK","FR","14.31Z","PRD",25,"GCO2E_EUR",2022,4
"EEIO_DK","FR","14.39Z","FD",27,"GCO2E_EUR",2022,4
"EEIO_DK","FR","14.39Z","GVA",34,"GCO2E_EUR",2022,4
"EEIO_DK","FR","14.39Z","IC",21,"GCO2E_EUR",2022,4
"EEIO_DK","FR","14.39Z","PRD",25,"GCO2E_EUR",2022,4
"EEIO_DK","FR","15.11Z","FD",66,"GCO2E_EUR",2022,4
"EEIO_DK","FR","15.11Z","GVA",0,"GCO2E_EUR",2022,4
"EEIO_DK","FR","15.11Z","IC",83,"GCO2E_EUR",2022,4
"EEIO_DK","FR","15.11Z","PRD",65,"GCO2E_EUR",2022,4
"EEIO_DK","FR","15.12Z","FD",66,"GCO2E_EUR",2022,4
"EEIO_DK","FR","15.12Z","GVA",0,"GCO2E_EUR",2022,4
"EEIO_DK","FR","15.12Z","IC",83,"GCO2E_EUR",2022,4
"EEIO_DK","FR","15.12Z","PRD",65,"GCO2E_EUR",2022,4
"EEIO_DK","FR","15.20Z","FD",66,"GCO2E_EUR",2022,4
"EEIO_DK","FR","15.20Z","GVA",0,"GCO2E_EUR",2022,4
"EEIO_DK","FR","15.20Z","IC",83,"GCO2E_EUR",2022,4
"EEIO_DK","FR","15.20Z","PRD",65,"GCO2E_EUR",2022,4
"EEIO_DK","FR","16.10A","FD",63,"GCO2E_EUR",2022,4
"EEIO_DK","FR","16.10A","GVA",72,"GCO2E_EUR",2022,4
"EEIO_DK","FR","16.10A","IC",51,"GCO2E_EUR",2022,4
"EEIO_DK","FR","16.10A","PRD",59,"GCO2E_EUR",2022,4
"EEIO_DK","FR","16.10B","FD",63,"GCO2E_EUR",2022,4
"EEIO_DK","FR","16.10B","GVA",72,"GCO2E_EUR",2022,4
"EEIO_DK","FR","16.10B","IC",51,"GCO2E_EUR",2022,4
"EEIO_DK","FR","16.10B","PRD",59,"GCO2E_EUR",2022,4
"EEIO_DK","FR","16.21Z","FD",63,"GCO2E_EUR",2022,4
"EEIO_DK","FR","16.21Z","GVA",72,"GCO2E_EUR",2022,4
"EEIO_DK","FR","16.21Z","IC",51,"GCO2E_EUR",2022,4
"EEIO_DK","FR","16.21Z","PRD",59,"GCO2E_EUR",2022,4
"EEIO_DK","FR","16.22Z","FD",63,"GCO2E_EUR",2022,4
"EEIO_DK","FR","16.22Z","GVA",72,"GCO2E_EUR",2022,4
"EEIO_DK","FR","16.22Z","IC",51,"GCO2E_EUR",2022,4
"EEIO_DK","FR","16.22Z","PRD",59,"GCO2E_EUR",2022,4
"EEIO_DK","FR","16.23Z","FD",63,"GCO2E_EUR",2022,4
"EEIO_DK","FR","16.23Z","GVA",72,"GCO2E_EUR",2022,4
"EEIO_DK","FR","16.23Z","IC",51,"GCO2E_EUR",2022,4
"EEIO_DK","FR","16.23Z","PRD",59,"GCO2E_EUR",2022,4
"EEIO_DK","FR","16.24Z","FD",63,"GCO2E_EUR",2022,4
"EEIO_DK","FR","16.24Z","GVA",72,"GCO2E_EUR",2022,4
"EEIO_DK","FR","16.24Z","IC",51,"GCO2E_EUR",2022,4
"EEIO_DK","FR","16.24Z","PRD",59,"GCO2E_EUR",2022,4
"EEIO_DK","FR","16.29Z","FD",63,"GCO2E_EUR",2022,4
"EEIO_DK","FR","16.29Z","GVA",72,"GCO2E_EUR",2022,4
"EEIO_DK","FR","16.29Z","IC",51,"GCO2E_EUR",2022,4
"EEIO_DK","FR","16.29Z","PRD",59,"GCO2E_EUR",2022,4
"EEIO_DK","FR","17.11Z","FD",197,"GCO2E_EUR",2022,4
"EEIO_DK","FR","17.11Z","GVA",344,"GCO2E_EUR",2022,4
"EEIO_DK","FR","17.11Z","IC",109,"GCO2E_EUR",2022,4
"EEIO_DK","FR","17.11Z","PRD",188,"GCO2E_EUR",2022,4
"EEIO_DK","FR","17.12Z","FD",197,"GCO2E_EUR",2022,4
"EEIO_DK","FR","17.12Z","GVA",344,"GCO2E_EUR",2022,4
"EEIO_DK","FR","17.12Z","IC",109,"GCO2E_EUR",2022,4
"EEIO_DK","FR","17.12Z","PRD",188,"GCO2E_EUR",2022,4
"EEIO_DK","FR","17.21A","FD",197,"GCO2E_EUR",2022,4
"EEIO_DK","FR","17.21A","GVA",344,"GCO2E_EUR",2022,4
"EEIO_DK","FR","17.21A","IC",109,"GCO2E_EUR",2022,4
"EEIO_DK","FR","17.21A","PRD",188,"GCO2E_EUR",2022,4
"EEIO_DK","FR","17.21B","FD",197,"GCO2E_EUR",2022,4
"EEIO_DK","FR","17.21B","GVA",344,"GCO2E_EUR",2022,4
"EEIO_DK","FR","17.21B","IC",109,"GCO2E_EUR",2022,4
"EEIO_DK","FR","17.21B","PRD",188,"GCO2E_EUR",2022,4
"EEIO_DK","FR","17.21C","FD",197,"GCO2E_EUR",2022,4
"EEIO_DK","FR","17.21C","GVA",344,"GCO2E_EUR",2022,4
"EEIO_DK","FR","17.21C","IC",109,"GCO2E_EUR",2022,4
"EEIO_DK","FR","17.21C","PRD",188,"GCO2E_EUR",2022,4
"EEIO_DK","FR","17.22Z","FD",197,"GCO2E_EUR",2022,4
"EEIO_DK","FR","17.22Z","GVA",344,"GCO2E_EUR",2022,4
"EEIO_DK","FR","17.22Z","IC",109,"GCO2E_EUR",2022,4
"EEIO_DK","FR","17.22Z","PRD",188,"GCO2E_EUR",2022,4
"EEIO_DK","FR","17.23Z","FD",197,"GCO2E_EUR",2022,4
"EEIO_DK","FR","17.23Z","GVA",344,"GCO2E_EUR",2022,4
"EEIO_DK","FR","17.23Z","IC",109,"GCO2E_EUR",2022,4
"EEIO_DK","FR","17.23Z","PRD",188,"GCO2E_EUR",2022,4
"EEIO_DK","FR","17.24Z","FD",197,"GCO2E_EUR",2022,4
"EEIO_DK","FR","17.24Z","GVA",344,"GCO2E_EUR",2022,4
"EEIO_DK","FR","17.24Z","IC",109,"GCO2E_EUR",2022,4
"EEIO_DK","FR","17.24Z","PRD",188,"GCO2E_EUR",2022,4
"EEIO_DK","FR","17.29Z","FD",197,"GCO2E_EUR",2022,4
"EEIO_DK","FR","17.29Z","GVA",344,"GCO2E_EUR",2022,4
"EEIO_DK","FR","17.29Z","IC",109,"GCO2E_EUR",2022,4
"EEIO_DK","FR","17.29Z","PRD",188,"GCO2E_EUR",2022,4
"EEIO_DK","FR","18.11Z","FD",84,"GCO2E_EUR",2022,4
"EEIO_DK","FR","18.11Z","GVA",84,"GCO2E_EUR",2022,4
"EEIO_DK","FR","18.11Z","IC",71,"GCO2E_EUR",2022,4
"EEIO_DK","FR","18.11Z","PRD",75,"GCO2E_EUR",2022,4
"EEIO_DK","FR","18.12Z","FD",84,"GCO2E_EUR",2022,4
"EEIO_DK","FR","18.12Z","GVA",84,"GCO2E_EUR",2022,4
"EEIO_DK","FR","18.12Z","IC",71,"GCO2E_EUR",2022,4
"EEIO_DK","FR","18.12Z","PRD",75,"GCO2E_EUR",2022,4
"EEIO_DK","FR","18.13Z","FD",84,"GCO2E_EUR",2022,4
"EEIO_DK","FR","18.13Z","GVA",84,"GCO2E_EUR",2022,4
"EEIO_DK","FR","18.13Z","IC",71,"GCO2E_EUR",2022,4
"EEIO_DK","FR","18.13Z","PRD",75,"GCO2E_EUR",2022,4
"EEIO_DK","FR","18.14Z","FD",84,"GCO2E_EUR",2022,4
"EEIO_DK","FR","18.14Z","GVA",84,"GCO2E_EUR",2022,4
"EEIO_DK","FR","18.14Z","IC",71,"GCO2E_EUR",2022,4
"EEIO_DK","FR","18.14Z","PRD",75,"GCO2E_EUR",2022,4
"EEIO_DK","FR","18.20Z","FD",84,"GCO2E_EUR",2022,4
"EEIO_DK","FR","18.20Z","GVA",84,"GCO2E_EUR",2022,4
"EEIO_DK","FR","18.20Z","IC",71,"GCO2E_EUR",2022,4
"EEIO_DK","FR","18.20Z","PRD",75,"GCO2E_EUR",2022,4
"EEIO_DK","FR","19.10Z","FD",212,"GCO2E_EUR",2022,4
"EEIO_DK","FR","19.10Z","GVA",1717,"GCO2E_EUR",2022,4
"EEIO_DK","FR","19.10Z","IC",34,"GCO2E_EUR",2022,4
"EEIO_DK","FR","19.10Z","PRD",208,"GCO2E_EUR",2022,4
"EEIO_DK","FR","19.20Z","FD",212,"GCO2E_EUR",2022,4
"EEIO_DK","FR","19.20Z","GVA",1717,"GCO2E_EUR",2022,4
"EEIO_DK","FR","19.20Z","IC",34,"GCO2E_EUR",2022,4
"EEIO_DK","FR","19.20Z","PRD",208,"GCO2E_EUR",2022,4
"EEIO_DK","FR","20.11Z","FD",198,"GCO2E_EUR",2022,2
"EEIO_DK","FR","20.11Z","GVA",395,"GCO2E_EUR",2022,2
"EEIO_DK","FR","20.11Z","IC",23,"GCO2E_EUR",2022,2
"EEIO_DK","FR","20.11Z","PRD",194,"GCO2E_EUR",2022,2
"EEIO_DK","FR","20.12Z","FD",198,"GCO2E_EUR",2022,2
"EEIO_DK","FR","20.12Z","GVA",395,"GCO2E_EUR",2022,2
"EEIO_DK","FR","20.12Z","IC",23,"GCO2E_EUR",2022,2
"EEIO_DK","FR","20.12Z","PRD",194,"GCO2E_EUR",2022,2
"EEIO_DK","FR","20.13A","FD",198,"GCO2E_EUR",2022,2
"EEIO_DK","FR","20.13A","GVA",395,"GCO2E_EUR",2022,2
"EEIO_DK","FR","20.13A","IC",23,"GCO2E_EUR",2022,2
"EEIO_DK","FR","20.13A","PRD",194,"GCO2E_EUR",2022,2
"EEIO_DK","FR","20.13B","FD",198,"GCO2E_EUR",2022,2
"EEIO_DK","FR","20.13B","GVA",395,"GCO2E_EUR",2022,2
"EEIO_DK","FR","20.13B","IC",23,"GCO2E_EUR",2022,2
"EEIO_DK","FR","20.13B","PRD",194,"GCO2E_EUR",2022,2
"EEIO_DK","FR","20.14Z","FD",198,"GCO2E_EUR",2022,2
"EEIO_DK","FR","20.14Z","GVA",395,"GCO2E_EUR",2022,2
"EEIO_DK","FR","20.14Z","IC",23,"GCO2E_EUR",2022,2
"EEIO_DK","FR","20.14Z","PRD",194,"GCO2E_EUR",2022,2
"EEIO_DK","FR","20.15Z","FD",198,"GCO2E_EUR",2022,2
"EEIO_DK","FR","20.15Z","GVA",395,"GCO2E_EUR",2022,2
"EEIO_DK","FR","20.15Z","IC",23,"GCO2E_EUR",2022,2
"EEIO_DK","FR","20.15Z","PRD",194,"GCO2E_EUR",2022,2
"EEIO_DK","FR","20.16Z","FD",198,"GCO2E_EUR",2022,2
"EEIO_DK","FR","20.16Z","GVA",395,"GCO2E_EUR",2022,2
"EEIO_DK","FR","20.16Z","IC",23,"GCO2E_EUR",2022,2
"EEIO_DK","FR","20.16Z","PRD",194,"GCO2E_EUR",2022,2
"EEIO_DK","FR","20.17Z","FD",198,"GCO2E_EUR",2022,2
"EEIO_DK","FR","20.17Z","GVA",395,"GCO2E_EUR",2022,2
"EEIO_DK","FR","20.17Z","IC",23,"GCO2E_EUR",2022,2
"EEIO_DK","FR","20.17Z","PRD",194,"GCO2E_EUR",2022,2
"EEIO_DK","FR","20.20Z","FD",198,"GCO2E_EUR",2022,2
"EEIO_DK","FR","20.20Z","GVA",395,"GCO2E_EUR",2022,2
"EEIO_DK","FR","20.20Z","IC",23,"GCO2E_EUR",2022,2
"EEIO_DK","FR","20.20Z","PRD",194,"GCO2E_EUR",2022,2
"EEIO_DK","FR","20.30Z","FD",244,"GCO2E_EUR",2022,2
"EEIO_DK","FR","20.30Z","GVA",589,"GCO2E_EUR",2022,2
"EEIO_DK","FR","20.30Z","IC",29,"GCO2E_EUR",2022,2
"EEIO_DK","FR","20.30Z","PRD",242,"GCO2E_EUR",2022,2
"EEIO_DK","FR","20.41Z","FD",244,"GCO2E_EUR",2022,2
"EEIO_DK","FR","20.41Z","GVA",589,"GCO2E_EUR",2022,2
"EEIO_DK","FR","20.41Z","IC",29,"GCO2E_EUR",2022,2
"EEIO_DK","FR","20.41Z","PRD",242,"GCO2E_EUR",2022,2
"EEIO_DK","FR","20.42Z","FD",244,"GCO2E_EUR",2022,2
"EEIO_DK","FR","20.42Z","GVA",589,"GCO2E_EUR",2022,2
"EEIO_DK","FR","20.42Z","IC",29,"GCO2E_EUR",2022,2
"EEIO_DK","FR","20.42Z","PRD",242,"GCO2E_EUR",2022,2
"EEIO_DK","FR","21.10Z","FD",35,"GCO2E_EUR",2022,4
"EEIO_DK","FR","21.10Z","GVA",50,"GCO2E_EUR",2022,4
"EEIO_DK","FR","21.10Z","IC",12,"GCO2E_EUR",2022,4
"EEIO_DK","FR","21.10Z","PRD",35,"GCO2E_EUR",2022,4
"EEIO_DK","FR","21.20Z","FD",35,"GCO2E_EUR",2022,4
"EEIO_DK","FR","21.20Z","GVA",50,"GCO2E_EUR",2022,4
"EEIO_DK","FR","21.20Z","IC",12,"GCO2E_EUR",2022,4
"EEIO_DK","FR","21.20Z","PRD",35,"GCO2E_EUR",2022,4
"EEIO_DK","FR","22.11Z","FD",60,"GCO2E_EUR",2022,4
"EEIO_DK","FR","22.11Z","GVA",86,"GCO2E_EUR",2022,4
"EEIO_DK","FR","22.11Z","IC",44,"GCO2E_EUR",2022,4
"EEIO_DK","FR","22.11Z","PRD",58,"GCO2E_EUR",2022,4
"EEIO_DK","FR","22.19Z","FD",60,"GCO2E_EUR",2022,4
"EEIO_DK","FR","22.19Z","GVA",86,"GCO2E_EUR",2022,4
"EEIO_DK","FR","22.19Z","IC",44,"GCO2E_EUR",2022,4
"EEIO_DK","FR","22.19Z","PRD",58,"GCO2E_EUR",2022,4
"EEIO_DK","FR","22.21Z","FD",60,"GCO2E_EUR",2022,4
"EEIO_DK","FR","22.21Z","GVA",86,"GCO2E_EUR",2022,4
"EEIO_DK","FR","22.21Z","IC",44,"GCO2E_EUR",2022,4
"EEIO_DK","FR","22.21Z","PRD",58,"GCO2E_EUR",2022,4
"EEIO_DK","FR","22.22Z","FD",60,"GCO2E_EUR",2022,4
"EEIO_DK","FR","22.22Z","GVA",86,"GCO2E_EUR",2022,4
"EEIO_DK","FR","22.22Z","IC",44,"GCO2E_EUR",2022,4
"EEIO_DK","FR","22.22Z","PRD",58,"GCO2E_EUR",2022,4
"EEIO_DK","FR","22.23Z","FD",60,"GCO2E_EUR",2022,4
"EEIO_DK","FR","22.23Z","GVA",86,"GCO2E_EUR",2022,4
"EEIO_DK","FR","22.23Z","IC",44,"GCO2E_EUR",2022,4
"EEIO_DK","FR","22.23Z","PRD",58,"GCO2E_EUR",2022,4
"EEIO_DK","FR","22.29A","FD",60,"GCO2E_EUR",2022,4
"EEIO_DK","FR","22.29A","GVA",86,"GCO2E_EUR",2022,4
"EEIO_DK","FR","22.29A","IC",44,"GCO2E_EUR",2022,4
"EEIO_DK","FR","22.29A","PRD",58,"GCO2E_EUR",2022,4
"EEIO_DK","FR","22.29B","FD",60,"GCO2E_EUR",2022,4
"EEIO_DK","FR","22.29B","GVA",86,"GCO2E_EUR",2022,4
"EEIO_DK","FR","22.29B","IC",44,"GCO2E_EUR",2022,4
"EEIO_DK","FR","22.29B","PRD",58,"GCO2E_EUR",2022,4
"EEIO_DK","FR","23.11Z","FD",194,"GCO2E_EUR",2022,2
"EEIO_DK","FR","23.11Z","GVA",463,"GCO2E_EUR",2022,2
"EEIO_DK","FR","23.11Z","IC",36,"GCO2E_EUR",2022,2
"EEIO_DK","FR","23.11Z","PRD",190,"GCO2E_EUR",2022,2
"EEIO_DK","FR","23.12Z","FD",194,"GCO2E_EUR",2022,2
"EEIO_DK","FR","23.12Z","GVA",463,"GCO2E_EUR",2022,2
"EEIO_DK","FR","23.12Z","IC",36,"GCO2E_EUR",2022,2
"EEIO_DK","FR","23.12Z","PRD",190,"GCO2E_EUR",2022,2
"EEIO_DK","FR","23.13Z","FD",194,"GCO2E_EUR",2022,2
"EEIO_DK","FR","23.13Z","GVA",463,"GCO2E_EUR",2022,2
"EEIO_DK","FR","23.13Z","IC",36,"GCO2E_EUR",2022,2
"EEIO_DK","FR","23.13Z","PRD",190,"GCO2E_EUR",2022,2
"EEIO_DK","FR","23.14Z","FD",194,"GCO2E_EUR",2022,2
"EEIO_DK","FR","23.14Z","GVA",463,"GCO2E_EUR",2022,2
"EEIO_DK","FR","23.14Z","IC",36,"GCO2E_EUR",2022,2
"EEIO_DK","FR","23.14Z","PRD",190,"GCO2E_EUR",2022,2
"EEIO_DK","FR","23.19Z","FD",194,"GCO2E_EUR",2022,2
"EEIO_DK","FR","23.19Z","GVA",463,"GCO2E_EUR",2022,2
"EEIO_DK","FR","23.19Z","IC",36,"GCO2E_EUR",2022,2
"EEIO_DK","FR","23.19Z","PRD",190,"GCO2E_EUR",2022,2
"EEIO_DK","FR","23.20Z","FD",194,"GCO2E_EUR",2022,2
"EEIO_DK","FR","23.20Z","GVA",463,"GCO2E_EUR",2022,2
"EEIO_DK","FR","23.20Z","IC",36,"GCO2E_EUR",2022,2
"EEIO_DK","FR","23.20Z","PRD",190,"GCO2E_EUR",2022,2
"EEIO_DK","FR","23.31Z","FD",194,"GCO2E_EUR",2022,2
"EEIO_DK","FR","23.31Z","GVA",463,"GCO2E_EUR",2022,2
"EEIO_DK","FR","23.31Z","IC",36,"GCO2E_EUR",2022,2
"EEIO_DK","FR","23.31Z","PRD",190,"GCO2E_EUR",2022,2
"EEIO_DK","FR","23.32Z","FD",194,"GCO2E_EUR",2022,3
"EEIO_DK","FR","23.32Z","GVA",463,"GCO2E_EUR",2022,3
"EEIO_DK","FR","23.32Z","IC",36,"GCO2E_EUR",2022,3
"EEIO_DK","FR","23.32Z","PRD",190,"GCO2E_EUR",2022,3
"EEIO_DK","FR","23.41Z","FD",194,"GCO2E_EUR",2022,2
"EEIO_DK","FR","23.41Z","GVA",463,"GCO2E_EUR",2022,2
"EEIO_DK","FR","23.41Z","IC",36,"GCO2E_EUR",2022,2
"EEIO_DK","FR","23.41Z","PRD",190,"GCO2E_EUR",2022,2
"EEIO_DK","FR","23.42Z","FD",194,"GCO2E_EUR",2022,2
"EEIO_DK","FR","23.42Z","GVA",463,"GCO2E_EUR",2022,2
"EEIO_DK","FR","23.42Z","IC",36,"GCO2E_EUR",2022,2
"EEIO_DK","FR","23.42Z","PRD",190,"GCO2E_EUR",2022,2
"EEIO_DK","FR","23.43Z","FD",194,"GCO2E_EUR",2022,2
"EEIO_DK","FR","23.43Z","GVA",463,"GCO2E_EUR",2022,2
"EEIO_DK","FR","23.43Z","IC",36,"GCO2E_EUR",2022,2
"EEIO_DK","FR","23.43Z","PRD",190,"GCO2E_EUR",2022,2
"EEIO_DK","FR","23.44Z","FD",194,"GCO2E_EUR",2022,2
"EEIO_DK","FR","23.44Z","GVA",463,"GCO2E_EUR",2022,2
"EEIO_DK","FR","23.44Z","IC",36,"GCO2E_EUR",2022,2
"EEIO_DK","FR","23.44Z","PRD",190,"GCO2E_EUR",2022,2
"EEIO_DK","FR","23.49Z","FD",194,"GCO2E_EUR",2022,2
"EEIO_DK","FR","23.49Z","GVA",463,"GCO2E_EUR",2022,2
"EEIO_DK","FR","23.49Z","IC",36,"GCO2E_EUR",2022,2
"EEIO_DK","FR","23.49Z","PRD",190,"GCO2E_EUR",2022,2
"EEIO_DK","FR","23.51Z","FD",703,"GCO2E_EUR",2022,2
"EEIO_DK","FR","23.51Z","GVA",1808,"GCO2E_EUR",2022,2
"EEIO_DK","FR","23.51Z","IC",28,"GCO2E_EUR",2022,2
"EEIO_DK","FR","23.51Z","PRD",687,"GCO2E_EUR",2022,2
"EEIO_DK","FR","23.52Z","FD",703,"GCO2E_EUR",2022,2
"EEIO_DK","FR","23.52Z","GVA",1808,"GCO2E_EUR",2022,2
"EEIO_DK","FR","23.52Z","IC",28,"GCO2E_EUR",2022,2
"EEIO_DK","FR","23.52Z","PRD",687,"GCO2E_EUR",2022,2
"EEIO_DK","FR","23.61Z","FD",703,"GCO2E_EUR",2022,2
"EEIO_DK","FR","23.61Z","GVA",1808,"GCO2E_EUR",2022,2
"EEIO_DK","FR","23.61Z","IC",28,"GCO2E_EUR",2022,2
"EEIO_DK","FR","23.61Z","PRD",687,"GCO2E_EUR",2022,2
"EEIO_DK","FR","23.62Z","FD",703,"GCO2E_EUR",2022,2
"EEIO_DK","FR","23.62Z","GVA",1808,"GCO2E_EUR",2022,2
"EEIO_DK","FR","23.62Z","IC",28,"GCO2E_EUR",2022,2
"EEIO_DK","FR","23.62Z","PRD",687,"GCO2E_EUR",2022,2
"EEIO_DK","FR","23.63Z","FD",703,"GCO2E_EUR",2022,2
"EEIO_DK","FR","23.63Z","GVA",1808,"GCO2E_EUR",2022,2
"EEIO_DK","FR","23.63Z","IC",28,"GCO2E_EUR",2022,2
"EEIO_DK","FR","23.63Z","PRD",687,"GCO2E_EUR",2022,2
"EEIO_DK","FR","23.64Z","FD",703,"GCO2E_EUR",2022,2
"EEIO_DK","FR","23.64Z","GVA",1808,"GCO2E_EUR",2022,2
"EEIO_DK","FR","23.64Z","IC",28,"GCO2E_EUR",2022,2
"EEIO_DK","FR","23.64Z","PRD",687,"GCO2E_EUR",2022,2
"EEIO_DK","FR","23.65Z","FD",703,"GCO2E_EUR",2022,2
"EEIO_DK","FR","23.65Z","GVA",1808,"GCO2E_EUR",2022,2
"EEIO_DK","FR","23.65Z","IC",28,"GCO2E_EUR",2022,2
"EEIO_DK","FR","23.65Z","PRD",687,"GCO2E_EUR",2022,2
"EEIO_DK","FR","23.69Z","FD",703,"GCO2E_EUR",2022,2
"EEIO_DK","FR","23.69Z","GVA",1808,"GCO2E_EUR",2022,2
"EEIO_DK","FR","23.69Z","IC",28,"GCO2E_EUR",2022,2
"EEIO_DK","FR","23.69Z","PRD",687,"GCO2E_EUR",2022,2
"EEIO_DK","FR","23.70Z","FD",703,"GCO2E_EUR",2022,2
"EEIO_DK","FR","23.70Z","GVA",1808,"GCO2E_EUR",2022,2
"EEIO_DK","FR","23.70Z","IC",28,"GCO2E_EUR",2022,2
"EEIO_DK","FR","23.70Z","PRD",687,"GCO2E_EUR",2022,2
"EEIO_DK","FR","23.91Z","FD",703,"GCO2E_EUR",2022,2
"EEIO_DK","FR","23.91Z","GVA",1808,"GCO2E_EUR",2022,2
"EEIO_DK","FR","23.91Z","IC",28,"GCO2E_EUR",2022,2
"EEIO_DK","FR","23.91Z","PRD",687,"GCO2E_EUR",2022,2
"EEIO_DK","FR","23.99Z","FD",703,"GCO2E_EUR",2022,2
"EEIO_DK","FR","23.99Z","GVA",1808,"GCO2E_EUR",2022,2
"EEIO_DK","FR","23.99Z","IC",28,"GCO2E_EUR",2022,2
"EEIO_DK","FR","23.99Z","PRD",687,"GCO2E_EUR",2022,2
"EEIO_DK","FR","24.10Z","FD",463,"GCO2E_EUR",2022,4
"EEIO_DK","FR","24.10Z","GVA",1655,"GCO2E_EUR",2022,4
"EEIO_DK","FR","24.10Z","IC",18,"GCO2E_EUR",2022,4
"EEIO_DK","FR","24.10Z","PRD",444,"GCO2E_EUR",2022,4
"EEIO_DK","FR","24.20Z","FD",463,"GCO2E_EUR",2022,4
"EEIO_DK","FR","24.20Z","GVA",1655,"GCO2E_EUR",2022,4
"EEIO_DK","FR","24.20Z","IC",18,"GCO2E_EUR",2022,4
"EEIO_DK","FR","24.20Z","PRD",444,"GCO2E_EUR",2022,4
"EEIO_DK","FR","24.31Z","FD",463,"GCO2E_EUR",2022,4
"EEIO_DK","FR","24.31Z","GVA",1655,"GCO2E_EUR",2022,4
"EEIO_DK","FR","24.31Z","IC",18,"GCO2E_EUR",2022,4
"EEIO_DK","FR","24.31Z","PRD",444,"GCO2E_EUR",2022,4
"EEIO_DK","FR","24.32Z","FD",463,"GCO2E_EUR",2022,4
"EEIO_DK","FR","24.32Z","GVA",1655,"GCO2E_EUR",2022,4
"EEIO_DK","FR","24.32Z","IC",18,"GCO2E_EUR",2022,4
"EEIO_DK","FR","24.32Z","PRD",444,"GCO2E_EUR",2022,4
"EEIO_DK","FR","24.33Z","FD",463,"GCO2E_EUR",2022,4
"EEIO_DK","FR","24.33Z","GVA",1655,"GCO2E_EUR",2022,4
"EEIO_DK","FR","24.33Z","IC",18,"GCO2E_EUR",2022,4
"EEIO_DK","FR","24.33Z","PRD",444,"GCO2E_EUR",2022,4
"EEIO_DK","FR","24.34Z","FD",463,"GCO2E_EUR",2022,4
"EEIO_DK","FR","24.34Z","GVA",1655,"GCO2E_EUR",2022,4
"EEIO_DK","FR","24.34Z","IC",18,"GCO2E_EUR",2022,4
"EEIO_DK","FR","24.34Z","PRD",444,"GCO2E_EUR",2022,4
"EEIO_DK","FR","24.41Z","FD",463,"GCO2E_EUR",2022,4
"EEIO_DK","FR","24.41Z","GVA",1655,"GCO2E_EUR",2022,4
"EEIO_DK","FR","24.41Z","IC",18,"GCO2E_EUR",2022,4
"EEIO_DK","FR","24.41Z","PRD",444,"GCO2E_EUR",2022,4
"EEIO_DK","FR","24.42Z","FD",463,"GCO2E_EUR",2022,4
"EEIO_DK","FR","24.42Z","GVA",1655,"GCO2E_EUR",2022,4
"EEIO_DK","FR","24.42Z","IC",18,"GCO2E_EUR",2022,4
"EEIO_DK","FR","24.42Z","PRD",444,"GCO2E_EUR",2022,4
"EEIO_DK","FR","24.43Z","FD",463,"GCO2E_EUR",2022,4
"EEIO_DK","FR","24.43Z","GVA",1655,"GCO2E_EUR",2022,4
"EEIO_DK","FR","24.43Z","IC",18,"GCO2E_EUR",2022,4
"EEIO_DK","FR","24.43Z","PRD",444,"GCO2E_EUR",2022,4
"EEIO_DK","FR","24.44Z","FD",463,"GCO2E_EUR",2022,4
"EEIO_DK","FR","24.44Z","GVA",1655,"GCO2E_EUR",2022,4
"EEIO_DK","FR","24.44Z","IC",18,"GCO2E_EUR",2022,4
"EEIO_DK","FR","24.44Z","PRD",444,"GCO2E_EUR",2022,4
"EEIO_DK","FR","24.45Z","FD",463,"GCO2E_EUR",2022,4
"EEIO_DK","FR","24.45Z","GVA",1655,"GCO2E_EUR",2022,4
"EEIO_DK","FR","24.45Z","IC",18,"GCO2E_EUR",2022,4
"EEIO_DK","FR","24.45Z","PRD",444,"GCO2E_EUR",2022,4
"EEIO_DK","FR","24.46Z","FD",463,"GCO2E_EUR",2022,4
"EEIO_DK","FR","24.46Z","GVA",1655,"GCO2E_EUR",2022,4
"EEIO_DK","FR","24.46Z","IC",18,"GCO2E_EUR",2022,4
"EEIO_DK","FR","24.46Z","PRD",444,"GCO2E_EUR",2022,4
"EEIO_DK","FR","24.51Z","FD",463,"GCO2E_EUR",2022,4
"EEIO_DK","FR","24.51Z","GVA",1655,"GCO2E_EUR",2022,4
"EEIO_DK","FR","24.51Z","IC",18,"GCO2E_EUR",2022,4
"EEIO_DK","FR","24.51Z","PRD",444,"GCO2E_EUR",2022,4
"EEIO_DK","FR","24.52Z","FD",463,"GCO2E_EUR",2022,4
"EEIO_DK","FR","24.52Z","GVA",1655,"GCO2E_EUR",2022,4
"EEIO_DK","FR","24.52Z","IC",18,"GCO2E_EUR",2022,4
"EEIO_DK","FR","24.52Z","PRD",444,"GCO2E_EUR",2022,4
"EEIO_DK","FR","24.53Z","FD",463,"GCO2E_EUR",2022,4
"EEIO_DK","FR","24.53Z","GVA",1655,"GCO2E_EUR",2022,4
"EEIO_DK","FR","24.53Z","IC",18,"GCO2E_EUR",2022,4
"EEIO_DK","FR","24.53Z","PRD",444,"GCO2E_EUR",2022,4
"EEIO_DK","FR","24.54Z","FD",463,"GCO2E_EUR",2022,4
"EEIO_DK","FR","24.54Z","GVA",1655,"GCO2E_EUR",2022,4
"EEIO_DK","FR","24.54Z","IC",18,"GCO2E_EUR",2022,4
"EEIO_DK","FR","24.54Z","PRD",444,"GCO2E_EUR",2022,4
"EEIO_DK","FR","25.11Z","FD",26,"GCO2E_EUR",2022,4
"EEIO_DK","FR","25.11Z","GVA",51,"GCO2E_EUR",2022,4
"EEIO_DK","FR","25.11Z","IC",12,"GCO2E_EUR",2022,4
"EEIO_DK","FR","25.11Z","PRD",26,"GCO2E_EUR",2022,4
"EEIO_DK","FR","25.12Z","FD",26,"GCO2E_EUR",2022,4
"EEIO_DK","FR","25.12Z","GVA",51,"GCO2E_EUR",2022,4
"EEIO_DK","FR","25.12Z","IC",12,"GCO2E_EUR",2022,4
"EEIO_DK","FR","25.12Z","PRD",26,"GCO2E_EUR",2022,4
"EEIO_DK","FR","25.21Z","FD",26,"GCO2E_EUR",2022,4
"EEIO_DK","FR","25.21Z","GVA",51,"GCO2E_EUR",2022,4
"EEIO_DK","FR","25.21Z","IC",12,"GCO2E_EUR",2022,4
"EEIO_DK","FR","25.21Z","PRD",26,"GCO2E_EUR",2022,4
"EEIO_DK","FR","25.29Z","FD",26,"GCO2E_EUR",2022,4
"EEIO_DK","FR","25.29Z","GVA",51,"GCO2E_EUR",2022,4
"EEIO_DK","FR","25.29Z","IC",12,"GCO2E_EUR",2022,4
"EEIO_DK","FR","25.29Z","PRD",26,"GCO2E_EUR",2022,4
"EEIO_DK","FR","25.30Z","FD",26,"GCO2E_EUR",2022,4
"EEIO_DK","FR","25.30Z","GVA",51,"GCO2E_EUR",2022,4
"EEIO_DK","FR","25.30Z","IC",12,"GCO2E_EUR",2022,4
"EEIO_DK","FR","25.30Z","PRD",26,"GCO2E_EUR",2022,4
"EEIO_DK","FR","25.40Z","FD",26,"GCO2E_EUR",2022,4
"EEIO_DK","FR","25.40Z","GVA",51,"GCO2E_EUR",2022,4
"EEIO_DK","FR","25.40Z","IC",12,"GCO2E_EUR",2022,4
"EEIO_DK","FR","25.40Z","PRD",26,"GCO2E_EUR",2022,4
"EEIO_DK","FR","25.50A","FD",26,"GCO2E_EUR",2022,4
"EEIO_DK","FR","25.50A","GVA",51,"GCO2E_EUR",2022,4
"EEIO_DK","FR","25.50A","IC",12,"GCO2E_EUR",2022,4
"EEIO_DK","FR","25.50A","PRD",26,"GCO2E_EUR",2022,4
"EEIO_DK","FR","25.50B","FD",26,"GCO2E_EUR",2022,4
"EEIO_DK","FR","25.50B","GVA",51,"GCO2E_EUR",2022,4
"EEIO_DK","FR","25.50B","IC",12,"GCO2E_EUR",2022,4
"EEIO_DK","FR","25.50B","PRD",26,"GCO2E_EUR",2022,4
"EEIO_DK","FR","25.61Z","FD",26,"GCO2E_EUR",2022,4
"EEIO_DK","FR","25.61Z","GVA",51,"GCO2E_EUR",2022,4
"EEIO_DK","FR","25.61Z","IC",12,"GCO2E_EUR",2022,4
"EEIO_DK","FR","25.61Z","PRD",26,"GCO2E_EUR",2022,4
"EEIO_DK","FR","25.62A","FD",26,"GCO2E_EUR",2022,4
"EEIO_DK","FR","25.62A","GVA",51,"GCO2E_EUR",2022,4
"EEIO_DK","FR","25.62A","IC",12,"GCO2E_EUR",2022,4
"EEIO_DK","FR","25.62A","PRD",26,"GCO2E_EUR",2022,4
"EEIO_DK","FR","25.62B","FD",26,"GCO2E_EUR",2022,4
"EEIO_DK","FR","25.62B","GVA",51,"GCO2E_EUR",2022,4
"EEIO_DK","FR","25.62B","IC",12,"GCO2E_EUR",2022,4
"EEIO_DK","FR","25.62B","PRD",26,"GCO2E_EUR",2022,4
"EEIO_DK","FR","25.71Z","FD",26,"GCO2E_EUR",2022,4
"EEIO_DK","FR","25.71Z","GVA",51,"GCO2E_EUR",2022,4
"EEIO_DK","FR","25.71Z","IC",12,"GCO2E_EUR",2022,4
"EEIO_DK","FR","25.71Z","PRD",26,"GCO2E_EUR",2022,4
"EEIO_DK","FR","25.72Z","FD",26,"GCO2E_EUR",2022,4
"EEIO_DK","FR","25.72Z","GVA",51,"GCO2E_EUR",2022,4
"EEIO_DK","FR","25.72Z","IC",12,"GCO2E_EUR",2022,4
"EEIO_DK","FR","25.72Z","PRD",26,"GCO2E_EUR",2022,4
"EEIO_DK","FR","25.73A","FD",26,"GCO2E_EUR",2022,4
"EEIO_DK","FR","25.73A","GVA",51,"GCO2E_EUR",2022,4
"EEIO_DK","FR","25.73A","IC",12,"GCO2E_EUR",2022,4
"EEIO_DK","FR","25.73A","PRD",26,"GCO2E_EUR",2022,4
"EEIO_DK","FR","25.73B","FD",26,"GCO2E_EUR",2022,4
"EEIO_DK","FR","25.73B","GVA",51,"GCO2E_EUR",2022,4
"EEIO_DK","FR","25.73B","IC",12,"GCO2E_EUR",2022,4
"EEIO_DK","FR","25.73B","PRD",26,"GCO2E_EUR",2022,4
"EEIO_DK","FR","25.91Z","FD",26,"GCO2E_EUR",2022,4
"EEIO_DK","FR","25.91Z","GVA",51,"GCO2E_EUR",2022,4
"EEIO_DK","FR","25.91Z","IC",12,"GCO2E_EUR",2022,4
"EEIO_DK","FR","25.91Z","PRD",26,"GCO2E_EUR",2022,4
"EEIO_DK","FR","25.92Z","FD",26,"GCO2E_EUR",2022,4
"EEIO_DK","FR","25.92Z","GVA",51,"GCO2E_EUR",2022,4
"EEIO_DK","FR","25.92Z","IC",12,"GCO2E_EUR",2022,4
"EEIO_DK","FR","25.92Z","PRD",26,"GCO2E_EUR",2022,4
"EEIO_DK","FR","25.93Z","FD",26,"GCO2E_EUR",2022,4
"EEIO_DK","FR","25.93Z","GVA",51,"GCO2E_EUR",2022,4
"EEIO_DK","FR","25.93Z","IC",12,"GCO2E_EUR",2022,4
"EEIO_DK","FR","25.93Z","PRD",26,"GCO2E_EUR",2022,4
"EEIO_DK","FR","25.94Z","FD",26,"GCO2E_EUR",2022,4
"EEIO_DK","FR","25.94Z","GVA",51,"GCO2E_EUR",2022,4
"EEIO_DK","FR","25.94Z","IC",12,"GCO2E_EUR",2022,4
"EEIO_DK","FR","25.94Z","PRD",26,"GCO2E_EUR",2022,4
"EEIO_DK","FR","25.99A","FD",26,"GCO2E_EUR",2022,4
"EEIO_DK","FR","25.99A","GVA",51,"GCO2E_EUR",2022,4
"EEIO_DK","FR","25.99A","IC",12,"GCO2E_EUR",2022,4
"EEIO_DK","FR","25.99A","PRD",26,"GCO2E_EUR",2022,4
"EEIO_DK","FR","25.99B","FD",26,"GCO2E_EUR",2022,4
"EEIO_DK","FR","25.99B","GVA",51,"GCO2E_EUR",2022,4
"EEIO_DK","FR","25.99B","IC",12,"GCO2E_EUR",2022,4
"EEIO_DK","FR","25.99B","PRD",26,"GCO2E_EUR",2022,4
"EEIO_DK","FR","26.11Z","FD",24,"GCO2E_EUR",2022,3
"EEIO_DK","FR","26.11Z","GVA",10,"GCO2E_EUR",2022,3
"EEIO_DK","FR","26.11Z","IC",39,"GCO2E_EUR",2022,3
"EEIO_DK","FR","26.11Z","PRD",23,"GCO2E_EUR",2022,3
"EEIO_DK","FR","26.12Z","FD",24,"GCO2E_EUR",2022,3
"EEIO_DK","FR","26.12Z","GVA",10,"GCO2E_EUR",2022,3
"EEIO_DK","FR","26.12Z","IC",39,"GCO2E_EUR",2022,3
"EEIO_DK","FR","26.12Z","PRD",23,"GCO2E_EUR",2022,3
"EEIO_DK","FR","26.20Z","FD",50,"GCO2E_EUR",2022,2
"EEIO_DK","FR","26.20Z","GVA",62,"GCO2E_EUR",2022,2
"EEIO_DK","FR","26.20Z","IC",38,"GCO2E_EUR",2022,2
"EEIO_DK","FR","26.20Z","PRD",48,"GCO2E_EUR",2022,2
"EEIO_DK","FR","26.30Z","FD",50,"GCO2E_EUR",2022,2
"EEIO_DK","FR","26.30Z","GVA",62,"GCO2E_EUR",2022,2
"EEIO_DK","FR","26.30Z","IC",38,"GCO2E_EUR",2022,2
"EEIO_DK","FR","26.30Z","PRD",48,"GCO2E_EUR",2022,2
"EEIO_DK","FR","26.51A","FD",24,"GCO2E_EUR",2022,3
"EEIO_DK","FR","26.51A","GVA",10,"GCO2E_EUR",2022,3
"EEIO_DK","FR","26.51A","IC",39,"GCO2E_EUR",2022,3
"EEIO_DK","FR","26.51A","PRD",23,"GCO2E_EUR",2022,3
"EEIO_DK","FR","26.51B","FD",24,"GCO2E_EUR",2022,3
"EEIO_DK","FR","26.51B","GVA",10,"GCO2E_EUR",2022,3
"EEIO_DK","FR","26.51B","IC",39,"GCO2E_EUR",2022,3
"EEIO_DK","FR","26.51B","PRD",23,"GCO2E_EUR",2022,3
"EEIO_DK","FR","26.52Z","FD",24,"GCO2E_EUR",2022,3
"EEIO_DK","FR","26.52Z","GVA",10,"GCO2E_EUR",2022,3
"EEIO_DK","FR","26.52Z","IC",39,"GCO2E_EUR",2022,3
"EEIO_DK","FR","26.52Z","PRD",23,"GCO2E_EUR",2022,3
"EEIO_DK","FR","26.60Z","FD",24,"GCO2E_EUR",2022,3
"EEIO_DK","FR","26.60Z","GVA",10,"GCO2E_EUR",2022,3
"EEIO_DK","FR","26.60Z","IC",39,"GCO2E_EUR",2022,3
"EEIO_DK","FR","26.60Z","PRD",23,"GCO2E_EUR",2022,3
"EEIO_DK","FR","26.70Z","FD",24,"GCO2E_EUR",2022,3
"EEIO_DK","FR","26.70Z","GVA",10,"GCO2E_EUR",2022,3
"EEIO_DK","FR","26.70Z","IC",39,"GCO2E_EUR",2022,3
"EEIO_DK","FR","26.70Z","PRD",23,"GCO2E_EUR",2022,3
"EEIO_DK","FR","26.80Z","FD",24,"GCO2E_EUR",2022,3
"EEIO_DK","FR","26.80Z","GVA",10,"GCO2E_EUR",2022,3
"EEIO_DK","FR","26.80Z","IC",39,"GCO2E_EUR",2022,3
"EEIO_DK","FR","26.80Z","PRD",23,"GCO2E_EUR",2022,3
"EEIO_DK","FR","27.11Z","FD",28,"GCO2E_EUR",2022,2
"EEIO_DK","FR","27.11Z","GVA",23,"GCO2E_EUR",2022,2
"EEIO_DK","FR","27.11Z","IC",28,"GCO2E_EUR",2022,2
"EEIO_DK","FR","27.11Z","PRD",26,"GCO2E_EUR",2022,2
"EEIO_DK","FR","27.12Z","FD",28,"GCO2E_EUR",2022,2
"EEIO_DK","FR","27.12Z","GVA",23,"GCO2E_EUR",2022,2
"EEIO_DK","FR","27.12Z","IC",28,"GCO2E_EUR",2022,2
"EEIO_DK","FR","27.12Z","PRD",26,"GCO2E_EUR",2022,2
"EEIO_DK","FR","27.20Z","FD",28,"GCO2E_EUR",2022,2
"EEIO_DK","FR","27.20Z","GVA",23,"GCO2E_EUR",2022,2
"EEIO_DK","FR","27.20Z","IC",28,"GCO2E_EUR",2022,2
"EEIO_DK","FR","27.20Z","PRD",26,"GCO2E_EUR",2022,2
"EEIO_DK","FR","27.31Z","FD",58,"GCO2E_EUR",2022,2
"EEIO_DK","FR","27.31Z","GVA",82,"GCO2E_EUR",2022,2
"EEIO_DK","FR","27.31Z","IC",33,"GCO2E_EUR",2022,2
"EEIO_DK","FR","27.31Z","PRD",56,"GCO2E_EUR",2022,2
"EEIO_DK","FR","27.32Z","FD",58,"GCO2E_EUR",2022,2
"EEIO_DK","FR","27.32Z","GVA",82,"GCO2E_EUR",2022,2
"EEIO_DK","FR","27.32Z","IC",33,"GCO2E_EUR",2022,2
"EEIO_DK","FR","27.32Z","PRD",56,"GCO2E_EUR",2022,2
"EEIO_DK","FR","27.33Z","FD",58,"GCO2E_EUR",2022,2
"EEIO_DK","FR","27.33Z","GVA",82,"GCO2E_EUR",2022,2
"EEIO_DK","FR","27.33Z","IC",33,"GCO2E_EUR",2022,2
"EEIO_DK","FR","27.33Z","PRD",56,"GCO2E_EUR",2022,2
"EEIO_DK","FR","27.40Z","FD",42,"GCO2E_EUR",2022,2
"EEIO_DK","FR","27.40Z","GVA",40,"GCO2E_EUR",2022,2
"EEIO_DK","FR","27.40Z","IC",41,"GCO2E_EUR",2022,2
"EEIO_DK","FR","27.40Z","PRD",41,"GCO2E_EUR",2022,2
"EEIO_DK","FR","27.51Z","FD",42,"GCO2E_EUR",2022,2
"EEIO_DK","FR","27.51Z","GVA",40,"GCO2E_EUR",2022,2
"EEIO_DK","FR","27.51Z","IC",41,"GCO2E_EUR",2022,2
"EEIO_DK","FR","27.51Z","PRD",41,"GCO2E_EUR",2022,2
"EEIO_DK","FR","27.52Z","FD",42,"GCO2E_EUR",2022,2
"EEIO_DK","FR","27.52Z","GVA",40,"GCO2E_EUR",2022,2
"EEIO_DK","FR","27.52Z","IC",41,"GCO2E_EUR",2022,2
"EEIO_DK","FR","27.52Z","PRD",41,"GCO2E_EUR",2022,2
"EEIO_DK","FR","27.90Z","FD",42,"GCO2E_EUR",2022,2
"EEIO_DK","FR","27.90Z","GVA",40,"GCO2E_EUR",2022,2
"EEIO_DK","FR","27.90Z","IC",41,"GCO2E_EUR",2022,2
"EEIO_DK","FR","27.90Z","PRD",41,"GCO2E_EUR",2022,2
"EEIO_DK","FR","28.11Z","FD",13,"GCO2E_EUR",2022,2
"EEIO_DK","FR","28.11Z","GVA",22,"GCO2E_EUR",2022,2
"EEIO_DK","FR","28.11Z","IC",10,"GCO2E_EUR",2022,2
"EEIO_DK","FR","28.11Z","PRD",13,"GCO2E_EUR",2022,2
"EEIO_DK","FR","28.12Z","FD",13,"GCO2E_EUR",2022,3
"EEIO_DK","FR","28.12Z","GVA",22,"GCO2E_EUR",2022,3
"EEIO_DK","FR","28.12Z","IC",10,"GCO2E_EUR",2022,3
"EEIO_DK","FR","28.12Z","PRD",13,"GCO2E_EUR",2022,3
"EEIO_DK","FR","28.13Z","FD",13,"GCO2E_EUR",2022,2
"EEIO_DK","FR","28.13Z","GVA",22,"GCO2E_EUR",2022,2
"EEIO_DK","FR","28.13Z","IC",10,"GCO2E_EUR",2022,2
"EEIO_DK","FR","28.13Z","PRD",13,"GCO2E_EUR",2022,2
"EEIO_DK","FR","28.14Z","FD",13,"GCO2E_EUR",2022,3
"EEIO_DK","FR","28.14Z","GVA",22,"GCO2E_EUR",2022,3
"EEIO_DK","FR","28.14Z","IC",10,"GCO2E_EUR",2022,3
"EEIO_DK","FR","28.14Z","PRD",13,"GCO2E_EUR",2022,3
"EEIO_DK","FR","28.15Z","FD",13,"GCO2E_EUR",2022,3
"EEIO_DK","FR","28.15Z","GVA",22,"GCO2E_EUR",2022,3
"EEIO_DK","FR","28.15Z","IC",10,"GCO2E_EUR",2022,3
"EEIO_DK","FR","28.15Z","PRD",13,"GCO2E_EUR",2022,3
"EEIO_DK","FR","28.21Z","FD",33,"GCO2E_EUR",2022,2
"EEIO_DK","FR","28.21Z","GVA",59,"GCO2E_EUR",2022,2
"EEIO_DK","FR","28.21Z","IC",14,"GCO2E_EUR",2022,2
"EEIO_DK","FR","28.21Z","PRD",31,"GCO2E_EUR",2022,2
"EEIO_DK","FR","28.22Z","FD",33,"GCO2E_EUR",2022,2
"EEIO_DK","FR","28.22Z","GVA",59,"GCO2E_EUR",2022,2
"EEIO_DK","FR","28.22Z","IC",14,"GCO2E_EUR",2022,2
"EEIO_DK","FR","28.22Z","PRD",31,"GCO2E_EUR",2022,2
"EEIO_DK","FR","28.23Z","FD",33,"GCO2E_EUR",2022,2
"EEIO_DK","FR","28.23Z","GVA",59,"GCO2E_EUR",2022,2
"EEIO_DK","FR","28.23Z","IC",14,"GCO2E_EUR",2022,2
"EEIO_DK","FR","28.23Z","PRD",31,"GCO2E_EUR",2022,2
"EEIO_DK","FR","28.24Z","FD",33,"GCO2E_EUR",2022,2
"EEIO_DK","FR","28.24Z","GVA",59,"GCO2E_EUR",2022,2
"EEIO_DK","FR","28.24Z","IC",14,"GCO2E_EUR",2022,2
"EEIO_DK","FR","28.24Z","PRD",31,"GCO2E_EUR",2022,2
"EEIO_DK","FR","28.25Z","FD",33,"GCO2E_EUR",2022,2
"EEIO_DK","FR","28.25Z","GVA",59,"GCO2E_EUR",2022,2
"EEIO_DK","FR","28.25Z","IC",14,"GCO2E_EUR",2022,2
"EEIO_DK","FR","28.25Z","PRD",31,"GCO2E_EUR",2022,2
"EEIO_DK","FR","28.29A","FD",33,"GCO2E_EUR",2022,2
"EEIO_DK","FR","28.29A","GVA",59,"GCO2E_EUR",2022,2
"EEIO_DK","FR","28.29A","IC",14,"GCO2E_EUR",2022,2
"EEIO_DK","FR","28.29A","PRD",31,"GCO2E_EUR",2022,2
"EEIO_DK","FR","28.29B","FD",33,"GCO2E_EUR",2022,2
"EEIO_DK","FR","28.29B","GVA",59,"GCO2E_EUR",2022,2
"EEIO_DK","FR","28.29B","IC",14,"GCO2E_EUR",2022,2
"EEIO_DK","FR","28.29B","PRD",31,"GCO2E_EUR",2022,2
"EEIO_DK","FR","28.30Z","FD",33,"GCO2E_EUR",2022,2
"EEIO_DK","FR","28.30Z","GVA",59,"GCO2E_EUR",2022,2
"EEIO_DK","FR","28.30Z","IC",14,"GCO2E_EUR",2022,2
"EEIO_DK","FR","28.30Z","PRD",31,"GCO2E_EUR",2022,2
"EEIO_DK","FR","28.41Z","FD",33,"GCO2E_EUR",2022,2
"EEIO_DK","FR","28.41Z","GVA",59,"GCO2E_EUR",2022,2
"EEIO_DK","FR","28.41Z","IC",14,"GCO2E_EUR",2022,2
"EEIO_DK","FR","28.41Z","PRD",31,"GCO2E_EUR",2022,2
"EEIO_DK","FR","28.49Z","FD",33,"GCO2E_EUR",2022,2
"EEIO_DK","FR","28.49Z","GVA",59,"GCO2E_EUR",2022,2
"EEIO_DK","FR","28.49Z","IC",14,"GCO2E_EUR",2022,2
"EEIO_DK","FR","28.49Z","PRD",31,"GCO2E_EUR",2022,2
"EEIO_DK","FR","28.91Z","FD",33,"GCO2E_EUR",2022,2
"EEIO_DK","FR","28.91Z","GVA",59,"GCO2E_EUR",2022,2
"EEIO_DK","FR","28.91Z","IC",14,"GCO2E_EUR",2022,2
"EEIO_DK","FR","28.91Z","PRD",31,"GCO2E_EUR",2022,2
"EEIO_DK","FR","28.92Z","FD",33,"GCO2E_EUR",2022,2
"EEIO_DK","FR","28.92Z","GVA",59,"GCO2E_EUR",2022,2
"EEIO_DK","FR","28.92Z","IC",14,"GCO2E_EUR",2022,2
"EEIO_DK","FR","28.92Z","PRD",31,"GCO2E_EUR",2022,2
"EEIO_DK","FR","28.93Z","FD",33,"GCO2E_EUR",2022,2
"EEIO_DK","FR","28.93Z","GVA",59,"GCO2E_EUR",2022,2
"EEIO_DK","FR","28.93Z","IC",14,"GCO2E_EUR",2022,2
"EEIO_DK","FR","28.93Z","PRD",31,"GCO2E_EUR",2022,2
"EEIO_DK","FR","28.94Z","FD",33,"GCO2E_EUR",2022,2
"EEIO_DK","FR","28.94Z","GVA",59,"GCO2E_EUR",2022,2
"EEIO_DK","FR","28.94Z","IC",14,"GCO2E_EUR",2022,2
"EEIO_DK","FR","28.94Z","PRD",31,"GCO2E_EUR",2022,2
"EEIO_DK","FR","28.95Z","FD",33,"GCO2E_EUR",2022,2
"EEIO_DK","FR","28.95Z","GVA",59,"GCO2E_EUR",2022,2
"EEIO_DK","FR","28.95Z","IC",14,"GCO2E_EUR",2022,2
"EEIO_DK","FR","28.95Z","PRD",31,"GCO2E_EUR",2022,2
"EEIO_DK","FR","28.96Z","FD",33,"GCO2E_EUR",2022,2
"EEIO_DK","FR","28.96Z","GVA",59,"GCO2E_EUR",2022,2
"EEIO_DK","FR","28.96Z","IC",14,"GCO2E_EUR",2022,2
"EEIO_DK","FR","28.96Z","PRD",31,"GCO2E_EUR",2022,2
"EEIO_DK","FR","28.99A","FD",33,"GCO2E_EUR",2022,2
"EEIO_DK","FR","28.99A","GVA",59,"GCO2E_EUR",2022,2
"EEIO_DK","FR","28.99A","IC",14,"GCO2E_EUR",2022,2
"EEIO_DK","FR","28.99A","PRD",31,"GCO2E_EUR",2022,2
"EEIO_DK","FR","28.99B","FD",33,"GCO2E_EUR",2022,2
"EEIO_DK","FR","28.99B","GVA",59,"GCO2E_EUR",2022,2
"EEIO_DK","FR","28.99B","IC",14,"GCO2E_EUR",2022,2
"EEIO_DK","FR","28.99B","PRD",31,"GCO2E_EUR",2022,2
"EEIO_DK","FR","29.10Z","FD",30,"GCO2E_EUR",2022,4
"EEIO_DK","FR","29.10Z","GVA",30,"GCO2E_EUR",2022,4
"EEIO_DK","FR","29.10Z","IC",29,"GCO2E_EUR",2022,4
"EEIO_DK","FR","29.10Z","PRD",29,"GCO2E_EUR",2022,4
"EEIO_DK","FR","29.20Z","FD",30,"GCO2E_EUR",2022,4
"EEIO_DK","FR","29.20Z","GVA",30,"GCO2E_EUR",2022,4
"EEIO_DK","FR","29.20Z","IC",29,"GCO2E_EUR",2022,4
"EEIO_DK","FR","29.20Z","PRD",29,"GCO2E_EUR",2022,4
"EEIO_DK","FR","29.31Z","FD",30,"GCO2E_EUR",2022,4
"EEIO_DK","FR","29.31Z","GVA",30,"GCO2E_EUR",2022,4
"EEIO_DK","FR","29.31Z","IC",29,"GCO2E_EUR",2022,4
"EEIO_DK","FR","29.31Z","PRD",29,"GCO2E_EUR",2022,4
"EEIO_DK","FR","29.32Z","FD",30,"GCO2E_EUR",2022,4
"EEIO_DK","FR","29.32Z","GVA",30,"GCO2E_EUR",2022,4
"EEIO_DK","FR","29.32Z","IC",29,"GCO2E_EUR",2022,4
"EEIO_DK","FR","29.32Z","PRD",29,"GCO2E_EUR",2022,4
"EEIO_DK","FR","30.11Z","FD",24,"GCO2E_EUR",2022,4
"EEIO_DK","FR","30.11Z","GVA",11,"GCO2E_EUR",2022,4
"EEIO_DK","FR","30.11Z","IC",28,"GCO2E_EUR",2022,4
"EEIO_DK","FR","30.11Z","PRD",23,"GCO2E_EUR",2022,4
"EEIO_DK","FR","30.12Z","FD",24,"GCO2E_EUR",2022,4
"EEIO_DK","FR","30.12Z","GVA",11,"GCO2E_EUR",2022,4
"EEIO_DK","FR","30.12Z","IC",28,"GCO2E_EUR",2022,4
"EEIO_DK","FR","30.12Z","PRD",23,"GCO2E_EUR",2022,4
"EEIO_DK","FR","30.20Z","FD",24,"GCO2E_EUR",2022,4
"EEIO_DK","FR","30.20Z","GVA",11,"GCO2E_EUR",2022,4
"EEIO_DK","FR","30.20Z","IC",28,"GCO2E_EUR",2022,4
"EEIO_DK","FR","30.20Z","PRD",23,"GCO2E_EUR",2022,4
"EEIO_DK","FR","30.30Z","FD",24,"GCO2E_EUR",2022,4
"EEIO_DK","FR","30.30Z","GVA",11,"GCO2E_EUR",2022,4
"EEIO_DK","FR","30.30Z","IC",28,"GCO2E_EUR",2022,4
"EEIO_DK","FR","30.30Z","PRD",23,"GCO2E_EUR",2022,4
"EEIO_DK","FR","30.40Z","FD",24,"GCO2E_EUR",2022,4
"EEIO_DK","FR","30.40Z","GVA",11,"GCO2E_EUR",2022,4
"EEIO_DK","FR","30.40Z","IC",28,"GCO2E_EUR",2022,4
"EEIO_DK","FR","30.40Z","PRD",23,"GCO2E_EUR",2022,4
"EEIO_DK","FR","30.91Z","FD",24,"GCO2E_EUR",2022,4
"EEIO_DK","FR","30.91Z","GVA",11,"GCO2E_EUR",2022,4
"EEIO_DK","FR","30.91Z","IC",28,"GCO2E_EUR",2022,4
"EEIO_DK","FR","30.91Z","PRD",23,"GCO2E_EUR",2022,4
"EEIO_DK","FR","30.92Z","FD",24,"GCO2E_EUR",2022,4
"EEIO_DK","FR","30.92Z","GVA",11,"GCO2E_EUR",2022,4
"EEIO_DK","FR","30.92Z","IC",28,"GCO2E_EUR",2022,4
"EEIO_DK","FR","30.92Z","PRD",23,"GCO2E_EUR",2022,4
"EEIO_DK","FR","30.99Z","FD",24,"GCO2E_EUR",2022,4
"EEIO_DK","FR","30.99Z","GVA",11,"GCO2E_EUR",2022,4
"EEIO_DK","FR","30.99Z","IC",28,"GCO2E_EUR",2022,4
"EEIO_DK","FR","30.99Z","PRD",23,"GCO2E_EUR",2022,4
"EEIO_DK","FR","31.01Z","FD",41,"GCO2E_EUR",2022,4
"EEIO_DK","FR","31.01Z","GVA",69,"GCO2E_EUR",2022,4
"EEIO_DK","FR","31.01Z","IC",26,"GCO2E_EUR",2022,4
"EEIO_DK","FR","31.01Z","PRD",41,"GCO2E_EUR",2022,4
"EEIO_DK","FR","31.02Z","FD",41,"GCO2E_EUR",2022,4
"EEIO_DK","FR","31.02Z","GVA",69,"GCO2E_EUR",2022,4
"EEIO_DK","FR","31.02Z","IC",26,"GCO2E_EUR",2022,4
"EEIO_DK","FR","31.02Z","PRD",41,"GCO2E_EUR",2022,4
"EEIO_DK","FR","31.03Z","FD",41,"GCO2E_EUR",2022,4
"EEIO_DK","FR","31.03Z","GVA",69,"GCO2E_EUR",2022,4
"EEIO_DK","FR","31.03Z","IC",26,"GCO2E_EUR",2022,4
"EEIO_DK","FR","31.03Z","PRD",41,"GCO2E_EUR",2022,4
"EEIO_DK","FR","31.09A","FD",41,"GCO2E_EUR",2022,4
"EEIO_DK","FR","31.09A","GVA",69,"GCO2E_EUR",2022,4
"EEIO_DK","FR","31.09A","IC",26,"GCO2E_EUR",2022,4
"EEIO_DK","FR","31.09A","PRD",41,"GCO2E_EUR",2022,4
"EEIO_DK","FR","31.09B","FD",41,"GCO2E_EUR",2022,4
"EEIO_DK","FR","31.09B","GVA",69,"GCO2E_EUR",2022,4
"EEIO_DK","FR","31.09B","IC",26,"GCO2E_EUR",2022,4
"EEIO_DK","FR","31.09B","PRD",41,"GCO2E_EUR",2022,4
"EEIO_DK","FR","32.11Z","FD",16,"GCO2E_EUR",2022,3
"EEIO_DK","FR","32.11Z","GVA",9,"GCO2E_EUR",2022,3
"EEIO_DK","FR","32.11Z","IC",22,"GCO2E_EUR",2022,3
"EEIO_DK","FR","32.11Z","PRD",16,"GCO2E_EUR",2022,3
"EEIO_DK","FR","32.12Z","FD",16,"GCO2E_EUR",2022,3
"EEIO_DK","FR","32.12Z","GVA",9,"GCO2E_EUR",2022,3
"EEIO_DK","FR","32.12Z","IC",22,"GCO2E_EUR",2022,3
"EEIO_DK","FR","32.12Z","PRD",16,"GCO2E_EUR",2022,3
"EEIO_DK","FR","32.13Z","FD",16,"GCO2E_EUR",2022,3
"EEIO_DK","FR","32.13Z","GVA",9,"GCO2E_EUR",2022,3
"EEIO_DK","FR","32.13Z","IC",22,"GCO2E_EUR",2022,3
"EEIO_DK","FR","32.13Z","PRD",16,"GCO2E_EUR",2022,3
"EEIO_DK","FR","32.20Z","FD",16,"GCO2E_EUR",2022,3
"EEIO_DK","FR","32.20Z","GVA",9,"GCO2E_EUR",2022,3
"EEIO_DK","FR","32.20Z","IC",22,"GCO2E_EUR",2022,3
"EEIO_DK","FR","32.20Z","PRD",16,"GCO2E_EUR",2022,3
"EEIO_DK","FR","32.30Z","FD",16,"GCO2E_EUR",2022,3
"EEIO_DK","FR","32.30Z","GVA",9,"GCO2E_EUR",2022,3
"EEIO_DK","FR","32.30Z","IC",22,"GCO2E_EUR",2022,3
"EEIO_DK","FR","32.30Z","PRD",16,"GCO2E_EUR",2022,3
"EEIO_DK","FR","32.40Z","FD",16,"GCO2E_EUR",2022,3
"EEIO_DK","FR","32.40Z","GVA",9,"GCO2E_EUR",2022,3
"EEIO_DK","FR","32.40Z","IC",22,"GCO2E_EUR",2022,3
"EEIO_DK","FR","32.40Z","PRD",16,"GCO2E_EUR",2022,3
"EEIO_DK","FR","32.50A","FD",23,"GCO2E_EUR",2022,2
"EEIO_DK","FR","32.50A","GVA",26,"GCO2E_EUR",2022,2
"EEIO_DK","FR","32.50A","IC",21,"GCO2E_EUR",2022,2
"EEIO_DK","FR","32.50A","PRD",23,"GCO2E_EUR",2022,2
"EEIO_DK","FR","32.50B","FD",23,"GCO2E_EUR",2022,2
"EEIO_DK","FR","32.50B","GVA",26,"GCO2E_EUR",2022,2
"EEIO_DK","FR","32.50B","IC",21,"GCO2E_EUR",2022,2
"EEIO_DK","FR","32.50B","PRD",23,"GCO2E_EUR",2022,2
"EEIO_DK","FR","32.91Z","FD",16,"GCO2E_EUR",2022,3
"EEIO_DK","FR","32.91Z","GVA",9,"GCO2E_EUR",2022,3
"EEIO_DK","FR","32.91Z","IC",22,"GCO2E_EUR",2022,3
"EEIO_DK","FR","32.91Z","PRD",16,"GCO2E_EUR",2022,3
"EEIO_DK","FR","32.99Z","FD",16,"GCO2E_EUR",2022,3
"EEIO_DK","FR","32.99Z","GVA",9,"GCO2E_EUR",2022,3
"EEIO_DK","FR","32.99Z","IC",22,"GCO2E_EUR",2022,3
"EEIO_DK","FR","32.99Z","PRD",16,"GCO2E_EUR",2022,3
"EEIO_DK","FR","33.11Z","FD",21,"GCO2E_EUR",2022,4
"EEIO_DK","FR","33.11Z","GVA",23,"GCO2E_EUR",2022,4
"EEIO_DK","FR","33.11Z","IC",20,"GCO2E_EUR",2022,4
"EEIO_DK","FR","33.11Z","PRD",21,"GCO2E_EUR",2022,4
"EEIO_DK","FR","33.12Z","FD",21,"GCO2E_EUR",2022,4
"EEIO_DK","FR","33.12Z","GVA",23,"GCO2E_EUR",2022,4
"EEIO_DK","FR","33.12Z","IC",20,"GCO2E_EUR",2022,4
"EEIO_DK","FR","33.12Z","PRD",21,"GCO2E_EUR",2022,4
"EEIO_DK","FR","33.13Z","FD",21,"GCO2E_EUR",2022,4
"EEIO_DK","FR","33.13Z","GVA",23,"GCO2E_EUR",2022,4
"EEIO_DK","FR","33.13Z","IC",20,"GCO2E_EUR",2022,4
"EEIO_DK","FR","33.13Z","PRD",21,"GCO2E_EUR",2022,4
"EEIO_DK","FR","33.14Z","FD",21,"GCO2E_EUR",2022,4
"EEIO_DK","FR","33.14Z","GVA",23,"GCO2E_EUR",2022,4
"EEIO_DK","FR","33.14Z","IC",20,"GCO2E_EUR",2022,4
"EEIO_DK","FR","33.14Z","PRD",21,"GCO2E_EUR",2022,4
"EEIO_DK","FR","33.15Z","FD",21,"GCO2E_EUR",2022,4
"EEIO_DK","FR","33.15Z","GVA",23,"GCO2E_EUR",2022,4
"EEIO_DK","FR","33.15Z","IC",20,"GCO2E_EUR",2022,4
"EEIO_DK","FR","33.15Z","PRD",21,"GCO2E_EUR",2022,4
"EEIO_DK","FR","33.16Z","FD",21,"GCO2E_EUR",2022,4
"EEIO_DK","FR","33.16Z","GVA",23,"GCO2E_EUR",2022,4
"EEIO_DK","FR","33.16Z","IC",20,"GCO2E_EUR",2022,4
"EEIO_DK","FR","33.16Z","PRD",21,"GCO2E_EUR",2022,4
"EEIO_DK","FR","33.17Z","FD",21,"GCO2E_EUR",2022,4
"EEIO_DK","FR","33.17Z","GVA",23,"GCO2E_EUR",2022,4
"EEIO_DK","FR","33.17Z","IC",20,"GCO2E_EUR",2022,4
"EEIO_DK","FR","33.17Z","PRD",21,"GCO2E_EUR",2022,4
"EEIO_DK","FR","33.19Z","FD",21,"GCO2E_EUR",2022,4
"EEIO_DK","FR","33.19Z","GVA",23,"GCO2E_EUR",2022,4
"EEIO_DK","FR","33.19Z","IC",20,"GCO2E_EUR",2022,4
"EEIO_DK","FR","33.19Z","PRD",21,"GCO2E_EUR",2022,4
"EEIO_DK","FR","33.20A","FD",21,"GCO2E_EUR",2022,4
"EEIO_DK","FR","33.20A","GVA",23,"GCO2E_EUR",2022,4
"EEIO_DK","FR","33.20A","IC",20,"GCO2E_EUR",2022,4
"EEIO_DK","FR","33.20A","PRD",21,"GCO2E_EUR",2022,4
"EEIO_DK","FR","33.20B","FD",21,"GCO2E_EUR",2022,4
"EEIO_DK","FR","33.20B","GVA",23,"GCO2E_EUR",2022,4
"EEIO_DK","FR","33.20B","IC",20,"GCO2E_EUR",2022,4
"EEIO_DK","FR","33.20B","PRD",21,"GCO2E_EUR",2022,4
"EEIO_DK","FR","33.20C","FD",21,"GCO2E_EUR",2022,4
"EEIO_DK","FR","33.20C","GVA",23,"GCO2E_EUR",2022,4
"EEIO_DK","FR","33.20C","IC",20,"GCO2E_EUR",2022,4
"EEIO_DK","FR","33.20C","PRD",21,"GCO2E_EUR",2022,4
"EEIO_DK","FR","33.20D","FD",21,"GCO2E_EUR",2022,4
"EEIO_DK","FR","33.20D","GVA",23,"GCO2E_EUR",2022,4
"EEIO_DK","FR","33.20D","IC",20,"GCO2E_EUR",2022,4
"EEIO_DK","FR","33.20D","PRD",21,"GCO2E_EUR",2022,4
"EEIO_DK","FR","35.11Z","FD",175,"GCO2E_EUR",2022,2
"EEIO_DK","FR","35.11Z","GVA",292,"GCO2E_EUR",2022,2
"EEIO_DK","FR","35.11Z","IC",14,"GCO2E_EUR",2022,2
"EEIO_DK","FR","35.11Z","PRD",167,"GCO2E_EUR",2022,2
"EEIO_DK","FR","35.12Z","FD",175,"GCO2E_EUR",2022,2
"EEIO_DK","FR","35.12Z","GVA",292,"GCO2E_EUR",2022,2
"EEIO_DK","FR","35.12Z","IC",14,"GCO2E_EUR",2022,2
"EEIO_DK","FR","35.12Z","PRD",167,"GCO2E_EUR",2022,2
"EEIO_DK","FR","35.13Z","FD",175,"GCO2E_EUR",2022,2
"EEIO_DK","FR","35.13Z","GVA",292,"GCO2E_EUR",2022,2
"EEIO_DK","FR","35.13Z","IC",14,"GCO2E_EUR",2022,2
"EEIO_DK","FR","35.13Z","PRD",167,"GCO2E_EUR",2022,2
"EEIO_DK","FR","35.14Z","FD",175,"GCO2E_EUR",2022,2
"EEIO_DK","FR","35.14Z","GVA",292,"GCO2E_EUR",2022,2
"EEIO_DK","FR","35.14Z","IC",14,"GCO2E_EUR",2022,2
"EEIO_DK","FR","35.14Z","PRD",167,"GCO2E_EUR",2022,2
"EEIO_DK","FR","35.21Z","FD",38,"GCO2E_EUR",2022,2
"EEIO_DK","FR","35.21Z","GVA",77,"GCO2E_EUR",2022,2
"EEIO_DK","FR","35.21Z","IC",29,"GCO2E_EUR",2022,2
"EEIO_DK","FR","35.21Z","PRD",36,"GCO2E_EUR",2022,2
"EEIO_DK","FR","35.22Z","FD",38,"GCO2E_EUR",2022,2
"EEIO_DK","FR","35.22Z","GVA",77,"GCO2E_EUR",2022,2
"EEIO_DK","FR","35.22Z","IC",29,"GCO2E_EUR",2022,2
"EEIO_DK","FR","35.22Z","PRD",36,"GCO2E_EUR",2022,2
"EEIO_DK","FR","35.23Z","FD",38,"GCO2E_EUR",2022,2
"EEIO_DK","FR","35.23Z","GVA",77,"GCO2E_EUR",2022,2
"EEIO_DK","FR","35.23Z","IC",29,"GCO2E_EUR",2022,2
"EEIO_DK","FR","35.23Z","PRD",36,"GCO2E_EUR",2022,2
"EEIO_DK","FR","35.30Z","FD",241,"GCO2E_EUR",2022,2
"EEIO_DK","FR","35.30Z","GVA",572,"GCO2E_EUR",2022,2
"EEIO_DK","FR","35.30Z","IC",54,"GCO2E_EUR",2022,2
"EEIO_DK","FR","35.30Z","PRD",241,"GCO2E_EUR",2022,2
"EEIO_DK","FR","36.00Z","FD",53,"GCO2E_EUR",2022,4
"EEIO_DK","FR","36.00Z","GVA",20,"GCO2E_EUR",2022,4
"EEIO_DK","FR","36.00Z","IC",78,"GCO2E_EUR",2022,4
"EEIO_DK","FR","36.00Z","PRD",49,"GCO2E_EUR",2022,4
"EEIO_DK","FR","37.00Z","FD",239,"GCO2E_EUR",2022,4
"EEIO_DK","FR","37.00Z","GVA",377,"GCO2E_EUR",2022,4
"EEIO_DK","FR","37.00Z","IC",83,"GCO2E_EUR",2022,4
"EEIO_DK","FR","37.00Z","PRD",239,"GCO2E_EUR",2022,4
"EEIO_DK","FR","38.11Z","FD",1013,"GCO2E_EUR",2022,4
"EEIO_DK","FR","38.11Z","GVA",3276,"GCO2E_EUR",2022,4
"EEIO_DK","FR","38.11Z","IC",69,"GCO2E_EUR",2022,4
"EEIO_DK","FR","38.11Z","PRD",925,"GCO2E_EUR",2022,4
"EEIO_DK","FR","38.12Z","FD",1013,"GCO2E_EUR",2022,4
"EEIO_DK","FR","38.12Z","GVA",3276,"GCO2E_EUR",2022,4
"EEIO_DK","FR","38.12Z","IC",69,"GCO2E_EUR",2022,4
"EEIO_DK","FR","38.12Z","PRD",925,"GCO2E_EUR",2022,4
"EEIO_DK","FR","38.21Z","FD",1013,"GCO2E_EUR",2022,4
"EEIO_DK","FR","38.21Z","GVA",3276,"GCO2E_EUR",2022,4
"EEIO_DK","FR","38.21Z","IC",69,"GCO2E_EUR",2022,4
"EEIO_DK","FR","38.21Z","PRD",925,"GCO2E_EUR",2022,4
"EEIO_DK","FR","38.22Z","FD",1013,"GCO2E_EUR",2022,4
"EEIO_DK","FR","38.22Z","GVA",3276,"GCO2E_EUR",2022,4
"EEIO_DK","FR","38.22Z","IC",69,"GCO2E_EUR",2022,4
"EEIO_DK","FR","38.22Z","PRD",925,"GCO2E_EUR",2022,4
"EEIO_DK","FR","38.31Z","FD",1013,"GCO2E_EUR",2022,4
"EEIO_DK","FR","38.31Z","GVA",3276,"GCO2E_EUR",2022,4
"EEIO_DK","FR","38.31Z","IC",69,"GCO2E_EUR",2022,4
"EEIO_DK","FR","38.31Z","PRD",925,"GCO2E_EUR",2022,4
"EEIO_DK","FR","38.32Z","FD",1013,"GCO2E_EUR",2022,4
"EEIO_DK","FR","38.32Z","GVA",3276,"GCO2E_EUR",2022,4
"EEIO_DK","FR","38.32Z","IC",69,"GCO2E_EUR",2022,4
"EEIO_DK","FR","38.32Z","PRD",925,"GCO2E_EUR",2022,4
"EEIO_DK","FR","39.00Z","FD",1013,"GCO2E_EUR",2022,4
"EEIO_DK","FR","39.00Z","GVA",3276,"GCO2E_EUR",2022,4
"EEIO_DK","FR","39.00Z","IC",69,"GCO2E_EUR",2022,4
"EEIO_DK","FR","39.00Z","PRD",925,"GCO2E_EUR",2022,4
"EEIO_DK","FR","41.10A","FD",97,"GCO2E_EUR",2022,2
"EEIO_DK","FR","41.10A","GVA",57,"GCO2E_EUR",2022,2
"EEIO_DK","FR","41.10A","IC",122,"GCO2E_EUR",2022,2
"EEIO_DK","FR","41.10A","PRD",97,"GCO2E_EUR",2022,2
"EEIO_DK","FR","41.10B","FD",97,"GCO2E_EUR",2022,2
"EEIO_DK","FR","41.10B","GVA",57,"GCO2E_EUR",2022,2
"EEIO_DK","FR","41.10B","IC",122,"GCO2E_EUR",2022,2
"EEIO_DK","FR","41.10B","PRD",97,"GCO2E_EUR",2022,2
"EEIO_DK","FR","41.10C","FD",97,"GCO2E_EUR",2022,2
"EEIO_DK","FR","41.10C","GVA",57,"GCO2E_EUR",2022,2
"EEIO_DK","FR","41.10C","IC",122,"GCO2E_EUR",2022,2
"EEIO_DK","FR","41.10C","PRD",97,"GCO2E_EUR",2022,2
"EEIO_DK","FR","41.10D","FD",97,"GCO2E_EUR",2022,2
"EEIO_DK","FR","41.10D","GVA",57,"GCO2E_EUR",2022,2
"EEIO_DK","FR","41.10D","IC",122,"GCO2E_EUR",2022,2
"EEIO_DK","FR","41.10D","PRD",97,"GCO2E_EUR",2022,2
"EEIO_DK","FR","41.20A","FD",97,"GCO2E_EUR",2022,2
"EEIO_DK","FR","41.20A","GVA",57,"GCO2E_EUR",2022,2
"EEIO_DK","FR","41.20A","IC",122,"GCO2E_EUR",2022,2
"EEIO_DK","FR","41.20A","PRD",97,"GCO2E_EUR",2022,2
"EEIO_DK","FR","41.20B","FD",97,"GCO2E_EUR",2022,2
"EEIO_DK","FR","41.20B","GVA",57,"GCO2E_EUR",2022,2
"EEIO_DK","FR","41.20B","IC",122,"GCO2E_EUR",2022,2
"EEIO_DK","FR","41.20B","PRD",97,"GCO2E_EUR",2022,2
"EEIO_DK","FR","42.11Z","FD",102,"GCO2E_EUR",2022,4
"EEIO_DK","FR","42.11Z","GVA",99,"GCO2E_EUR",2022,4
"EEIO_DK","FR","42.11Z","IC",95,"GCO2E_EUR",2022,4
"EEIO_DK","FR","42.11Z","PRD",96,"GCO2E_EUR",2022,4
"EEIO_DK","FR","42.12Z","FD",102,"GCO2E_EUR",2022,4
"EEIO_DK","FR","42.12Z","GVA",99,"GCO2E_EUR",2022,4
"EEIO_DK","FR","42.12Z","IC",95,"GCO2E_EUR",2022,4
"EEIO_DK","FR","42.12Z","PRD",96,"GCO2E_EUR",2022,4
"EEIO_DK","FR","42.13A","FD",102,"GCO2E_EUR",2022,4
"EEIO_DK","FR","42.13A","GVA",99,"GCO2E_EUR",2022,4
"EEIO_DK","FR","42.13A","IC",95,"GCO2E_EUR",2022,4
"EEIO_DK","FR","42.13A","PRD",96,"GCO2E_EUR",2022,4
"EEIO_DK","FR","42.13B","FD",102,"GCO2E_EUR",2022,4
"EEIO_DK","FR","42.13B","GVA",99,"GCO2E_EUR",2022,4
"EEIO_DK","FR","42.13B","IC",95,"GCO2E_EUR",2022,4
"EEIO_DK","FR","42.13B","PRD",96,"GCO2E_EUR",2022,4
"EEIO_DK","FR","42.21Z","FD",102,"GCO2E_EUR",2022,4
"EEIO_DK","FR","42.21Z","GVA",99,"GCO2E_EUR",2022,4
"EEIO_DK","FR","42.21Z","IC",95,"GCO2E_EUR",2022,4
"EEIO_DK","FR","42.21Z","PRD",96,"GCO2E_EUR",2022,4
"EEIO_DK","FR","42.22Z","FD",102,"GCO2E_EUR",2022,4
"EEIO_DK","FR","42.22Z","GVA",99,"GCO2E_EUR",2022,4
"EEIO_DK","FR","42.22Z","IC",95,"GCO2E_EUR",2022,4
"EEIO_DK","FR","42.22Z","PRD",96,"GCO2E_EUR",2022,4
"EEIO_DK","FR","42.91Z","FD",102,"GCO2E_EUR",2022,4
"EEIO_DK","FR","42.91Z","GVA",99,"GCO2E_EUR",2022,4
"EEIO_DK","FR","42.91Z","IC",95,"GCO2E_EUR",2022,4
"EEIO_DK","FR","42.91Z","PRD",96,"GCO2E_EUR",2022,4
"EEIO_DK","FR","42.99Z","FD",102,"GCO2E_EUR",2022,4
"EEIO_DK","FR","42.99Z","GVA",99,"GCO2E_EUR",2022,4
"EEIO_DK","FR","42.99Z","IC",95,"GCO2E_EUR",2022,4
"EEIO_DK","FR","42.99Z","PRD",96,"GCO2E_EUR",2022,4
"EEIO_DK","FR","43.11Z","FD",76,"GCO2E_EUR",2022,3
"EEIO_DK","FR","43.11Z","GVA",51,"GCO2E_EUR",2022,3
"EEIO_DK","FR","43.11Z","IC",104,"GCO2E_EUR",2022,3
"EEIO_DK","FR","43.11Z","PRD",75,"GCO2E_EUR",2022,3
"EEIO_DK","FR","43.12A","FD",76,"GCO2E_EUR",2022,3
"EEIO_DK","FR","43.12A","GVA",51,"GCO2E_EUR",2022,3
"EEIO_DK","FR","43.12A","IC",104,"GCO2E_EUR",2022,3
"EEIO_DK","FR","43.12A","PRD",75,"GCO2E_EUR",2022,3
"EEIO_DK","FR","43.12B","FD",76,"GCO2E_EUR",2022,3
"EEIO_DK","FR","43.12B","GVA",51,"GCO2E_EUR",2022,3
"EEIO_DK","FR","43.12B","IC",104,"GCO2E_EUR",2022,3
"EEIO_DK","FR","43.12B","PRD",75,"GCO2E_EUR",2022,3
"EEIO_DK","FR","43.13Z","FD",76,"GCO2E_EUR",2022,3
"EEIO_DK","FR","43.13Z","GVA",51,"GCO2E_EUR",2022,3
"EEIO_DK","FR","43.13Z","IC",104,"GCO2E_EUR",2022,3
"EEIO_DK","FR","43.13Z","PRD",75,"GCO2E_EUR",2022,3
"EEIO_DK","FR","43.21A","FD",76,"GCO2E_EUR",2022,3
"EEIO_DK","FR","43.21A","GVA",51,"GCO2E_EUR",2022,3
"EEIO_DK","FR","43.21A","IC",104,"GCO2E_EUR",2022,3
"EEIO_DK","FR","43.21A","PRD",75,"GCO2E_EUR",2022,3
"EEIO_DK","FR","43.21B","FD",76,"GCO2E_EUR",2022,3
"EEIO_DK","FR","43.21B","GVA",51,"GCO2E_EUR",2022,3
"EEIO_DK","FR","43.21B","IC",104,"GCO2E_EUR",2022,3
"EEIO_DK","FR","43.21B","PRD",75,"GCO2E_EUR",2022,3
"EEIO_DK","FR","43.22A","FD",76,"GCO2E_EUR",2022,3
"EEIO_DK","FR","43.22A","GVA",51,"GCO2E_EUR",2022,3
"EEIO_DK","FR","43.22A","IC",104,"GCO2E_EUR",2022,3
"EEIO_DK","FR","43.22A","PRD",75,"GCO2E_EUR",2022,3
"EEIO_DK","FR","43.22B","FD",76,"GCO2E_EUR",2022,3
"EEIO_DK","FR","43.22B","GVA",51,"GCO2E_EUR",2022,3
"EEIO_DK","FR","43.22B","IC",104,"GCO2E_EUR",2022,3
"EEIO_DK","FR","43.22B","PRD",75,"GCO2E_EUR",2022,3
"EEIO_DK","FR","43.29A","FD",76,"GCO2E_EUR",2022,3
"EEIO_DK","FR","43.29A","GVA",51,"GCO2E_EUR",2022,3
"EEIO_DK","FR","43.29A","IC",104,"GCO2E_EUR",2022,3
"EEIO_DK","FR","43.29A","PRD",75,"GCO2E_EUR",2022,3
"EEIO_DK","FR","43.29B","FD",76,"GCO2E_EUR",2022,3
"EEIO_DK","FR","43.29B","GVA",51,"GCO2E_EUR",2022,3
"EEIO_DK","FR","43.29B","IC",104,"GCO2E_EUR",2022,3
"EEIO_DK","FR","43.29B","PRD",75,"GCO2E_EUR",2022,3
"EEIO_DK","FR","43.31Z","FD",76,"GCO2E_EUR",2022,3
"EEIO_DK","FR","43.31Z","GVA",51,"GCO2E_EUR",2022,3
"EEIO_DK","FR","43.31Z","IC",104,"GCO2E_EUR",2022,3
"EEIO_DK","FR","43.31Z","PRD",75,"GCO2E_EUR",2022,3
"EEIO_DK","FR","43.32A","FD",76,"GCO2E_EUR",2022,3
"EEIO_DK","FR","43.32A","GVA",51,"GCO2E_EUR",2022,3
"EEIO_DK","FR","43.32A","IC",104,"GCO2E_EUR",2022,3
"EEIO_DK","FR","43.32A","PRD",75,"GCO2E_EUR",2022,3
"EEIO_DK","FR","43.32B","FD",76,"GCO2E_EUR",2022,3
"EEIO_DK","FR","43.32B","GVA",51,"GCO2E_EUR",2022,3
"EEIO_DK","FR","43.32B","IC",104,"GCO2E_EUR",2022,3
"EEIO_DK","FR","43.32B","PRD",75,"GCO2E_EUR",2022,3
"EEIO_DK","FR","43.32C","FD",76,"GCO2E_EUR",2022,3
"EEIO_DK","FR","43.32C","GVA",51,"GCO2E_EUR",2022,3
"EEIO_DK","FR","43.32C","IC",104,"GCO2E_EUR",2022,3
"EEIO_DK","FR","43.32C","PRD",75,"GCO2E_EUR",2022,3
"EEIO_DK","FR","43.33Z","FD",76,"GCO2E_EUR",2022,3
"EEIO_DK","FR","43.33Z","GVA",51,"GCO2E_EUR",2022,3
"EEIO_DK","FR","43.33Z","IC",104,"GCO2E_EUR",2022,3
"EEIO_DK","FR","43.33Z","PRD",75,"GCO2E_EUR",2022,3
"EEIO_DK","FR","43.34Z","FD",76,"GCO2E_EUR",2022,3
"EEIO_DK","FR","43.34Z","GVA",51,"GCO2E_EUR",2022,3
"EEIO_DK","FR","43.34Z","IC",104,"GCO2E_EUR",2022,3
"EEIO_DK","FR","43.34Z","PRD",75,"GCO2E_EUR",2022,3
"EEIO_DK","FR","43.39Z","FD",76,"GCO2E_EUR",2022,3
"EEIO_DK","FR","43.39Z","GVA",51,"GCO2E_EUR",2022,3
"EEIO_DK","FR","43.39Z","IC",104,"GCO2E_EUR",2022,3
"EEIO_DK","FR","43.39Z","PRD",75,"GCO2E_EUR",2022,3
"EEIO_DK","FR","43.91A","FD",76,"GCO2E_EUR",2022,3
"EEIO_DK","FR","43.91A","GVA",51,"GCO2E_EUR",2022,3
"EEIO_DK","FR","43.91A","IC",104,"GCO2E_EUR",2022,3
"EEIO_DK","FR","43.91A","PRD",75,"GCO2E_EUR",2022,3
"EEIO_DK","FR","43.91B","FD",76,"GCO2E_EUR",2022,3
"EEIO_DK","FR","43.91B","GVA",51,"GCO2E_EUR",2022,3
"EEIO_DK","FR","43.91B","IC",104,"GCO2E_EUR",2022,3
"EEIO_DK","FR","43.91B","PRD",75,"GCO2E_EUR",2022,3
"EEIO_DK","FR","43.99A","FD",76,"GCO2E_EUR",2022,3
"EEIO_DK","FR","43.99A","GVA",51,"GCO2E_EUR",2022,3
"EEIO_DK","FR","43.99A","IC",104,"GCO2E_EUR",2022,3
"EEIO_DK","FR","43.99A","PRD",75,"GCO2E_EUR",2022,3
"EEIO_DK","FR","43.99B","FD",76,"GCO2E_EUR",2022,3
"EEIO_DK","FR","43.99B","GVA",51,"GCO2E_EUR",2022,3
"EEIO_DK","FR","43.99B","IC",104,"GCO2E_EUR",2022,3
"EEIO_DK","FR","43.99B","PRD",75,"GCO2E_EUR",2022,3
"EEIO_DK","FR","43.99C","FD",76,"GCO2E_EUR",2022,3
"EEIO_DK","FR","43.99C","GVA",51,"GCO2E_EUR",2022,3
"EEIO_DK","FR","43.99C","IC",104,"GCO2E_EUR",2022,3
"EEIO_DK","FR","43.99C","PRD",75,"GCO2E_EUR",2022,3
"EEIO_DK","FR","43.99D","FD",76,"GCO2E_EUR",2022,3
"EEIO_DK","FR","43.99D","GVA",51,"GCO2E_EUR",2022,3
"EEIO_DK","FR","43.99D","IC",104,"GCO2E_EUR",2022,3
"EEIO_DK","FR","43.99D","PRD",75,"GCO2E_EUR",2022,3
"EEIO_DK","FR","43.99E","FD",76,"GCO2E_EUR",2022,3
"EEIO_DK","FR","43.99E","GVA",51,"GCO2E_EUR",2022,3
"EEIO_DK","FR","43.99E","IC",104,"GCO2E_EUR",2022,3
"EEIO_DK","FR","43.99E","PRD",75,"GCO2E_EUR",2022,3
"EEIO_DK","FR","45.11Z","FD",98,"GCO2E_EUR",2022,2
"EEIO_DK","FR","45.11Z","GVA",99,"GCO2E_EUR",2022,2
"EEIO_DK","FR","45.11Z","IC",94,"GCO2E_EUR",2022,2
"EEIO_DK","FR","45.11Z","PRD",97,"GCO2E_EUR",2022,2
"EEIO_DK","FR","45.19Z","FD",98,"GCO2E_EUR",2022,2
"EEIO_DK","FR","45.19Z","GVA",99,"GCO2E_EUR",2022,2
"EEIO_DK","FR","45.19Z","IC",94,"GCO2E_EUR",2022,2
"EEIO_DK","FR","45.19Z","PRD",97,"GCO2E_EUR",2022,2
"EEIO_DK","FR","45.20A","FD",95,"GCO2E_EUR",2022,2
"EEIO_DK","FR","45.20A","GVA",150,"GCO2E_EUR",2022,2
"EEIO_DK","FR","45.20A","IC",65,"GCO2E_EUR",2022,2
"EEIO_DK","FR","45.20A","PRD",95,"GCO2E_EUR",2022,2
"EEIO_DK","FR","45.20B","FD",95,"GCO2E_EUR",2022,2
"EEIO_DK","FR","45.20B","GVA",150,"GCO2E_EUR",2022,2
"EEIO_DK","FR","45.20B","IC",65,"GCO2E_EUR",2022,2
"EEIO_DK","FR","45.20B","PRD",95,"GCO2E_EUR",2022,2
"EEIO_DK","FR","45.31Z","FD",95,"GCO2E_EUR",2022,2
"EEIO_DK","FR","45.31Z","GVA",150,"GCO2E_EUR",2022,2
"EEIO_DK","FR","45.31Z","IC",65,"GCO2E_EUR",2022,2
"EEIO_DK","FR","45.31Z","PRD",95,"GCO2E_EUR",2022,2
"EEIO_DK","FR","45.32Z","FD",95,"GCO2E_EUR",2022,2
"EEIO_DK","FR","45.32Z","GVA",150,"GCO2E_EUR",2022,2
"EEIO_DK","FR","45.32Z","IC",65,"GCO2E_EUR",2022,2
"EEIO_DK","FR","45.32Z","PRD",95,"GCO2E_EUR",2022,2
"EEIO_DK","FR","45.40Z","FD",95,"GCO2E_EUR",2022,2
"EEIO_DK","FR","45.40Z","GVA",150,"GCO2E_EUR",2022,2
"EEIO_DK","FR","45.40Z","IC",65,"GCO2E_EUR",2022,2
"EEIO_DK","FR","45.40Z","PRD",95,"GCO2E_EUR",2022,2
"EEIO_DK","FR","46.11Z","FD",69,"GCO2E_EUR",2022,4
"EEIO_DK","FR","46.11Z","GVA",28,"GCO2E_EUR",2022,4
"EEIO_DK","FR","46.11Z","IC",101,"GCO2E_EUR",2022,4
"EEIO_DK","FR","46.11Z","PRD",65,"GCO2E_EUR",2022,4
"EEIO_DK","FR","46.12A","FD",69,"GCO2E_EUR",2022,4
"EEIO_DK","FR","46.12A","GVA",28,"GCO2E_EUR",2022,4
"EEIO_DK","FR","46.12A","IC",101,"GCO2E_EUR",2022,4
"EEIO_DK","FR","46.12A","PRD",65,"GCO2E_EUR",2022,4
"EEIO_DK","FR","46.12B","FD",69,"GCO2E_EUR",2022,4
"EEIO_DK","FR","46.12B","GVA",28,"GCO2E_EUR",2022,4
"EEIO_DK","FR","46.12B","IC",101,"GCO2E_EUR",2022,4
"EEIO_DK","FR","46.12B","PRD",65,"GCO2E_EUR",2022,4
"EEIO_DK","FR","46.13Z","FD",69,"GCO2E_EUR",2022,4
"EEIO_DK","FR","46.13Z","GVA",28,"GCO2E_EUR",2022,4
"EEIO_DK","FR","46.13Z","IC",101,"GCO2E_EUR",2022,4
"EEIO_DK","FR","46.13Z","PRD",65,"GCO2E_EUR",2022,4
"EEIO_DK","FR","46.14Z","FD",69,"GCO2E_EUR",2022,4
"EEIO_DK","FR","46.14Z","GVA",28,"GCO2E_EUR",2022,4
"EEIO_DK","FR","46.14Z","IC",101,"GCO2E_EUR",2022,4
"EEIO_DK","FR","46.14Z","PRD",65,"GCO2E_EUR",2022,4
"EEIO_DK","FR","46.15Z","FD",69,"GCO2E_EUR",2022,4
"EEIO_DK","FR","46.15Z","GVA",28,"GCO2E_EUR",2022,4
"EEIO_DK","FR","46.15Z","IC",101,"GCO2E_EUR",2022,4
"EEIO_DK","FR","46.15Z","PRD",65,"GCO2E_EUR",2022,4
"EEIO_DK","FR","46.16Z","FD",69,"GCO2E_EUR",2022,4
"EEIO_DK","FR","46.16Z","GVA",28,"GCO2E_EUR",2022,4
"EEIO_DK","FR","46.16Z","IC",101,"GCO2E_EUR",2022,4
"EEIO_DK","FR","46.16Z","PRD",65,"GCO2E_EUR",2022,4
"EEIO_DK","FR","46.17A","FD",69,"GCO2E_EUR",2022,4
"EEIO_DK","FR","46.17A","GVA",28,"GCO2E_EUR",2022,4
"EEIO_DK","FR","46.17A","IC",101,"GCO2E_EUR",2022,4
"EEIO_DK","FR","46.17A","PRD",65,"GCO2E_EUR",2022,4
"EEIO_DK","FR","46.17B","FD",69,"GCO2E_EUR",2022,4
"EEIO_DK","FR","46.17B","GVA",28,"GCO2E_EUR",2022,4
"EEIO_DK","FR","46.17B","IC",101,"GCO2E_EUR",2022,4
"EEIO_DK","FR","46.17B","PRD",65,"GCO2E_EUR",2022,4
"EEIO_DK","FR","46.18Z","FD",69,"GCO2E_EUR",2022,4
"EEIO_DK","FR","46.18Z","GVA",28,"GCO2E_EUR",2022,4
"EEIO_DK","FR","46.18Z","IC",101,"GCO2E_EUR",2022,4
"EEIO_DK","FR","46.18Z","PRD",65,"GCO2E_EUR",2022,4
"EEIO_DK","FR","46.19A","FD",69,"GCO2E_EUR",2022,4
"EEIO_DK","FR","46.19A","GVA",28,"GCO2E_EUR",2022,4
"EEIO_DK","FR","46.19A","IC",101,"GCO2E_EUR",2022,4
"EEIO_DK","FR","46.19A","PRD",65,"GCO2E_EUR",2022,4
"EEIO_DK","FR","46.19B","FD",69,"GCO2E_EUR",2022,4
"EEIO_DK","FR","46.19B","GVA",28,"GCO2E_EUR",2022,4
"EEIO_DK","FR","46.19B","IC",101,"GCO2E_EUR",2022,4
"EEIO_DK","FR","46.19B","PRD",65,"GCO2E_EUR",2022,4
"EEIO_DK","FR","46.21Z","FD",69,"GCO2E_EUR",2022,4
"EEIO_DK","FR","46.21Z","GVA",28,"GCO2E_EUR",2022,4
"EEIO_DK","FR","46.21Z","IC",101,"GCO2E_EUR",2022,4
"EEIO_DK","FR","46.21Z","PRD",65,"GCO2E_EUR",2022,4
"EEIO_DK","FR","46.22Z","FD",69,"GCO2E_EUR",2022,4
"EEIO_DK","FR","46.22Z","GVA",28,"GCO2E_EUR",2022,4
"EEIO_DK","FR","46.22Z","IC",101,"GCO2E_EUR",2022,4
"EEIO_DK","FR","46.22Z","PRD",65,"GCO2E_EUR",2022,4
"EEIO_DK","FR","46.23Z","FD",69,"GCO2E_EUR",2022,4
"EEIO_DK","FR","46.23Z","GVA",28,"GCO2E_EUR",2022,4
"EEIO_DK","FR","46.23Z","IC",101,"GCO2E_EUR",2022,4
"EEIO_DK","FR","46.23Z","PRD",65,"GCO2E_EUR",2022,4
"EEIO_DK","FR","46.24Z","FD",69,"GCO2E_EUR",2022,4
"EEIO_DK","FR","46.24Z","GVA",28,"GCO2E_EUR",2022,4
"EEIO_DK","FR","46.24Z","IC",101,"GCO2E_EUR",2022,4
"EEIO_DK","FR","46.24Z","PRD",65,"GCO2E_EUR",2022,4
"EEIO_DK","FR","46.31Z","FD",69,"GCO2E_EUR",2022,4
"EEIO_DK","FR","46.31Z","GVA",28,"GCO2E_EUR",2022,4
"EEIO_DK","FR","46.31Z","IC",101,"GCO2E_EUR",2022,4
"EEIO_DK","FR","46.31Z","PRD",65,"GCO2E_EUR",2022,4
"EEIO_DK","FR","46.32A","FD",69,"GCO2E_EUR",2022,4
"EEIO_DK","FR","46.32A","GVA",28,"GCO2E_EUR",2022,4
"EEIO_DK","FR","46.32A","IC",101,"GCO2E_EUR",2022,4
"EEIO_DK","FR","46.32A","PRD",65,"GCO2E_EUR",2022,4
"EEIO_DK","FR","46.32B","FD",69,"GCO2E_EUR",2022,4
"EEIO_DK","FR","46.32B","GVA",28,"GCO2E_EUR",2022,4
"EEIO_DK","FR","46.32B","IC",101,"GCO2E_EUR",2022,4
"EEIO_DK","FR","46.32B","PRD",65,"GCO2E_EUR",2022,4
"EEIO_DK","FR","46.32C","FD",69,"GCO2E_EUR",2022,4
"EEIO_DK","FR","46.32C","GVA",28,"GCO2E_EUR",2022,4
"EEIO_DK","FR","46.32C","IC",101,"GCO2E_EUR",2022,4
"EEIO_DK","FR","46.32C","PRD",65,"GCO2E_EUR",2022,4
"EEIO_DK","FR","46.33Z","FD",69,"GCO2E_EUR",2022,4
"EEIO_DK","FR","46.33Z","GVA",28,"GCO2E_EUR",2022,4
"EEIO_DK","FR","46.33Z","IC",101,"GCO2E_EUR",2022,4
"EEIO_DK","FR","46.33Z","PRD",65,"GCO2E_EUR",2022,4
"EEIO_DK","FR","46.34Z","FD",69,"GCO2E_EUR",2022,4
"EEIO_DK","FR","46.34Z","GVA",28,"GCO2E_EUR",2022,4
"EEIO_DK","FR","46.34Z","IC",101,"GCO2E_EUR",2022,4
"EEIO_DK","FR","46.34Z","PRD",65,"GCO2E_EUR",2022,4
"EEIO_DK","FR","46.35Z","FD",69,"GCO2E_EUR",2022,4
"EEIO_DK","FR","46.35Z","GVA",28,"GCO2E_EUR",2022,4
"EEIO_DK","FR","46.35Z","IC",101,"GCO2E_EUR",2022,4
"EEIO_DK","FR","46.35Z","PRD",65,"GCO2E_EUR",2022,4
"EEIO_DK","FR","46.36Z","FD",69,"GCO2E_EUR",2022,4
"EEIO_DK","FR","46.36Z","GVA",28,"GCO2E_EUR",2022,4
"EEIO_DK","FR","46.36Z","IC",101,"GCO2E_EUR",2022,4
"EEIO_DK","FR","46.36Z","PRD",65,"GCO2E_EUR",2022,4
"EEIO_DK","FR","46.37Z","FD",69,"GCO2E_EUR",2022,4
"EEIO_DK","FR","46.37Z","GVA",28,"GCO2E_EUR",2022,4
"EEIO_DK","FR","46.37Z","IC",101,"GCO2E_EUR",2022,4
"EEIO_DK","FR","46.37Z","PRD",65,"GCO2E_EUR",2022,4
"EEIO_DK","FR","46.38A","FD",69,"GCO2E_EUR",2022,4
"EEIO_DK","FR","46.38A","GVA",28,"GCO2E_EUR",2022,4
"EEIO_DK","FR","46.38A","IC",101,"GCO2E_EUR",2022,4
"EEIO_DK","FR","46.38A","PRD",65,"GCO2E_EUR",2022,4
"EEIO_DK","FR","46.38B","FD",69,"GCO2E_EUR",2022,4
"EEIO_DK","FR","46.38B","GVA",28,"GCO2E_EUR",2022,4
"EEIO_DK","FR","46.38B","IC",101,"GCO2E_EUR",2022,4
"EEIO_DK","FR","46.38B","PRD",65,"GCO2E_EUR",2022,4
"EEIO_DK","FR","46.39A","FD",69,"GCO2E_EUR",2022,4
"EEIO_DK","FR","46.39A","GVA",28,"GCO2E_EUR",2022,4
"EEIO_DK","FR","46.39A","IC",101,"GCO2E_EUR",2022,4
"EEIO_DK","FR","46.39A","PRD",65,"GCO2E_EUR",2022,4
"EEIO_DK","FR","46.39B","FD",69,"GCO2E_EUR",2022,4
"EEIO_DK","FR","46.39B","GVA",28,"GCO2E_EUR",2022,4
"EEIO_DK","FR","46.39B","IC",101,"GCO2E_EUR",2022,4
"EEIO_DK","FR","46.39B","PRD",65,"GCO2E_EUR",2022,4
"EEIO_DK","FR","46.41Z","FD",69,"GCO2E_EUR",2022,4
"EEIO_DK","FR","46.41Z","GVA",28,"GCO2E_EUR",2022,4
"EEIO_DK","FR","46.41Z","IC",101,"GCO2E_EUR",2022,4
"EEIO_DK","FR","46.41Z","PRD",65,"GCO2E_EUR",2022,4
"EEIO_DK","FR","46.42Z","FD",69,"GCO2E_EUR",2022,4
"EEIO_DK","FR","46.42Z","GVA",28,"GCO2E_EUR",2022,4
"EEIO_DK","FR","46.42Z","IC",101,"GCO2E_EUR",2022,4
"EEIO_DK","FR","46.42Z","PRD",65,"GCO2E_EUR",2022,4
"EEIO_DK","FR","46.43Z","FD",69,"GCO2E_EUR",2022,4
"EEIO_DK","FR","46.43Z","GVA",28,"GCO2E_EUR",2022,4
"EEIO_DK","FR","46.43Z","IC",101,"GCO2E_EUR",2022,4
"EEIO_DK","FR","46.43Z","PRD",65,"GCO2E_EUR",2022,4
"EEIO_DK","FR","46.44Z","FD",69,"GCO2E_EUR",2022,4
"EEIO_DK","FR","46.44Z","GVA",28,"GCO2E_EUR",2022,4
"EEIO_DK","FR","46.44Z","IC",101,"GCO2E_EUR",2022,4
"EEIO_DK","FR","46.44Z","PRD",65,"GCO2E_EUR",2022,4
"EEIO_DK","FR","46.45Z","FD",69,"GCO2E_EUR",2022,4
"EEIO_DK","FR","46.45Z","GVA",28,"GCO2E_EUR",2022,4
"EEIO_DK","FR","46.45Z","IC",101,"GCO2E_EUR",2022,4
"EEIO_DK","FR","46.45Z","PRD",65,"GCO2E_EUR",2022,4
"EEIO_DK","FR","46.46Z","FD",69,"GCO2E_EUR",2022,4
"EEIO_DK","FR","46.46Z","GVA",28,"GCO2E_EUR",2022,4
"EEIO_DK","FR","46.46Z","IC",101,"GCO2E_EUR",2022,4
"EEIO_DK","FR","46.46Z","PRD",65,"GCO2E_EUR",2022,4
"EEIO_DK","FR","46.47Z","FD",69,"GCO2E_EUR",2022,4
"EEIO_DK","FR","46.47Z","GVA",28,"GCO2E_EUR",2022,4
"EEIO_DK","FR","46.47Z","IC",101,"GCO2E_EUR",2022,4
"EEIO_DK","FR","46.47Z","PRD",65,"GCO2E_EUR",2022,4
"EEIO_DK","FR","46.48Z","FD",69,"GCO2E_EUR",2022,4
"EEIO_DK","FR","46.48Z","GVA",28,"GCO2E_EUR",2022,4
"EEIO_DK","FR","46.48Z","IC",101,"GCO2E_EUR",2022,4
"EEIO_DK","FR","46.48Z","PRD",65,"GCO2E_EUR",2022,4
"EEIO_DK","FR","46.49Z","FD",69,"GCO2E_EUR",2022,4
"EEIO_DK","FR","46.49Z","GVA",28,"GCO2E_EUR",2022,4
"EEIO_DK","FR","46.49Z","IC",101,"GCO2E_EUR",2022,4
"EEIO_DK","FR","46.49Z","PRD",65,"GCO2E_EUR",2022,4
"EEIO_DK","FR","46.51Z","FD",69,"GCO2E_EUR",2022,4
"EEIO_DK","FR","46.51Z","GVA",28,"GCO2E_EUR",2022,4
"EEIO_DK","FR","46.51Z","IC",101,"GCO2E_EUR",2022,4
"EEIO_DK","FR","46.51Z","PRD",65,"GCO2E_EUR",2022,4
"EEIO_DK","FR","46.52Z","FD",69,"GCO2E_EUR",2022,4
"EEIO_DK","FR","46.52Z","GVA",28,"GCO2E_EUR",2022,4
"EEIO_DK","FR","46.52Z","IC",101,"GCO2E_EUR",2022,4
"EEIO_DK","FR","46.52Z","PRD",65,"GCO2E_EUR",2022,4
"EEIO_DK","FR","46.61Z","FD",69,"GCO2E_EUR",2022,4
"EEIO_DK","FR","46.61Z","GVA",28,"GCO2E_EUR",2022,4
"EEIO_DK","FR","46.61Z","IC",101,"GCO2E_EUR",2022,4
"EEIO_DK","FR","46.61Z","PRD",65,"GCO2E_EUR",2022,4
"EEIO_DK","FR","46.62Z","FD",69,"GCO2E_EUR",2022,4
"EEIO_DK","FR","46.62Z","GVA",28,"GCO2E_EUR",2022,4
"EEIO_DK","FR","46.62Z","IC",101,"GCO2E_EUR",2022,4
"EEIO_DK","FR","46.62Z","PRD",65,"GCO2E_EUR",2022,4
"EEIO_DK","FR","46.63Z","FD",69,"GCO2E_EUR",2022,4
"EEIO_DK","FR","46.63Z","GVA",28,"GCO2E_EUR",2022,4
"EEIO_DK","FR","46.63Z","IC",101,"GCO2E_EUR",2022,4
"EEIO_DK","FR","46.63Z","PRD",65,"GCO2E_EUR",2022,4
"EEIO_DK","FR","46.64Z","FD",69,"GCO2E_EUR",2022,4
"EEIO_DK","FR","46.64Z","GVA",28,"GCO2E_EUR",2022,4
"EEIO_DK","FR","46.64Z","IC",101,"GCO2E_EUR",2022,4
"EEIO_DK","FR","46.64Z","PRD",65,"GCO2E_EUR",2022,4
"EEIO_DK","FR","46.65Z","FD",69,"GCO2E_EUR",2022,4
"EEIO_DK","FR","46.65Z","GVA",28,"GCO2E_EUR",2022,4
"EEIO_DK","FR","46.65Z","IC",101,"GCO2E_EUR",2022,4
"EEIO_DK","FR","46.65Z","PRD",65,"GCO2E_EUR",2022,4
"EEIO_DK","FR","46.66Z","FD",69,"GCO2E_EUR",2022,4
"EEIO_DK","FR","46.66Z","GVA",28,"GCO2E_EUR",2022,4
"EEIO_DK","FR","46.66Z","IC",101,"GCO2E_EUR",2022,4
"EEIO_DK","FR","46.66Z","PRD",65,"GCO2E_EUR",2022,4
"EEIO_DK","FR","46.69A","FD",69,"GCO2E_EUR",2022,4
"EEIO_DK","FR","46.69A","GVA",28,"GCO2E_EUR",2022,4
"EEIO_DK","FR","46.69A","IC",101,"GCO2E_EUR",2022,4
"EEIO_DK","FR","46.69A","PRD",65,"GCO2E_EUR",2022,4
"EEIO_DK","FR","46.69B","FD",69,"GCO2E_EUR",2022,4
"EEIO_DK","FR","46.69B","GVA",28,"GCO2E_EUR",2022,4
"EEIO_DK","FR","46.69B","IC",101,"GCO2E_EUR",2022,4
"EEIO_DK","FR","46.69B","PRD",65,"GCO2E_EUR",2022,4
"EEIO_DK","FR","46.69C","FD",69,"GCO2E_EUR",2022,4
"EEIO_DK","FR","46.69C","GVA",28,"GCO2E_EUR",2022,4
"EEIO_DK","FR","46.69C","IC",101,"GCO2E_EUR",2022,4
"EEIO_DK","FR","46.69C","PRD",65,"GCO2E_EUR",2022,4
"EEIO_DK","FR","46.71Z","FD",69,"GCO2E_EUR",2022,4
"EEIO_DK","FR","46.71Z","GVA",28,"GCO2E_EUR",2022,4
"EEIO_DK","FR","46.71Z","IC",101,"GCO2E_EUR",2022,4
"EEIO_DK","FR","46.71Z","PRD",65,"GCO2E_EUR",2022,4
"EEIO_DK","FR","46.72Z","FD",69,"GCO2E_EUR",2022,4
"EEIO_DK","FR","46.72Z","GVA",28,"GCO2E_EUR",2022,4
"EEIO_DK","FR","46.72Z","IC",101,"GCO2E_EUR",2022,4
"EEIO_DK","FR","46.72Z","PRD",65,"GCO2E_EUR",2022,4
"EEIO_DK","FR","46.73A","FD",69,"GCO2E_EUR",2022,4
"EEIO_DK","FR","46.73A","GVA",28,"GCO2E_EUR",2022,4
"EEIO_DK","FR","46.73A","IC",101,"GCO2E_EUR",2022,4
"EEIO_DK","FR","46.73A","PRD",65,"GCO2E_EUR",2022,4
"EEIO_DK","FR","46.73B","FD",69,"GCO2E_EUR",2022,4
"EEIO_DK","FR","46.73B","GVA",28,"GCO2E_EUR",2022,4
"EEIO_DK","FR","46.73B","IC",101,"GCO2E_EUR",2022,4
"EEIO_DK","FR","46.73B","PRD",65,"GCO2E_EUR",2022,4
"EEIO_DK","FR","46.74A","FD",69,"GCO2E_EUR",2022,4
"EEIO_DK","FR","46.74A","GVA",28,"GCO2E_EUR",2022,4
"EEIO_DK","FR","46.74A","IC",101,"GCO2E_EUR",2022,4
"EEIO_DK","FR","46.74A","PRD",65,"GCO2E_EUR",2022,4
"EEIO_DK","FR","46.74B","FD",69,"GCO2E_EUR",2022,4
"EEIO_DK","FR","46.74B","GVA",28,"GCO2E_EUR",2022,4
"EEIO_DK","FR","46.74B","IC",101,"GCO2E_EUR",2022,4
"EEIO_DK","FR","46.74B","PRD",65,"GCO2E_EUR",2022,4
"EEIO_DK","FR","46.75Z","FD",69,"GCO2E_EUR",2022,4
"EEIO_DK","FR","46.75Z","GVA",28,"GCO2E_EUR",2022,4
"EEIO_DK","FR","46.75Z","IC",101,"GCO2E_EUR",2022,4
"EEIO_DK","FR","46.75Z","PRD",65,"GCO2E_EUR",2022,4
"EEIO_DK","FR","46.76Z","FD",69,"GCO2E_EUR",2022,4
"EEIO_DK","FR","46.76Z","GVA",28,"GCO2E_EUR",2022,4
"EEIO_DK","FR","46.76Z","IC",101,"GCO2E_EUR",2022,4
"EEIO_DK","FR","46.76Z","PRD",65,"GCO2E_EUR",2022,4
"EEIO_DK","FR","46.77Z","FD",69,"GCO2E_EUR",2022,4
"EEIO_DK","FR","46.77Z","GVA",28,"GCO2E_EUR",2022,4
"EEIO_DK","FR","46.77Z","IC",101,"GCO2E_EUR",2022,4
"EEIO_DK","FR","46.77Z","PRD",65,"GCO2E_EUR",2022,4
"EEIO_DK","FR","46.90Z","FD",69,"GCO2E_EUR",2022,4
"EEIO_DK","FR","46.90Z","GVA",28,"GCO2E_EUR",2022,4
"EEIO_DK","FR","46.90Z","IC",101,"GCO2E_EUR",2022,4
"EEIO_DK","FR","46.90Z","PRD",65,"GCO2E_EUR",2022,4
"EEIO_DK","FR","47.11A","FD",51,"GCO2E_EUR",2022,4
"EEIO_DK","FR","47.11A","GVA",48,"GCO2E_EUR",2022,4
"EEIO_DK","FR","47.11A","IC",55,"GCO2E_EUR",2022,4
"EEIO_DK","FR","47.11A","PRD",51,"GCO2E_EUR",2022,4
"EEIO_DK","FR","47.11B","FD",51,"GCO2E_EUR",2022,4
"EEIO_DK","FR","47.11B","GVA",48,"GCO2E_EUR",2022,4
"EEIO_DK","FR","47.11B","IC",55,"GCO2E_EUR",2022,4
"EEIO_DK","FR","47.11B","PRD",51,"GCO2E_EUR",2022,4
"EEIO_DK","FR","47.11C","FD",51,"GCO2E_EUR",2022,4
"EEIO_DK","FR","47.11C","GVA",48,"GCO2E_EUR",2022,4
"EEIO_DK","FR","47.11C","IC",55,"GCO2E_EUR",2022,4
"EEIO_DK","FR","47.11C","PRD",51,"GCO2E_EUR",2022,4
"EEIO_DK","FR","47.11D","FD",51,"GCO2E_EUR",2022,4
"EEIO_DK","FR","47.11D","GVA",48,"GCO2E_EUR",2022,4
"EEIO_DK","FR","47.11D","IC",55,"GCO2E_EUR",2022,4
"EEIO_DK","FR","47.11D","PRD",51,"GCO2E_EUR",2022,4
"EEIO_DK","FR","47.11E","FD",51,"GCO2E_EUR",2022,4
"EEIO_DK","FR","47.11E","GVA",48,"GCO2E_EUR",2022,4
"EEIO_DK","FR","47.11E","IC",55,"GCO2E_EUR",2022,4
"EEIO_DK","FR","47.11E","PRD",51,"GCO2E_EUR",2022,4
"EEIO_DK","FR","47.11F","FD",51,"GCO2E_EUR",2022,4
"EEIO_DK","FR","47.11F","GVA",48,"GCO2E_EUR",2022,4
"EEIO_DK","FR","47.11F","IC",55,"GCO2E_EUR",2022,4
"EEIO_DK","FR","47.11F","PRD",51,"GCO2E_EUR",2022,4
"EEIO_DK","FR","47.19A","FD",51,"GCO2E_EUR",2022,4
"EEIO_DK","FR","47.19A","GVA",48,"GCO2E_EUR",2022,4
"EEIO_DK","FR","47.19A","IC",55,"GCO2E_EUR",2022,4
"EEIO_DK","FR","47.19A","PRD",51,"GCO2E_EUR",2022,4
"EEIO_DK","FR","47.19B","FD",51,"GCO2E_EUR",2022,4
"EEIO_DK","FR","47.19B","GVA",48,"GCO2E_EUR",2022,4
"EEIO_DK","FR","47.19B","IC",55,"GCO2E_EUR",2022,4
"EEIO_DK","FR","47.19B","PRD",51,"GCO2E_EUR",2022,4
"EEIO_DK","FR","47.21Z","FD",51,"GCO2E_EUR",2022,4
"EEIO_DK","FR","47.21Z","GVA",48,"GCO2E_EUR",2022,4
"EEIO_DK","FR","47.21Z","IC",55,"GCO2E_EUR",2022,4
"EEIO_DK","FR","47.21Z","PRD",51,"GCO2E_EUR",2022,4
"EEIO_DK","FR","47.22Z","FD",51,"GCO2E_EUR",2022,4
"EEIO_DK","FR","47.22Z","GVA",48,"GCO2E_EUR",2022,4
"EEIO_DK","FR","47.22Z","IC",55,"GCO2E_EUR",2022,4
"EEIO_DK","FR","47.22Z","PRD",51,"GCO2E_EUR",2022,4
"EEIO_DK","FR","47.23Z","FD",51,"GCO2E_EUR",2022,4
"EEIO_DK","FR","47.23Z","GVA",48,"GCO2E_EUR",2022,4
"EEIO_DK","FR","47.23Z","IC",55,"GCO2E_EUR",2022,4
"EEIO_DK","FR","47.23Z","PRD",51,"GCO2E_EUR",2022,4
"EEIO_DK","FR","47.24Z","FD",51,"GCO2E_EUR",2022,4
"EEIO_DK","FR","47.24Z","GVA",48,"GCO2E_EUR",2022,4
"EEIO_DK","FR","47.24Z","IC",55,"GCO2E_EUR",2022,4
"EEIO_DK","FR","47.24Z","PRD",51,"GCO2E_EUR",2022,4
"EEIO_DK","FR","47.25Z","FD",51,"GCO2E_EUR",2022,4
"EEIO_DK","FR","47.25Z","GVA",48,"GCO2E_EUR",2022,4
"EEIO_DK","FR","47.25Z","IC",55,"GCO2E_EUR",2022,4
"EEIO_DK","FR","47.25Z","PRD",51,"GCO2E_EUR",2022,4
"EEIO_DK","FR","47.26Z","FD",51,"GCO2E_EUR",2022,4
"EEIO_DK","FR","47.26Z","GVA",48,"GCO2E_EUR",2022,4
"EEIO_DK","FR","47.26Z","IC",55,"GCO2E_EUR",2022,4
"EEIO_DK","FR","47.26Z","PRD",51,"GCO2E_EUR",2022,4
"EEIO_DK","FR","47.29Z","FD",51,"GCO2E_EUR",2022,4
"EEIO_DK","FR","47.29Z","GVA",48,"GCO2E_EUR",2022,4
"EEIO_DK","FR","47.29Z","IC",55,"GCO2E_EUR",2022,4
"EEIO_DK","FR","47.29Z","PRD",51,"GCO2E_EUR",2022,4
"EEIO_DK","FR","47.30Z","FD",51,"GCO2E_EUR",2022,4
"EEIO_DK","FR","47.30Z","GVA",48,"GCO2E_EUR",2022,4
"EEIO_DK","FR","47.30Z","IC",55,"GCO2E_EUR",2022,4
"EEIO_DK","FR","47.30Z","PRD",51,"GCO2E_EUR",2022,4
"EEIO_DK","FR","47.41Z","FD",51,"GCO2E_EUR",2022,4
"EEIO_DK","FR","47.41Z","GVA",48,"GCO2E_EUR",2022,4
"EEIO_DK","FR","47.41Z","IC",55,"GCO2E_EUR",2022,4
"EEIO_DK","FR","47.41Z","PRD",51,"GCO2E_EUR",2022,4
"EEIO_DK","FR","47.42Z","FD",51,"GCO2E_EUR",2022,4
"EEIO_DK","FR","47.42Z","GVA",48,"GCO2E_EUR",2022,4
"EEIO_DK","FR","47.42Z","IC",55,"GCO2E_EUR",2022,4
"EEIO_DK","FR","47.42Z","PRD",51,"GCO2E_EUR",2022,4
"EEIO_DK","FR","47.43Z","FD",51,"GCO2E_EUR",2022,4
"EEIO_DK","FR","47.43Z","GVA",48,"GCO2E_EUR",2022,4
"EEIO_DK","FR","47.43Z","IC",55,"GCO2E_EUR",2022,4
"EEIO_DK","FR","47.43Z","PRD",51,"GCO2E_EUR",2022,4
"EEIO_DK","FR","47.51Z","FD",51,"GCO2E_EUR",2022,4
"EEIO_DK","FR","47.51Z","GVA",48,"GCO2E_EUR",2022,4
"EEIO_DK","FR","47.51Z","IC",55,"GCO2E_EUR",2022,4
"EEIO_DK","FR","47.51Z","PRD",51,"GCO2E_EUR",2022,4
"EEIO_DK","FR","47.52A","FD",51,"GCO2E_EUR",2022,4
"EEIO_DK","FR","47.52A","GVA",48,"GCO2E_EUR",2022,4
"EEIO_DK","FR","47.52A","IC",55,"GCO2E_EUR",2022,4
"EEIO_DK","FR","47.52A","PRD",51,"GCO2E_EUR",2022,4
"EEIO_DK","FR","47.52B","FD",51,"GCO2E_EUR",2022,4
"EEIO_DK","FR","47.52B","GVA",48,"GCO2E_EUR",2022,4
"EEIO_DK","FR","47.52B","IC",55,"GCO2E_EUR",2022,4
"EEIO_DK","FR","47.52B","PRD",51,"GCO2E_EUR",2022,4
"EEIO_DK","FR","47.53Z","FD",51,"GCO2E_EUR",2022,4
"EEIO_DK","FR","47.53Z","GVA",48,"GCO2E_EUR",2022,4
"EEIO_DK","FR","47.53Z","IC",55,"GCO2E_EUR",2022,4
"EEIO_DK","FR","47.53Z","PRD",51,"GCO2E_EUR",2022,4
"EEIO_DK","FR","47.54Z","FD",51,"GCO2E_EUR",2022,4
"EEIO_DK","FR","47.54Z","GVA",48,"GCO2E_EUR",2022,4
"EEIO_DK","FR","47.54Z","IC",55,"GCO2E_EUR",2022,4
"EEIO_DK","FR","47.54Z","PRD",51,"GCO2E_EUR",2022,4
"EEIO_DK","FR","47.59A","FD",51,"GCO2E_EUR",2022,4
"EEIO_DK","FR","47.59A","GVA",48,"GCO2E_EUR",2022,4
"EEIO_DK","FR","47.59A","IC",55,"GCO2E_EUR",2022,4
"EEIO_DK","FR","47.59A","PRD",51,"GCO2E_EUR",2022,4
"EEIO_DK","FR","47.59B","FD",51,"GCO2E_EUR",2022,4
"EEIO_DK","FR","47.59B","GVA",48,"GCO2E_EUR",2022,4
"EEIO_DK","FR","47.59B","IC",55,"GCO2E_EUR",2022,4
"EEIO_DK","FR","47.59B","PRD",51,"GCO2E_EUR",2022,4
"EEIO_DK","FR","47.61Z","FD",51,"GCO2E_EUR",2022,4
"EEIO_DK","FR","47.61Z","GVA",48,"GCO2E_EUR",2022,4
"EEIO_DK","FR","47.61Z","IC",55,"GCO2E_EUR",2022,4
"EEIO_DK","FR","47.61Z","PRD",51,"GCO2E_EUR",2022,4
"EEIO_DK","FR","47.62Z","FD",51,"GCO2E_EUR",2022,4
"EEIO_DK","FR","47.62Z","GVA",48,"GCO2E_EUR",2022,4
"EEIO_DK","FR","47.62Z","IC",55,"GCO2E_EUR",2022,4
"EEIO_DK","FR","47.62Z","PRD",51,"GCO2E_EUR",2022,4
"EEIO_DK","FR","47.63Z","FD",51,"GCO2E_EUR",2022,4
"EEIO_DK","FR","47.63Z","GVA",48,"GCO2E_EUR",2022,4
"EEIO_DK","FR","47.63Z","IC",55,"GCO2E_EUR",2022,4
"EEIO_DK","FR","47.63Z","PRD",51,"GCO2E_EUR",2022,4
"EEIO_DK","FR","47.64Z","FD",51,"GCO2E_EUR",2022,4
"EEIO_DK","FR","47.64Z","GVA",48,"GCO2E_EUR",2022,4
"EEIO_DK","FR","47.64Z","IC",55,"GCO2E_EUR",2022,4
"EEIO_DK","FR","47.64Z","PRD",51,"GCO2E_EUR",2022,4
"EEIO_DK","FR","47.65Z","FD",51,"GCO2E_EUR",2022,4
"EEIO_DK","FR","47.65Z","GVA",48,"GCO2E_EUR",2022,4
"EEIO_DK","FR","47.65Z","IC",55,"GCO2E_EUR",2022,4
"EEIO_DK","FR","47.65Z","PRD",51,"GCO2E_EUR",2022,4
"EEIO_DK","FR","47.71Z","FD",51,"GCO2E_EUR",2022,4
"EEIO_DK","FR","47.71Z","GVA",48,"GCO2E_EUR",2022,4
"EEIO_DK","FR","47.71Z","IC",55,"GCO2E_EUR",2022,4
"EEIO_DK","FR","47.71Z","PRD",51,"GCO2E_EUR",2022,4
"EEIO_DK","FR","47.72A","FD",51,"GCO2E_EUR",2022,4
"EEIO_DK","FR","47.72A","GVA",48,"GCO2E_EUR",2022,4
"EEIO_DK","FR","47.72A","IC",55,"GCO2E_EUR",2022,4
"EEIO_DK","FR","47.72A","PRD",51,"GCO2E_EUR",2022,4
"EEIO_DK","FR","47.72B","FD",51,"GCO2E_EUR",2022,4
"EEIO_DK","FR","47.72B","GVA",48,"GCO2E_EUR",2022,4
"EEIO_DK","FR","47.72B","IC",55,"GCO2E_EUR",2022,4
"EEIO_DK","FR","47.72B","PRD",51,"GCO2E_EUR",2022,4
"EEIO_DK","FR","47.73Z","FD",51,"GCO2E_EUR",2022,4
"EEIO_DK","FR","47.73Z","GVA",48,"GCO2E_EUR",2022,4
"EEIO_DK","FR","47.73Z","IC",55,"GCO2E_EUR",2022,4
"EEIO_DK","FR","47.73Z","PRD",51,"GCO2E_EUR",2022,4
"EEIO_DK","FR","47.74Z","FD",51,"GCO2E_EUR",2022,4
"EEIO_DK","FR","47.74Z","GVA",48,"GCO2E_EUR",2022,4
"EEIO_DK","FR","47.74Z","IC",55,"GCO2E_EUR",2022,4
"EEIO_DK","FR","47.74Z","PRD",51,"GCO2E_EUR",2022,4
"EEIO_DK","FR","47.75Z","FD",51,"GCO2E_EUR",2022,4
"EEIO_DK","FR","47.75Z","GVA",48,"GCO2E_EUR",2022,4
"EEIO_DK","FR","47.75Z","IC",55,"GCO2E_EUR",2022,4
"EEIO_DK","FR","47.75Z","PRD",51,"GCO2E_EUR",2022,4
"EEIO_DK","FR","47.76Z","FD",51,"GCO2E_EUR",2022,4
"EEIO_DK","FR","47.76Z","GVA",48,"GCO2E_EUR",2022,4
"EEIO_DK","FR","47.76Z","IC",55,"GCO2E_EUR",2022,4
"EEIO_DK","FR","47.76Z","PRD",51,"GCO2E_EUR",2022,4
"EEIO_DK","FR","47.77Z","FD",51,"GCO2E_EUR",2022,4
"EEIO_DK","FR","47.77Z","GVA",48,"GCO2E_EUR",2022,4
"EEIO_DK","FR","47.77Z","IC",55,"GCO2E_EUR",2022,4
"EEIO_DK","FR","47.77Z","PRD",51,"GCO2E_EUR",2022,4
"EEIO_DK","FR","47.78A","FD",51,"GCO2E_EUR",2022,4
"EEIO_DK","FR","47.78A","GVA",48,"GCO2E_EUR",2022,4
"EEIO_DK","FR","47.78A","IC",55,"GCO2E_EUR",2022,4
"EEIO_DK","FR","47.78A","PRD",51,"GCO2E_EUR",2022,4
"EEIO_DK","FR","47.78B","FD",51,"GCO2E_EUR",2022,4
"EEIO_DK","FR","47.78B","GVA",48,"GCO2E_EUR",2022,4
"EEIO_DK","FR","47.78B","IC",55,"GCO2E_EUR",2022,4
"EEIO_DK","FR","47.78B","PRD",51,"GCO2E_EUR",2022,4
"EEIO_DK","FR","47.78C","FD",51,"GCO2E_EUR",2022,4
"EEIO_DK","FR","47.78C","GVA",48,"GCO2E_EUR",2022,4
"EEIO_DK","FR","47.78C","IC",55,"GCO2E_EUR",2022,4
"EEIO_DK","FR","47.78C","PRD",51,"GCO2E_EUR",2022,4
"EEIO_DK","FR","47.79Z","FD",51,"GCO2E_EUR",2022,4
"EEIO_DK","FR","47.79Z","GVA",48,"GCO2E_EUR",2022,4
"EEIO_DK","FR","47.79Z","IC",55,"GCO2E_EUR",2022,4
"EEIO_DK","FR","47.79Z","PRD",51,"GCO2E_EUR",2022,4
"EEIO_DK","FR","47.81Z","FD",51,"GCO2E_EUR",2022,4
"EEIO_DK","FR","47.81Z","GVA",48,"GCO2E_EUR",2022,4
"EEIO_DK","FR","47.81Z","IC",55,"GCO2E_EUR",2022,4
"EEIO_DK","FR","47.81Z","PRD",51,"GCO2E_EUR",2022,4
"EEIO_DK","FR","47.82Z","FD",51,"GCO2E_EUR",2022,4
"EEIO_DK","FR","47.82Z","GVA",48,"GCO2E_EUR",2022,4
"EEIO_DK","FR","47.82Z","IC",55,"GCO2E_EUR",2022,4
"EEIO_DK","FR","47.82Z","PRD",51,"GCO2E_EUR",2022,4
"EEIO_DK","FR","47.89Z","FD",51,"GCO2E_EUR",2022,4
"EEIO_DK","FR","47.89Z","GVA",48,"GCO2E_EUR",2022,4
"EEIO_DK","FR","47.89Z","IC",55,"GCO2E_EUR",2022,4
"EEIO_DK","FR","47.89Z","PRD",51,"GCO2E_EUR",2022,4
"EEIO_DK","FR","47.91A","FD",51,"GCO2E_EUR",2022,4
"EEIO_DK","FR","47.91A","GVA",48,"GCO2E_EUR",2022,4
"EEIO_DK","FR","47.91A","IC",55,"GCO2E_EUR",2022,4
"EEIO_DK","FR","47.91A","PRD",51,"GCO2E_EUR",2022,4
"EEIO_DK","FR","47.91B","FD",51,"GCO2E_EUR",2022,4
"EEIO_DK","FR","47.91B","GVA",48,"GCO2E_EUR",2022,4
"EEIO_DK","FR","47.91B","IC",55,"GCO2E_EUR",2022,4
"EEIO_DK","FR","47.91B","PRD",51,"GCO2E_EUR",2022,4
"EEIO_DK","FR","47.99A","FD",51,"GCO2E_EUR",2022,4
"EEIO_DK","FR","47.99A","GVA",48,"GCO2E_EUR",2022,4
"EEIO_DK","FR","47.99A","IC",55,"GCO2E_EUR",2022,4
"EEIO_DK","FR","47.99A","PRD",51,"GCO2E_EUR",2022,4
"EEIO_DK","FR","47.99B","FD",51,"GCO2E_EUR",2022,4
"EEIO_DK","FR","47.99B","GVA",48,"GCO2E_EUR",2022,4
"EEIO_DK","FR","47.99B","IC",55,"GCO2E_EUR",2022,4
"EEIO_DK","FR","47.99B","PRD",51,"GCO2E_EUR",2022,4
"EEIO_DK","FR","49.10Z","FD",186,"GCO2E_EUR",2022,2
"EEIO_DK","FR","49.10Z","GVA",391,"GCO2E_EUR",2022,2
"EEIO_DK","FR","49.10Z","IC",70,"GCO2E_EUR",2022,2
"EEIO_DK","FR","49.10Z","PRD",186,"GCO2E_EUR",2022,2
"EEIO_DK","FR","49.20Z","FD",269,"GCO2E_EUR",2022,2
"EEIO_DK","FR","49.20Z","GVA",436,"GCO2E_EUR",2022,2
"EEIO_DK","FR","49.20Z","IC",120,"GCO2E_EUR",2022,2
"EEIO_DK","FR","49.20Z","PRD",260,"GCO2E_EUR",2022,2
"EEIO_DK","FR","49.31Z","FD",81,"GCO2E_EUR",2022,2
"EEIO_DK","FR","49.31Z","GVA",88,"GCO2E_EUR",2022,2
"EEIO_DK","FR","49.31Z","IC",55,"GCO2E_EUR",2022,2
"EEIO_DK","FR","49.31Z","PRD",70,"GCO2E_EUR",2022,2
"EEIO_DK","FR","49.32Z","FD",81,"GCO2E_EUR",2022,2
"EEIO_DK","FR","49.32Z","GVA",88,"GCO2E_EUR",2022,2
"EEIO_DK","FR","49.32Z","IC",55,"GCO2E_EUR",2022,2
"EEIO_DK","FR","49.32Z","PRD",70,"GCO2E_EUR",2022,2
"EEIO_DK","FR","49.39A","FD",81,"GCO2E_EUR",2022,2
"EEIO_DK","FR","49.39A","GVA",88,"GCO2E_EUR",2022,2
"EEIO_DK","FR","49.39A","IC",55,"GCO2E_EUR",2022,2
"EEIO_DK","FR","49.39A","PRD",70,"GCO2E_EUR",2022,2
"EEIO_DK","FR","49.39B","FD",81,"GCO2E_EUR",2022,2
"EEIO_DK","FR","49.39B","GVA",88,"GCO2E_EUR",2022,2
"EEIO_DK","FR","49.39B","IC",55,"GCO2E_EUR",2022,2
"EEIO_DK","FR","49.39B","PRD",70,"GCO2E_EUR",2022,2
"EEIO_DK","FR","49.39C","FD",81,"GCO2E_EUR",2022,2
"EEIO_DK","FR","49.39C","GVA",88,"GCO2E_EUR",2022,2
"EEIO_DK","FR","49.39C","IC",55,"GCO2E_EUR",2022,2
"EEIO_DK","FR","49.39C","PRD",70,"GCO2E_EUR",2022,2
"EEIO_DK","FR","49.41A","FD",269,"GCO2E_EUR",2022,2
"EEIO_DK","FR","49.41A","GVA",436,"GCO2E_EUR",2022,2
"EEIO_DK","FR","49.41A","IC",120,"GCO2E_EUR",2022,2
"EEIO_DK","FR","49.41A","PRD",260,"GCO2E_EUR",2022,2
"EEIO_DK","FR","49.41B","FD",269,"GCO2E_EUR",2022,2
"EEIO_DK","FR","49.41B","GVA",436,"GCO2E_EUR",2022,2
"EEIO_DK","FR","49.41B","IC",120,"GCO2E_EUR",2022,2
"EEIO_DK","FR","49.41B","PRD",260,"GCO2E_EUR",2022,2
"EEIO_DK","FR","49.41C","FD",269,"GCO2E_EUR",2022,2
"EEIO_DK","FR","49.41C","GVA",436,"GCO2E_EUR",2022,2
"EEIO_DK","FR","49.41C","IC",120,"GCO2E_EUR",2022,2
"EEIO_DK","FR","49.41C","PRD",260,"GCO2E_EUR",2022,2
"EEIO_DK","FR","49.42Z","FD",269,"GCO2E_EUR",2022,2
"EEIO_DK","FR","49.42Z","GVA",436,"GCO2E_EUR",2022,2
"EEIO_DK","FR","49.42Z","IC",120,"GCO2E_EUR",2022,2
"EEIO_DK","FR","49.42Z","PRD",260,"GCO2E_EUR",2022,2
"EEIO_DK","FR","49.50Z","FD",269,"GCO2E_EUR",2022,2
"EEIO_DK","FR","49.50Z","GVA",436,"GCO2E_EUR",2022,2
"EEIO_DK","FR","49.50Z","IC",120,"GCO2E_EUR",2022,2
"EEIO_DK","FR","49.50Z","PRD",260,"GCO2E_EUR",2022,2
"EEIO_DK","FR","50.10Z","FD",580,"GCO2E_EUR",2022,4
"EEIO_DK","FR","50.10Z","GVA",596,"GCO2E_EUR",2022,4
"EEIO_DK","FR","50.10Z","IC",38,"GCO2E_EUR",2022,4
"EEIO_DK","FR","50.10Z","PRD",579,"GCO2E_EUR",2022,4
"EEIO_DK","FR","50.20Z","FD",580,"GCO2E_EUR",2022,4
"EEIO_DK","FR","50.20Z","GVA",596,"GCO2E_EUR",2022,4
"EEIO_DK","FR","50.20Z","IC",38,"GCO2E_EUR",2022,4
"EEIO_DK","FR","50.20Z","PRD",579,"GCO2E_EUR",2022,4
"EEIO_DK","FR","50.30Z","FD",580,"GCO2E_EUR",2022,4
"EEIO_DK","FR","50.30Z","GVA",596,"GCO2E_EUR",2022,4
"EEIO_DK","FR","50.30Z","IC",38,"GCO2E_EUR",2022,4
"EEIO_DK","FR","50.30Z","PRD",579,"GCO2E_EUR",2022,4
"EEIO_DK","FR","50.40Z","FD",580,"GCO2E_EUR",2022,4
"EEIO_DK","FR","50.40Z","GVA",596,"GCO2E_EUR",2022,4
"EEIO_DK","FR","50.40Z","IC",38,"GCO2E_EUR",2022,4
"EEIO_DK","FR","50.40Z","PRD",579,"GCO2E_EUR",2022,4
"EEIO_DK","FR","51.10Z","FD",805,"GCO2E_EUR",2022,4
"EEIO_DK","FR","51.10Z","GVA",2094,"GCO2E_EUR",2022,4
"EEIO_DK","FR","51.10Z","IC",74,"GCO2E_EUR",2022,4
"EEIO_DK","FR","51.10Z","PRD",797,"GCO2E_EUR",2022,4
"EEIO_DK","FR","51.21Z","FD",805,"GCO2E_EUR",2022,4
"EEIO_DK","FR","51.21Z","GVA",2094,"GCO2E_EUR",2022,4
"EEIO_DK","FR","51.21Z","IC",74,"GCO2E_EUR",2022,4
"EEIO_DK","FR","51.21Z","PRD",797,"GCO2E_EUR",2022,4
"EEIO_DK","FR","51.22Z","FD",805,"GCO2E_EUR",2022,4
"EEIO_DK","FR","51.22Z","GVA",2094,"GCO2E_EUR",2022,4
"EEIO_DK","FR","51.22Z","IC",74,"GCO2E_EUR",2022,4
"EEIO_DK","FR","51.22Z","PRD",797,"GCO2E_EUR",2022,4
"EEIO_DK","FR","52.10A","FD",48,"GCO2E_EUR",2022,4
"EEIO_DK","FR","52.10A","GVA",20,"GCO2E_EUR",2022,4
"EEIO_DK","FR","52.10A","IC",87,"GCO2E_EUR",2022,4
"EEIO_DK","FR","52.10A","PRD",45,"GCO2E_EUR",2022,4
"EEIO_DK","FR","52.10B","FD",48,"GCO2E_EUR",2022,4
"EEIO_DK","FR","52.10B","GVA",20,"GCO2E_EUR",2022,4
"EEIO_DK","FR","52.10B","IC",87,"GCO2E_EUR",2022,4
"EEIO_DK","FR","52.10B","PRD",45,"GCO2E_EUR",2022,4
"EEIO_DK","FR","52.21Z","FD",48,"GCO2E_EUR",2022,4
"EEIO_DK","FR","52.21Z","GVA",20,"GCO2E_EUR",2022,4
"EEIO_DK","FR","52.21Z","IC",87,"GCO2E_EUR",2022,4
"EEIO_DK","FR","52.21Z","PRD",45,"GCO2E_EUR",2022,4
"EEIO_DK","FR","52.22Z","FD",48,"GCO2E_EUR",2022,4
"EEIO_DK","FR","52.22Z","GVA",20,"GCO2E_EUR",2022,4
"EEIO_DK","FR","52.22Z","IC",87,"GCO2E_EUR",2022,4
"EEIO_DK","FR","52.22Z","PRD",45,"GCO2E_EUR",2022,4
"EEIO_DK","FR","52.23Z","FD",48,"GCO2E_EUR",2022,4
"EEIO_DK","FR","52.23Z","GVA",20,"GCO2E_EUR",2022,4
"EEIO_DK","FR","52.23Z","IC",87,"GCO2E_EUR",2022,4
"EEIO_DK","FR","52.23Z","PRD",45,"GCO2E_EUR",2022,4
"EEIO_DK","FR","52.24A","FD",48,"GCO2E_EUR",2022,4
"EEIO_DK","FR","52.24A","GVA",20,"GCO2E_EUR",2022,4
"EEIO_DK","FR","52.24A","IC",87,"GCO2E_EUR",2022,4
"EEIO_DK","FR","52.24A","PRD",45,"GCO2E_EUR",2022,4
"EEIO_DK","FR","52.24B","FD",48,"GCO2E_EUR",2022,4
"EEIO_DK","FR","52.24B","GVA",20,"GCO2E_EUR",2022,4
"EEIO_DK","FR","52.24B","IC",87,"GCO2E_EUR",2022,4
"EEIO_DK","FR","52.24B","PRD",45,"GCO2E_EUR",2022,4
"EEIO_DK","FR","52.29A","FD",48,"GCO2E_EUR",2022,4
"EEIO_DK","FR","52.29A","GVA",20,"GCO2E_EUR",2022,4
"EEIO_DK","FR","52.29A","IC",87,"GCO2E_EUR",2022,4
"EEIO_DK","FR","52.29A","PRD",45,"GCO2E_EUR",2022,4
"EEIO_DK","FR","52.29B","FD",48,"GCO2E_EUR",2022,4
"EEIO_DK","FR","52.29B","GVA",20,"GCO2E_EUR",2022,4
"EEIO_DK","FR","52.29B","IC",87,"GCO2E_EUR",2022,4
"EEIO_DK","FR","52.29B","PRD",45,"GCO2E_EUR",2022,4
"EEIO_DK","FR","53.10Z","FD",26,"GCO2E_EUR",2022,4
"EEIO_DK","FR","53.10Z","GVA",59,"GCO2E_EUR",2022,4
"EEIO_DK","FR","53.10Z","IC",3,"GCO2E_EUR",2022,4
"EEIO_DK","FR","53.10Z","PRD",26,"GCO2E_EUR",2022,4
"EEIO_DK","FR","53.20Z","FD",26,"GCO2E_EUR",2022,4
"EEIO_DK","FR","53.20Z","GVA",59,"GCO2E_EUR",2022,4
"EEIO_DK","FR","53.20Z","IC",3,"GCO2E_EUR",2022,4
"EEIO_DK","FR","53.20Z","PRD",26,"GCO2E_EUR",2022,4
"EEIO_DK","FR","55.10Z","FD",59,"GCO2E_EUR",2022,4
"EEIO_DK","FR","55.10Z","GVA",27,"GCO2E_EUR",2022,4
"EEIO_DK","FR","55.10Z","IC",82,"GCO2E_EUR",2022,4
"EEIO_DK","FR","55.10Z","PRD",59,"GCO2E_EUR",2022,4
"EEIO_DK","FR","55.20Z","FD",59,"GCO2E_EUR",2022,4
"EEIO_DK","FR","55.20Z","GVA",27,"GCO2E_EUR",2022,4
"EEIO_DK","FR","55.20Z","IC",82,"GCO2E_EUR",2022,4
"EEIO_DK","FR","55.20Z","PRD",59,"GCO2E_EUR",2022,4
"EEIO_DK","FR","55.30Z","FD",59,"GCO2E_EUR",2022,4
"EEIO_DK","FR","55.30Z","GVA",27,"GCO2E_EUR",2022,4
"EEIO_DK","FR","55.30Z","IC",82,"GCO2E_EUR",2022,4
"EEIO_DK","FR","55.30Z","PRD",59,"GCO2E_EUR",2022,4
"EEIO_DK","FR","55.90Z","FD",59,"GCO2E_EUR",2022,4
"EEIO_DK","FR","55.90Z","GVA",27,"GCO2E_EUR",2022,4
"EEIO_DK","FR","55.90Z","IC",82,"GCO2E_EUR",2022,4
"EEIO_DK","FR","55.90Z","PRD",59,"GCO2E_EUR",2022,4
"EEIO_DK","FR","56.10A","FD",107,"GCO2E_EUR",2022,4
"EEIO_DK","FR","56.10A","GVA",41,"GCO2E_EUR",2022,4
"EEIO_DK","FR","56.10A","IC",156,"GCO2E_EUR",2022,4
"EEIO_DK","FR","56.10A","PRD",104,"GCO2E_EUR",2022,4
"EEIO_DK","FR","56.10B","FD",107,"GCO2E_EUR",2022,4
"EEIO_DK","FR","56.10B","GVA",41,"GCO2E_EUR",2022,4
"EEIO_DK","FR","56.10B","IC",156,"GCO2E_EUR",2022,4
"EEIO_DK","FR","56.10B","PRD",104,"GCO2E_EUR",2022,4
"EEIO_DK","FR","56.10C","FD",107,"GCO2E_EUR",2022,4
"EEIO_DK","FR","56.10C","GVA",41,"GCO2E_EUR",2022,4
"EEIO_DK","FR","56.10C","IC",156,"GCO2E_EUR",2022,4
"EEIO_DK","FR","56.10C","PRD",104,"GCO2E_EUR",2022,4
"EEIO_DK","FR","56.21Z","FD",107,"GCO2E_EUR",2022,4
"EEIO_DK","FR","56.21Z","GVA",41,"GCO2E_EUR",2022,4
"EEIO_DK","FR","56.21Z","IC",156,"GCO2E_EUR",2022,4
"EEIO_DK","FR","56.21Z","PRD",104,"GCO2E_EUR",2022,4
"EEIO_DK","FR","56.29A","FD",107,"GCO2E_EUR",2022,4
"EEIO_DK","FR","56.29A","GVA",41,"GCO2E_EUR",2022,4
"EEIO_DK","FR","56.29A","IC",156,"GCO2E_EUR",2022,4
"EEIO_DK","FR","56.29A","PRD",104,"GCO2E_EUR",2022,4
"EEIO_DK","FR","56.29B","FD",107,"GCO2E_EUR",2022,4
"EEIO_DK","FR","56.29B","GVA",41,"GCO2E_EUR",2022,4
"EEIO_DK","FR","56.29B","IC",156,"GCO2E_EUR",2022,4
"EEIO_DK","FR","56.29B","PRD",104,"GCO2E_EUR",2022,4
"EEIO_DK","FR","56.30Z","FD",107,"GCO2E_EUR",2022,4
"EEIO_DK","FR","56.30Z","GVA",41,"GCO2E_EUR",2022,4
"EEIO_DK","FR","56.30Z","IC",156,"GCO2E_EUR",2022,4
"EEIO_DK","FR","56.30Z","PRD",104,"GCO2E_EUR",2022,4
"EEIO_DK","FR","58.11Z","FD",29,"GCO2E_EUR",2022,2
"EEIO_DK","FR","58.11Z","GVA",16,"GCO2E_EUR",2022,2
"EEIO_DK","FR","58.11Z","IC",34,"GCO2E_EUR",2022,2
"EEIO_DK","FR","58.11Z","PRD",26,"GCO2E_EUR",2022,2
"EEIO_DK","FR","58.12Z","FD",29,"GCO2E_EUR",2022,2
"EEIO_DK","FR","58.12Z","GVA",16,"GCO2E_EUR",2022,2
"EEIO_DK","FR","58.12Z","IC",34,"GCO2E_EUR",2022,2
"EEIO_DK","FR","58.12Z","PRD",26,"GCO2E_EUR",2022,2
"EEIO_DK","FR","58.13Z","FD",29,"GCO2E_EUR",2022,2
"EEIO_DK","FR","58.13Z","GVA",16,"GCO2E_EUR",2022,2
"EEIO_DK","FR","58.13Z","IC",34,"GCO2E_EUR",2022,2
"EEIO_DK","FR","58.13Z","PRD",26,"GCO2E_EUR",2022,2
"EEIO_DK","FR","58.14Z","FD",29,"GCO2E_EUR",2022,2
"EEIO_DK","FR","58.14Z","GVA",16,"GCO2E_EUR",2022,2
"EEIO_DK","FR","58.14Z","IC",34,"GCO2E_EUR",2022,2
"EEIO_DK","FR","58.14Z","PRD",26,"GCO2E_EUR",2022,2
"EEIO_DK","FR","58.19Z","FD",29,"GCO2E_EUR",2022,2
"EEIO_DK","FR","58.19Z","GVA",16,"GCO2E_EUR",2022,2
"EEIO_DK","FR","58.19Z","IC",34,"GCO2E_EUR",2022,2
"EEIO_DK","FR","58.19Z","PRD",26,"GCO2E_EUR",2022,2
"EEIO_DK","FR","58.21Z","FD",41,"GCO2E_EUR",2022,2
"EEIO_DK","FR","58.21Z","GVA",3,"GCO2E_EUR",2022,2
"EEIO_DK","FR","58.21Z","IC",79,"GCO2E_EUR",2022,2
"EEIO_DK","FR","58.21Z","PRD",40,"GCO2E_EUR",2022,2
"EEIO_DK","FR","58.29A","FD",41,"GCO2E_EUR",2022,2
"EEIO_DK","FR","58.29A","GVA",3,"GCO2E_EUR",2022,2
"EEIO_DK","FR","58.29A","IC",79,"GCO2E_EUR",2022,2
"EEIO_DK","FR","58.29A","PRD",40,"GCO2E_EUR",2022,2
"EEIO_DK","FR","58.29B","FD",41,"GCO2E_EUR",2022,2
"EEIO_DK","FR","58.29B","GVA",3,"GCO2E_EUR",2022,2
"EEIO_DK","FR","58.29B","IC",79,"GCO2E_EUR",2022,2
"EEIO_DK","FR","58.29B","PRD",40,"GCO2E_EUR",2022,2
"EEIO_DK","FR","58.29C","FD",41,"GCO2E_EUR",2022,2
"EEIO_DK","FR","58.29C","GVA",3,"GCO2E_EUR",2022,2
"EEIO_DK","FR","58.29C","IC",79,"GCO2E_EUR",2022,2
"EEIO_DK","FR","58.29C","PRD",40,"GCO2E_EUR",2022,2
"EEIO_DK","FR","59.11A","FD",33,"GCO2E_EUR",2022,4
"EEIO_DK","FR","59.11A","GVA",8,"GCO2E_EUR",2022,4
"EEIO_DK","FR","59.11A","IC",52,"GCO2E_EUR",2022,4
"EEIO_DK","FR","59.11A","PRD",30,"GCO2E_EUR",2022,4
"EEIO_DK","FR","59.11B","FD",33,"GCO2E_EUR",2022,4
"EEIO_DK","FR","59.11B","GVA",8,"GCO2E_EUR",2022,4
"EEIO_DK","FR","59.11B","IC",52,"GCO2E_EUR",2022,4
"EEIO_DK","FR","59.11B","PRD",30,"GCO2E_EUR",2022,4
"EEIO_DK","FR","59.11C","FD",33,"GCO2E_EUR",2022,4
"EEIO_DK","FR","59.11C","GVA",8,"GCO2E_EUR",2022,4
"EEIO_DK","FR","59.11C","IC",52,"GCO2E_EUR",2022,4
"EEIO_DK","FR","59.11C","PRD",30,"GCO2E_EUR",2022,4
"EEIO_DK","FR","59.12Z","FD",33,"GCO2E_EUR",2022,4
"EEIO_DK","FR","59.12Z","GVA",8,"GCO2E_EUR",2022,4
"EEIO_DK","FR","59.12Z","IC",52,"GCO2E_EUR",2022,4
"EEIO_DK","FR","59.12Z","PRD",30,"GCO2E_EUR",2022,4
"EEIO_DK","FR","59.13A","FD",33,"GCO2E_EUR",2022,4
"EEIO_DK","FR","59.13A","GVA",8,"GCO2E_EUR",2022,4
"EEIO_DK","FR","59.13A","IC",52,"GCO2E_EUR",2022,4
"EEIO_DK","FR","59.13A","PRD",30,"GCO2E_EUR",2022,4
"EEIO_DK","FR","59.13B","FD",33,"GCO2E_EUR",2022,4
"EEIO_DK","FR","59.13B","GVA",8,"GCO2E_EUR",2022,4
"EEIO_DK","FR","59.13B","IC",52,"GCO2E_EUR",2022,4
"EEIO_DK","FR","59.13B","PRD",30,"GCO2E_EUR",2022,4
"EEIO_DK","FR","59.14Z","FD",33,"GCO2E_EUR",2022,4
"EEIO_DK","FR","59.14Z","GVA",8,"GCO2E_EUR",2022,4
"EEIO_DK","FR","59.14Z","IC",52,"GCO2E_EUR",2022,4
"EEIO_DK","FR","59.14Z","PRD",30,"GCO2E_EUR",2022,4
"EEIO_DK","FR","59.20Z","FD",33,"GCO2E_EUR",2022,4
"EEIO_DK","FR","59.20Z","GVA",8,"GCO2E_EUR",2022,4
"EEIO_DK","FR","59.20Z","IC",52,"GCO2E_EUR",2022,4
"EEIO_DK","FR","59.20Z","PRD",30,"GCO2E_EUR",2022,4
"EEIO_DK","FR","60.10Z","FD",34,"GCO2E_EUR",2022,4
"EEIO_DK","FR","60.10Z","GVA",11,"GCO2E_EUR",2022,4
"EEIO_DK","FR","60.10Z","IC",44,"GCO2E_EUR",2022,4
"EEIO_DK","FR","60.10Z","PRD",34,"GCO2E_EUR",2022,4
"EEIO_DK","FR","60.20A","FD",34,"GCO2E_EUR",2022,4
"EEIO_DK","FR","60.20A","GVA",11,"GCO2E_EUR",2022,4
"EEIO_DK","FR","60.20A","IC",44,"GCO2E_EUR",2022,4
"EEIO_DK","FR","60.20A","PRD",34,"GCO2E_EUR",2022,4
"EEIO_DK","FR","60.20B","FD",34,"GCO2E_EUR",2022,4
"EEIO_DK","FR","60.20B","GVA",11,"GCO2E_EUR",2022,4
"EEIO_DK","FR","60.20B","IC",44,"GCO2E_EUR",2022,4
"EEIO_DK","FR","60.20B","PRD",34,"GCO2E_EUR",2022,4
"EEIO_DK","FR","61.10Z","FD",42,"GCO2E_EUR",2022,4
"EEIO_DK","FR","61.10Z","GVA",12,"GCO2E_EUR",2022,4
"EEIO_DK","FR","61.10Z","IC",53,"GCO2E_EUR",2022,4
"EEIO_DK","FR","61.10Z","PRD",36,"GCO2E_EUR",2022,4
"EEIO_DK","FR","61.20Z","FD",42,"GCO2E_EUR",2022,4
"EEIO_DK","FR","61.20Z","GVA",12,"GCO2E_EUR",2022,4
"EEIO_DK","FR","61.20Z","IC",53,"GCO2E_EUR",2022,4
"EEIO_DK","FR","61.20Z","PRD",36,"GCO2E_EUR",2022,4
"EEIO_DK","FR","61.30Z","FD",42,"GCO2E_EUR",2022,4
"EEIO_DK","FR","61.30Z","GVA",12,"GCO2E_EUR",2022,4
"EEIO_DK","FR","61.30Z","IC",53,"GCO2E_EUR",2022,4
"EEIO_DK","FR","61.30Z","PRD",36,"GCO2E_EUR",2022,4
"EEIO_DK","FR","61.90Z","FD",42,"GCO2E_EUR",2022,4
"EEIO_DK","FR","61.90Z","GVA",12,"GCO2E_EUR",2022,4
"EEIO_DK","FR","61.90Z","IC",53,"GCO2E_EUR",2022,4
"EEIO_DK","FR","61.90Z","PRD",36,"GCO2E_EUR",2022,4
"EEIO_DK","FR","62.01Z","FD",32,"GCO2E_EUR",2022,4
"EEIO_DK","FR","62.01Z","GVA",7,"GCO2E_EUR",2022,4
"EEIO_DK","FR","62.01Z","IC",43,"GCO2E_EUR",2022,4
"EEIO_DK","FR","62.01Z","PRD",27,"GCO2E_EUR",2022,4
"EEIO_DK","FR","62.02A","FD",32,"GCO2E_EUR",2022,4
"EEIO_DK","FR","62.02A","GVA",7,"GCO2E_EUR",2022,4
"EEIO_DK","FR","62.02A","IC",43,"GCO2E_EUR",2022,4
"EEIO_DK","FR","62.02A","PRD",27,"GCO2E_EUR",2022,4
"EEIO_DK","FR","62.02B","FD",32,"GCO2E_EUR",2022,4
"EEIO_DK","FR","62.02B","GVA",7,"GCO2E_EUR",2022,4
"EEIO_DK","FR","62.02B","IC",43,"GCO2E_EUR",2022,4
"EEIO_DK","FR","62.02B","PRD",27,"GCO2E_EUR",2022,4
"EEIO_DK","FR","62.03Z","FD",32,"GCO2E_EUR",2022,4
"EEIO_DK","FR","62.03Z","GVA",7,"GCO2E_EUR",2022,4
"EEIO_DK","FR","62.03Z","IC",43,"GCO2E_EUR",2022,4
"EEIO_DK","FR","62.03Z","PRD",27,"GCO2E_EUR",2022,4
"EEIO_DK","FR","62.09Z","FD",32,"GCO2E_EUR",2022,4
"EEIO_DK","FR","62.09Z","GVA",7,"GCO2E_EUR",2022,4
"EEIO_DK","FR","62.09Z","IC",43,"GCO2E_EUR",2022,4
"EEIO_DK","FR","62.09Z","PRD",27,"GCO2E_EUR",2022,4
"EEIO_DK","FR","63.11Z","FD",36,"GCO2E_EUR",2022,4
"EEIO_DK","FR","63.11Z","GVA",7,"GCO2E_EUR",2022,4
"EEIO_DK","FR","63.11Z","IC",55,"GCO2E_EUR",2022,4
"EEIO_DK","FR","63.11Z","PRD",34,"GCO2E_EUR",2022,4
"EEIO_DK","FR","63.12Z","FD",36,"GCO2E_EUR",2022,4
"EEIO_DK","FR","63.12Z","GVA",7,"GCO2E_EUR",2022,4
"EEIO_DK","FR","63.12Z","IC",55,"GCO2E_EUR",2022,4
"EEIO_DK","FR","63.12Z","PRD",34,"GCO2E_EUR",2022,4
"EEIO_DK","FR","63.91Z","FD",36,"GCO2E_EUR",2022,4
"EEIO_DK","FR","63.91Z","GVA",7,"GCO2E_EUR",2022,4
"EEIO_DK","FR","63.91Z","IC",55,"GCO2E_EUR",2022,4
"EEIO_DK","FR","63.91Z","PRD",34,"GCO2E_EUR",2022,4
"EEIO_DK","FR","63.99Z","FD",36,"GCO2E_EUR",2022,4
"EEIO_DK","FR","63.99Z","GVA",7,"GCO2E_EUR",2022,4
"EEIO_DK","FR","63.99Z","IC",55,"GCO2E_EUR",2022,4
"EEIO_DK","FR","63.99Z","PRD",34,"GCO2E_EUR",2022,4
"EEIO_DK","FR","64.11Z","FD",13,"GCO2E_EUR",2022,3
"EEIO_DK","FR","64.11Z","GVA",4,"GCO2E_EUR",2022,3
"EEIO_DK","FR","64.11Z","IC",33,"GCO2E_EUR",2022,3
"EEIO_DK","FR","64.11Z","PRD",12,"GCO2E_EUR",2022,3
"EEIO_DK","FR","64.19Z","FD",13,"GCO2E_EUR",2022,2
"EEIO_DK","FR","64.19Z","GVA",4,"GCO2E_EUR",2022,2
"EEIO_DK","FR","64.19Z","IC",33,"GCO2E_EUR",2022,2
"EEIO_DK","FR","64.19Z","PRD",12,"GCO2E_EUR",2022,2
"EEIO_DK","FR","64.20Z","FD",26,"GCO2E_EUR",2022,3
"EEIO_DK","FR","64.20Z","GVA",19,"GCO2E_EUR",2022,3
"EEIO_DK","FR","64.20Z","IC",31,"GCO2E_EUR",2022,3
"EEIO_DK","FR","64.20Z","PRD",25,"GCO2E_EUR",2022,3
"EEIO_DK","FR","64.30Z","FD",26,"GCO2E_EUR",2022,3
"EEIO_DK","FR","64.30Z","GVA",19,"GCO2E_EUR",2022,3
"EEIO_DK","FR","64.30Z","IC",31,"GCO2E_EUR",2022,3
"EEIO_DK","FR","64.30Z","PRD",25,"GCO2E_EUR",2022,3
"EEIO_DK","FR","64.91Z","FD",26,"GCO2E_EUR",2022,3
"EEIO_DK","FR","64.91Z","GVA",19,"GCO2E_EUR",2022,3
"EEIO_DK","FR","64.91Z","IC",31,"GCO2E_EUR",2022,3
"EEIO_DK","FR","64.91Z","PRD",25,"GCO2E_EUR",2022,3
"EEIO_DK","FR","64.92Z","FD",26,"GCO2E_EUR",2022,3
"EEIO_DK","FR","64.92Z","GVA",19,"GCO2E_EUR",2022,3
"EEIO_DK","FR","64.92Z","IC",31,"GCO2E_EUR",2022,3
"EEIO_DK","FR","64.92Z","PRD",25,"GCO2E_EUR",2022,3
"EEIO_DK","FR","64.99Z","FD",26,"GCO2E_EUR",2022,3
"EEIO_DK","FR","64.99Z","GVA",19,"GCO2E_EUR",2022,3
"EEIO_DK","FR","64.99Z","IC",31,"GCO2E_EUR",2022,3
"EEIO_DK","FR","64.99Z","PRD",25,"GCO2E_EUR",2022,3
"EEIO_DK","FR","65.11Z","FD",18,"GCO2E_EUR",2022,4
"EEIO_DK","FR","65.11Z","GVA",4,"GCO2E_EUR",2022,4
"EEIO_DK","FR","65.11Z","IC",26,"GCO2E_EUR",2022,4
"EEIO_DK","FR","65.11Z","PRD",16,"GCO2E_EUR",2022,4
"EEIO_DK","FR","65.12Z","FD",18,"GCO2E_EUR",2022,4
"EEIO_DK","FR","65.12Z","GVA",4,"GCO2E_EUR",2022,4
"EEIO_DK","FR","65.12Z","IC",26,"GCO2E_EUR",2022,4
"EEIO_DK","FR","65.12Z","PRD",16,"GCO2E_EUR",2022,4
"EEIO_DK","FR","65.20Z","FD",18,"GCO2E_EUR",2022,4
"EEIO_DK","FR","65.20Z","GVA",4,"GCO2E_EUR",2022,4
"EEIO_DK","FR","65.20Z","IC",26,"GCO2E_EUR",2022,4
"EEIO_DK","FR","65.20Z","PRD",16,"GCO2E_EUR",2022,4
"EEIO_DK","FR","65.30Z","FD",18,"GCO2E_EUR",2022,4
"EEIO_DK","FR","65.30Z","GVA",4,"GCO2E_EUR",2022,4
"EEIO_DK","FR","65.30Z","IC",26,"GCO2E_EUR",2022,4
"EEIO_DK","FR","65.30Z","PRD",16,"GCO2E_EUR",2022,4
"EEIO_DK","FR","66.11Z","FD",22,"GCO2E_EUR",2022,4
"EEIO_DK","FR","66.11Z","GVA",6,"GCO2E_EUR",2022,4
"EEIO_DK","FR","66.11Z","IC",41,"GCO2E_EUR",2022,4
"EEIO_DK","FR","66.11Z","PRD",21,"GCO2E_EUR",2022,4
"EEIO_DK","FR","66.12Z","FD",22,"GCO2E_EUR",2022,4
"EEIO_DK","FR","66.12Z","GVA",6,"GCO2E_EUR",2022,4
"EEIO_DK","FR","66.12Z","IC",41,"GCO2E_EUR",2022,4
"EEIO_DK","FR","66.12Z","PRD",21,"GCO2E_EUR",2022,4
"EEIO_DK","FR","66.19A","FD",22,"GCO2E_EUR",2022,4
"EEIO_DK","FR","66.19A","GVA",6,"GCO2E_EUR",2022,4
"EEIO_DK","FR","66.19A","IC",41,"GCO2E_EUR",2022,4
"EEIO_DK","FR","66.19A","PRD",21,"GCO2E_EUR",2022,4
"EEIO_DK","FR","66.19B","FD",22,"GCO2E_EUR",2022,4
"EEIO_DK","FR","66.19B","GVA",6,"GCO2E_EUR",2022,4
"EEIO_DK","FR","66.19B","IC",41,"GCO2E_EUR",2022,4
"EEIO_DK","FR","66.19B","PRD",21,"GCO2E_EUR",2022,4
"EEIO_DK","FR","66.21Z","FD",22,"GCO2E_EUR",2022,4
"EEIO_DK","FR","66.21Z","GVA",6,"GCO2E_EUR",2022,4
"EEIO_DK","FR","66.21Z","IC",41,"GCO2E_EUR",2022,4
"EEIO_DK","FR","66.21Z","PRD",21,"GCO2E_EUR",2022,4
"EEIO_DK","FR","66.22Z","FD",22,"GCO2E_EUR",2022,4
"EEIO_DK","FR","66.22Z","GVA",6,"GCO2E_EUR",2022,4
"EEIO_DK","FR","66.22Z","IC",41,"GCO2E_EUR",2022,4
"EEIO_DK","FR","66.22Z","PRD",21,"GCO2E_EUR",2022,4
"EEIO_DK","FR","66.29Z","FD",22,"GCO2E_EUR",2022,4
"EEIO_DK","FR","66.29Z","GVA",6,"GCO2E_EUR",2022,4
"EEIO_DK","FR","66.29Z","IC",41,"GCO2E_EUR",2022,4
"EEIO_DK","FR","66.29Z","PRD",21,"GCO2E_EUR",2022,4
"EEIO_DK","FR","66.30Z","FD",22,"GCO2E_EUR",2022,4
"EEIO_DK","FR","66.30Z","GVA",6,"GCO2E_EUR",2022,4
"EEIO_DK","FR","66.30Z","IC",41,"GCO2E_EUR",2022,4
"EEIO_DK","FR","66.30Z","PRD",21,"GCO2E_EUR",2022,4
"EEIO_DK","FR","68.10Z","FD",32,"GCO2E_EUR",2022,2
"EEIO_DK","FR","68.10Z","GVA",5,"GCO2E_EUR",2022,2
"EEIO_DK","FR","68.10Z","IC",59,"GCO2E_EUR",2022,2
"EEIO_DK","FR","68.10Z","PRD",32,"GCO2E_EUR",2022,2
"EEIO_DK","FR","68.20A","FD",12,"GCO2E_EUR",2022,2
"EEIO_DK","FR","68.20A","GVA",1,"GCO2E_EUR",2022,2
"EEIO_DK","FR","68.20A","IC",65,"GCO2E_EUR",2022,2
"EEIO_DK","FR","68.20A","PRD",12,"GCO2E_EUR",2022,2
"EEIO_DK","FR","68.20B","FD",22,"GCO2E_EUR",2022,2
"EEIO_DK","FR","68.20B","GVA",1,"GCO2E_EUR",2022,2
"EEIO_DK","FR","68.20B","IC",98,"GCO2E_EUR",2022,2
"EEIO_DK","FR","68.20B","PRD",22,"GCO2E_EUR",2022,2
"EEIO_DK","FR","68.31Z","FD",32,"GCO2E_EUR",2022,3
"EEIO_DK","FR","68.31Z","GVA",5,"GCO2E_EUR",2022,3
"EEIO_DK","FR","68.31Z","IC",59,"GCO2E_EUR",2022,3
"EEIO_DK","FR","68.31Z","PRD",32,"GCO2E_EUR",2022,3
"EEIO_DK","FR","68.32A","FD",12,"GCO2E_EUR",2022,3
"EEIO_DK","FR","68.32A","GVA",1,"GCO2E_EUR",2022,3
"EEIO_DK","FR","68.32A","IC",65,"GCO2E_EUR",2022,3
"EEIO_DK","FR","68.32A","PRD",12,"GCO2E_EUR",2022,3
"EEIO_DK","FR","68.32B","FD",12,"GCO2E_EUR",2022,3
"EEIO_DK","FR","68.32B","GVA",1,"GCO2E_EUR",2022,3
"EEIO_DK","FR","68.32B","IC",65,"GCO2E_EUR",2022,3
"EEIO_DK","FR","68.32B","PRD",12,"GCO2E_EUR",2022,3
"EEIO_DK","FR","69.10Z","FD",17,"GCO2E_EUR",2022,2
"EEIO_DK","FR","69.10Z","GVA",2,"GCO2E_EUR",2022,2
"EEIO_DK","FR","69.10Z","IC",65,"GCO2E_EUR",2022,2
"EEIO_DK","FR","69.10Z","PRD",16,"GCO2E_EUR",2022,2
"EEIO_DK","FR","69.20Z","FD",20,"GCO2E_EUR",2022,2
"EEIO_DK","FR","69.20Z","GVA",3,"GCO2E_EUR",2022,2
"EEIO_DK","FR","69.20Z","IC",63,"GCO2E_EUR",2022,2
"EEIO_DK","FR","69.20Z","PRD",19,"GCO2E_EUR",2022,2
"EEIO_DK","FR","70.10Z","FD",49,"GCO2E_EUR",2022,4
"EEIO_DK","FR","70.10Z","GVA",12,"GCO2E_EUR",2022,4
"EEIO_DK","FR","70.10Z","IC",75,"GCO2E_EUR",2022,4
"EEIO_DK","FR","70.10Z","PRD",46,"GCO2E_EUR",2022,4
"EEIO_DK","FR","70.21Z","FD",49,"GCO2E_EUR",2022,4
"EEIO_DK","FR","70.21Z","GVA",12,"GCO2E_EUR",2022,4
"EEIO_DK","FR","70.21Z","IC",75,"GCO2E_EUR",2022,4
"EEIO_DK","FR","70.21Z","PRD",46,"GCO2E_EUR",2022,4
"EEIO_DK","FR","70.22Z","FD",49,"GCO2E_EUR",2022,4
"EEIO_DK","FR","70.22Z","GVA",12,"GCO2E_EUR",2022,4
"EEIO_DK","FR","70.22Z","IC",75,"GCO2E_EUR",2022,4
"EEIO_DK","FR","70.22Z","PRD",46,"GCO2E_EUR",2022,4
"EEIO_DK","FR","71.11Z","FD",48,"GCO2E_EUR",2022,4
"EEIO_DK","FR","71.11Z","GVA",19,"GCO2E_EUR",2022,4
"EEIO_DK","FR","71.11Z","IC",74,"GCO2E_EUR",2022,4
"EEIO_DK","FR","71.11Z","PRD",45,"GCO2E_EUR",2022,4
"EEIO_DK","FR","71.12A","FD",48,"GCO2E_EUR",2022,4
"EEIO_DK","FR","71.12A","GVA",19,"GCO2E_EUR",2022,4
"EEIO_DK","FR","71.12A","IC",74,"GCO2E_EUR",2022,4
"EEIO_DK","FR","71.12A","PRD",45,"GCO2E_EUR",2022,4
"EEIO_DK","FR","71.12B","FD",48,"GCO2E_EUR",2022,4
"EEIO_DK","FR","71.12B","GVA",19,"GCO2E_EUR",2022,4
"EEIO_DK","FR","71.12B","IC",74,"GCO2E_EUR",2022,4
"EEIO_DK","FR","71.12B","PRD",45,"GCO2E_EUR",2022,4
"EEIO_DK","FR","71.20A","FD",48,"GCO2E_EUR",2022,4
"EEIO_DK","FR","71.20A","GVA",19,"GCO2E_EUR",2022,4
"EEIO_DK","FR","71.20A","IC",74,"GCO2E_EUR",2022,4
"EEIO_DK","FR","71.20A","PRD",45,"GCO2E_EUR",2022,4
"EEIO_DK","FR","71.20B","FD",48,"GCO2E_EUR",2022,4
"EEIO_DK","FR","71.20B","GVA",19,"GCO2E_EUR",2022,4
"EEIO_DK","FR","71.20B","IC",74,"GCO2E_EUR",2022,4
"EEIO_DK","FR","71.20B","PRD",45,"GCO2E_EUR",2022,4
"EEIO_DK","FR","72.11Z","FD",32,"GCO2E_EUR",2022,3
"EEIO_DK","FR","72.11Z","GVA",6,"GCO2E_EUR",2022,3
"EEIO_DK","FR","72.11Z","IC",46,"GCO2E_EUR",2022,3
"EEIO_DK","FR","72.11Z","PRD",26,"GCO2E_EUR",2022,3
"EEIO_DK","FR","72.19Z","FD",32,"GCO2E_EUR",2022,3
"EEIO_DK","FR","72.19Z","GVA",6,"GCO2E_EUR",2022,3
"EEIO_DK","FR","72.19Z","IC",46,"GCO2E_EUR",2022,3
"EEIO_DK","FR","72.19Z","PRD",26,"GCO2E_EUR",2022,3
"EEIO_DK","FR","72.20Z","FD",32,"GCO2E_EUR",2022,3
"EEIO_DK","FR","72.20Z","GVA",6,"GCO2E_EUR",2022,3
"EEIO_DK","FR","72.20Z","IC",46,"GCO2E_EUR",2022,3
"EEIO_DK","FR","72.20Z","PRD",26,"GCO2E_EUR",2022,3
"EEIO_DK","FR","73.11Z","FD",30,"GCO2E_EUR",2022,4
"EEIO_DK","FR","73.11Z","GVA",18,"GCO2E_EUR",2022,4
"EEIO_DK","FR","73.11Z","IC",36,"GCO2E_EUR",2022,4
"EEIO_DK","FR","73.11Z","PRD",29,"GCO2E_EUR",2022,4
"EEIO_DK","FR","73.12Z","FD",30,"GCO2E_EUR",2022,4
"EEIO_DK","FR","73.12Z","GVA",18,"GCO2E_EUR",2022,4
"EEIO_DK","FR","73.12Z","IC",36,"GCO2E_EUR",2022,4
"EEIO_DK","FR","73.12Z","PRD",29,"GCO2E_EUR",2022,4
"EEIO_DK","FR","73.20Z","FD",30,"GCO2E_EUR",2022,4
"EEIO_DK","FR","73.20Z","GVA",18,"GCO2E_EUR",2022,4
"EEIO_DK","FR","73.20Z","IC",36,"GCO2E_EUR",2022,4
"EEIO_DK","FR","73.20Z","PRD",29,"GCO2E_EUR",2022,4
"EEIO_DK","FR","74.10Z","FD",43,"GCO2E_EUR",2022,4
"EEIO_DK","FR","74.10Z","GVA",12,"GCO2E_EUR",2022,4
"EEIO_DK","FR","74.10Z","IC",69,"GCO2E_EUR",2022,4
"EEIO_DK","FR","74.10Z","PRD",41,"GCO2E_EUR",2022,4
"EEIO_DK","FR","74.20Z","FD",43,"GCO2E_EUR",2022,4
"EEIO_DK","FR","74.20Z","GVA",12,"GCO2E_EUR",2022,4
"EEIO_DK","FR","74.20Z","IC",69,"GCO2E_EUR",2022,4
"EEIO_DK","FR","74.20Z","PRD",41,"GCO2E_EUR",2022,4
"EEIO_DK","FR","74.30Z","FD",43,"GCO2E_EUR",2022,4
"EEIO_DK","FR","74.30Z","GVA",12,"GCO2E_EUR",2022,4
"EEIO_DK","FR","74.30Z","IC",69,"GCO2E_EUR",2022,4
"EEIO_DK","FR","74.30Z","PRD",41,"GCO2E_EUR",2022,4
"EEIO_DK","FR","74.90A","FD",43,"GCO2E_EUR",2022,4
"EEIO_DK","FR","74.90A","GVA",12,"GCO2E_EUR",2022,4
"EEIO_DK","FR","74.90A","IC",69,"GCO2E_EUR",2022,4
"EEIO_DK","FR","74.90A","PRD",41,"GCO2E_EUR",2022,4
"EEIO_DK","FR","74.90B","FD",43,"GCO2E_EUR",2022,4
"EEIO_DK","FR","74.90B","GVA",12,"GCO2E_EUR",2022,4
"EEIO_DK","FR","74.90B","IC",69,"GCO2E_EUR",2022,4
"EEIO_DK","FR","74.90B","PRD",41,"GCO2E_EUR",2022,4
"EEIO_DK","FR","75.00Z","FD",49,"GCO2E_EUR",2022,4
"EEIO_DK","FR","75.00Z","GVA",28,"GCO2E_EUR",2022,4
"EEIO_DK","FR","75.00Z","IC",79,"GCO2E_EUR",2022,4
"EEIO_DK","FR","75.00Z","PRD",49,"GCO2E_EUR",2022,4
"EEIO_DK","FR","77.11A","FD",127,"GCO2E_EUR",2022,4
"EEIO_DK","FR","77.11A","GVA",210,"GCO2E_EUR",2022,4
"EEIO_DK","FR","77.11A","IC",81,"GCO2E_EUR",2022,4
"EEIO_DK","FR","77.11A","PRD",122,"GCO2E_EUR",2022,4
"EEIO_DK","FR","77.11B","FD",127,"GCO2E_EUR",2022,4
"EEIO_DK","FR","77.11B","GVA",210,"GCO2E_EUR",2022,4
"EEIO_DK","FR","77.11B","IC",81,"GCO2E_EUR",2022,4
"EEIO_DK","FR","77.11B","PRD",122,"GCO2E_EUR",2022,4
"EEIO_DK","FR","77.12Z","FD",127,"GCO2E_EUR",2022,4
"EEIO_DK","FR","77.12Z","GVA",210,"GCO2E_EUR",2022,4
"EEIO_DK","FR","77.12Z","IC",81,"GCO2E_EUR",2022,4
"EEIO_DK","FR","77.12Z","PRD",122,"GCO2E_EUR",2022,4
"EEIO_DK","FR","77.21Z","FD",127,"GCO2E_EUR",2022,4
"EEIO_DK","FR","77.21Z","GVA",210,"GCO2E_EUR",2022,4
"EEIO_DK","FR","77.21Z","IC",81,"GCO2E_EUR",2022,4
"EEIO_DK","FR","77.21Z","PRD",122,"GCO2E_EUR",2022,4
"EEIO_DK","FR","77.22Z","FD",127,"GCO2E_EUR",2022,4
"EEIO_DK","FR","77.22Z","GVA",210,"GCO2E_EUR",2022,4
"EEIO_DK","FR","77.22Z","IC",81,"GCO2E_EUR",2022,4
"EEIO_DK","FR","77.22Z","PRD",122,"GCO2E_EUR",2022,4
"EEIO_DK","FR","77.29Z","FD",127,"GCO2E_EUR",2022,4
"EEIO_DK","FR","77.29Z","GVA",210,"GCO2E_EUR",2022,4
"EEIO_DK","FR","77.29Z","IC",81,"GCO2E_EUR",2022,4
"EEIO_DK","FR","77.29Z","PRD",122,"GCO2E_EUR",2022,4
"EEIO_DK","FR","77.31Z","FD",127,"GCO2E_EUR",2022,4
"EEIO_DK","FR","77.31Z","GVA",210,"GCO2E_EUR",2022,4
"EEIO_DK","FR","77.31Z","IC",81,"GCO2E_EUR",2022,4
"EEIO_DK","FR","77.31Z","PRD",122,"GCO2E_EUR",2022,4
"EEIO_DK","FR","77.32Z","FD",127,"GCO2E_EUR",2022,4
"EEIO_DK","FR","77.32Z","GVA",210,"GCO2E_EUR",2022,4
"EEIO_DK","FR","77.32Z","IC",81,"GCO2E_EUR",2022,4
"EEIO_DK","FR","77.32Z","PRD",122,"GCO2E_EUR",2022,4
"EEIO_DK","FR","77.33Z","FD",127,"GCO2E_EUR",2022,4
"EEIO_DK","FR","77.33Z","GVA",210,"GCO2E_EUR",2022,4
"EEIO_DK","FR","77.33Z","IC",81,"GCO2E_EUR",2022,4
"EEIO_DK","FR","77.33Z","PRD",122,"GCO2E_EUR",2022,4
"EEIO_DK","FR","77.34Z","FD",127,"GCO2E_EUR",2022,4
"EEIO_DK","FR","77.34Z","GVA",210,"GCO2E_EUR",2022,4
"EEIO_DK","FR","77.34Z","IC",81,"GCO2E_EUR",2022,4
"EEIO_DK","FR","77.34Z","PRD",122,"GCO2E_EUR",2022,4
"EEIO_DK","FR","77.35Z","FD",127,"GCO2E_EUR",2022,4
"EEIO_DK","FR","77.35Z","GVA",210,"GCO2E_EUR",2022,4
"EEIO_DK","FR","77.35Z","IC",81,"GCO2E_EUR",2022,4
"EEIO_DK","FR","77.35Z","PRD",122,"GCO2E_EUR",2022,4
"EEIO_DK","FR","77.39Z","FD",127,"GCO2E_EUR",2022,4
"EEIO_DK","FR","77.39Z","GVA",210,"GCO2E_EUR",2022,4
"EEIO_DK","FR","77.39Z","IC",81,"GCO2E_EUR",2022,4
"EEIO_DK","FR","77.39Z","PRD",122,"GCO2E_EUR",2022,4
"EEIO_DK","FR","77.40Z","FD",127,"GCO2E_EUR",2022,4
"EEIO_DK","FR","77.40Z","GVA",210,"GCO2E_EUR",2022,4
"EEIO_DK","FR","77.40Z","IC",81,"GCO2E_EUR",2022,4
"EEIO_DK","FR","77.40Z","PRD",122,"GCO2E_EUR",2022,4
"EEIO_DK","FR","78.10Z","FD",30,"GCO2E_EUR",2022,4
"EEIO_DK","FR","78.10Z","GVA",12,"GCO2E_EUR",2022,4
"EEIO_DK","FR","78.10Z","IC",77,"GCO2E_EUR",2022,4
"EEIO_DK","FR","78.10Z","PRD",29,"GCO2E_EUR",2022,4
"EEIO_DK","FR","78.20Z","FD",30,"GCO2E_EUR",2022,4
"EEIO_DK","FR","78.20Z","GVA",12,"GCO2E_EUR",2022,4
"EEIO_DK","FR","78.20Z","IC",77,"GCO2E_EUR",2022,4
"EEIO_DK","FR","78.20Z","PRD",29,"GCO2E_EUR",2022,4
"EEIO_DK","FR","78.30Z","FD",30,"GCO2E_EUR",2022,4
"EEIO_DK","FR","78.30Z","GVA",12,"GCO2E_EUR",2022,4
"EEIO_DK","FR","78.30Z","IC",77,"GCO2E_EUR",2022,4
"EEIO_DK","FR","78.30Z","PRD",29,"GCO2E_EUR",2022,4
"EEIO_DK","FR","79.11Z","FD",108,"GCO2E_EUR",2022,4
"EEIO_DK","FR","79.11Z","GVA",12,"GCO2E_EUR",2022,4
"EEIO_DK","FR","79.11Z","IC",191,"GCO2E_EUR",2022,4
"EEIO_DK","FR","79.11Z","PRD",108,"GCO2E_EUR",2022,4
"EEIO_DK","FR","79.12Z","FD",108,"GCO2E_EUR",2022,4
"EEIO_DK","FR","79.12Z","GVA",12,"GCO2E_EUR",2022,4
"EEIO_DK","FR","79.12Z","IC",191,"GCO2E_EUR",2022,4
"EEIO_DK","FR","79.12Z","PRD",108,"GCO2E_EUR",2022,4
"EEIO_DK","FR","79.90Z","FD",108,"GCO2E_EUR",2022,4
"EEIO_DK","FR","79.90Z","GVA",12,"GCO2E_EUR",2022,4
"EEIO_DK","FR","79.90Z","IC",191,"GCO2E_EUR",2022,4
"EEIO_DK","FR","79.90Z","PRD",108,"GCO2E_EUR",2022,4
"EEIO_DK","FR","80.10Z","FD",31,"GCO2E_EUR",2022,4
"EEIO_DK","FR","80.10Z","GVA",14,"GCO2E_EUR",2022,4
"EEIO_DK","FR","80.10Z","IC",58,"GCO2E_EUR",2022,4
"EEIO_DK","FR","80.10Z","PRD",31,"GCO2E_EUR",2022,4
"EEIO_DK","FR","80.20Z","FD",31,"GCO2E_EUR",2022,4
"EEIO_DK","FR","80.20Z","GVA",14,"GCO2E_EUR",2022,4
"EEIO_DK","FR","80.20Z","IC",58,"GCO2E_EUR",2022,4
"EEIO_DK","FR","80.20Z","PRD",31,"GCO2E_EUR",2022,4
"EEIO_DK","FR","80.30Z","FD",31,"GCO2E_EUR",2022,4
"EEIO_DK","FR","80.30Z","GVA",14,"GCO2E_EUR",2022,4
"EEIO_DK","FR","80.30Z","IC",58,"GCO2E_EUR",2022,4
"EEIO_DK","FR","80.30Z","PRD",31,"GCO2E_EUR",2022,4
"EEIO_DK","FR","81.10Z","FD",69,"GCO2E_EUR",2022,4
"EEIO_DK","FR","81.10Z","GVA",39,"GCO2E_EUR",2022,4
"EEIO_DK","FR","81.10Z","IC",115,"GCO2E_EUR",2022,4
"EEIO_DK","FR","81.10Z","PRD",69,"GCO2E_EUR",2022,4
"EEIO_DK","FR","81.21Z","FD",69,"GCO2E_EUR",2022,4
"EEIO_DK","FR","81.21Z","GVA",39,"GCO2E_EUR",2022,4
"EEIO_DK","FR","81.21Z","IC",115,"GCO2E_EUR",2022,4
"EEIO_DK","FR","81.21Z","PRD",69,"GCO2E_EUR",2022,4
"EEIO_DK","FR","81.22Z","FD",69,"GCO2E_EUR",2022,4
"EEIO_DK","FR","81.22Z","GVA",39,"GCO2E_EUR",2022,4
"EEIO_DK","FR","81.22Z","IC",115,"GCO2E_EUR",2022,4
"EEIO_DK","FR","81.22Z","PRD",69,"GCO2E_EUR",2022,4
"EEIO_DK","FR","81.29A","FD",69,"GCO2E_EUR",2022,4
"EEIO_DK","FR","81.29A","GVA",39,"GCO2E_EUR",2022,4
"EEIO_DK","FR","81.29A","IC",115,"GCO2E_EUR",2022,4
"EEIO_DK","FR","81.29A","PRD",69,"GCO2E_EUR",2022,4
"EEIO_DK","FR","81.29B","FD",69,"GCO2E_EUR",2022,4
"EEIO_DK","FR","81.29B","GVA",39,"GCO2E_EUR",2022,4
"EEIO_DK","FR","81.29B","IC",115,"GCO2E_EUR",2022,4
"EEIO_DK","FR","81.29B","PRD",69,"GCO2E_EUR",2022,4
"EEIO_DK","FR","81.30Z","FD",69,"GCO2E_EUR",2022,4
"EEIO_DK","FR","81.30Z","GVA",39,"GCO2E_EUR",2022,4
"EEIO_DK","FR","81.30Z","IC",115,"GCO2E_EUR",2022,4
"EEIO_DK","FR","81.30Z","PRD",69,"GCO2E_EUR",2022,4
"EEIO_DK","FR","82.11Z","FD",51,"GCO2E_EUR",2022,4
"EEIO_DK","FR","82.11Z","GVA",7,"GCO2E_EUR",2022,4
"EEIO_DK","FR","82.11Z","IC",65,"GCO2E_EUR",2022,4
"EEIO_DK","FR","82.11Z","PRD",48,"GCO2E_EUR",2022,4
"EEIO_DK","FR","82.19Z","FD",51,"GCO2E_EUR",2022,4
"EEIO_DK","FR","82.19Z","GVA",7,"GCO2E_EUR",2022,4
"EEIO_DK","FR","82.19Z","IC",65,"GCO2E_EUR",2022,4
"EEIO_DK","FR","82.19Z","PRD",48,"GCO2E_EUR",2022,4
"EEIO_DK","FR","82.20Z","FD",51,"GCO2E_EUR",2022,4
"EEIO_DK","FR","82.20Z","GVA",7,"GCO2E_EUR",2022,4
"EEIO_DK","FR","82.20Z","IC",65,"GCO2E_EUR",2022,4
"EEIO_DK","FR","82.20Z","PRD",48,"GCO2E_EUR",2022,4
"EEIO_DK","FR","82.30Z","FD",51,"GCO2E_EUR",2022,4
"EEIO_DK","FR","82.30Z","GVA",7,"GCO2E_EUR",2022,4
"EEIO_DK","FR","82.30Z","IC",65,"GCO2E_EUR",2022,4
"EEIO_DK","FR","82.30Z","PRD",48,"GCO2E_EUR",2022,4
"EEIO_DK","FR","82.91Z","FD",51,"GCO2E_EUR",2022,4
"EEIO_DK","FR","82.91Z","GVA",7,"GCO2E_EUR",2022,4
"EEIO_DK","FR","82.91Z","IC",65,"GCO2E_EUR",2022,4
"EEIO_DK","FR","82.91Z","PRD",48,"GCO2E_EUR",2022,4
"EEIO_DK","FR","82.92Z","FD",51,"GCO2E_EUR",2022,4
"EEIO_DK","FR","82.92Z","GVA",7,"GCO2E_EUR",2022,4
"EEIO_DK","FR","82.92Z","IC",65,"GCO2E_EUR",2022,4
"EEIO_DK","FR","82.92Z","PRD",48,"GCO2E_EUR",2022,4
"EEIO_DK","FR","82.99Z","FD",51,"GCO2E_EUR",2022,4
"EEIO_DK","FR","82.99Z","GVA",7,"GCO2E_EUR",2022,4
"EEIO_DK","FR","82.99Z","IC",65,"GCO2E_EUR",2022,4
"EEIO_DK","FR","82.99Z","PRD",48,"GCO2E_EUR",2022,4
"EEIO_DK","FR","84.11Z","FD",44,"GCO2E_EUR",2022,2
"EEIO_DK","FR","84.11Z","GVA",24,"GCO2E_EUR",2022,2
"EEIO_DK","FR","84.11Z","IC",81,"GCO2E_EUR",2022,2
"EEIO_DK","FR","84.11Z","PRD",43,"GCO2E_EUR",2022,2
"EEIO_DK","FR","84.12Z","FD",44,"GCO2E_EUR",2022,2
"EEIO_DK","FR","84.12Z","GVA",24,"GCO2E_EUR",2022,2
"EEIO_DK","FR","84.12Z","IC",81,"GCO2E_EUR",2022,2
"EEIO_DK","FR","84.12Z","PRD",43,"GCO2E_EUR",2022,2
"EEIO_DK","FR","84.13Z","FD",44,"GCO2E_EUR",2022,2
"EEIO_DK","FR","84.13Z","GVA",24,"GCO2E_EUR",2022,2
"EEIO_DK","FR","84.13Z","IC",81,"GCO2E_EUR",2022,2
"EEIO_DK","FR","84.13Z","PRD",43,"GCO2E_EUR",2022,2
"EEIO_DK","FR","84.21Z","FD",44,"GCO2E_EUR",2022,2
"EEIO_DK","FR","84.21Z","GVA",24,"GCO2E_EUR",2022,2
"EEIO_DK","FR","84.21Z","IC",81,"GCO2E_EUR",2022,2
"EEIO_DK","FR","84.21Z","PRD",43,"GCO2E_EUR",2022,2
"EEIO_DK","FR","84.22Z","FD",330,"GCO2E_EUR",2022,3
"EEIO_DK","FR","84.22Z","GVA",7,"GCO2E_EUR",2022,3
"EEIO_DK","FR","84.22Z","IC",1755,"GCO2E_EUR",2022,3
"EEIO_DK","FR","84.22Z","PRD",328,"GCO2E_EUR",2022,3
"EEIO_DK","FR","84.23Z","FD",330,"GCO2E_EUR",2022,3
"EEIO_DK","FR","84.23Z","GVA",7,"GCO2E_EUR",2022,3
"EEIO_DK","FR","84.23Z","IC",1755,"GCO2E_EUR",2022,3
"EEIO_DK","FR","84.23Z","PRD",328,"GCO2E_EUR",2022,3
"EEIO_DK","FR","84.24Z","FD",330,"GCO2E_EUR",2022,3
"EEIO_DK","FR","84.24Z","GVA",7,"GCO2E_EUR",2022,3
"EEIO_DK","FR","84.24Z","IC",1755,"GCO2E_EUR",2022,3
"EEIO_DK","FR","84.24Z","PRD",328,"GCO2E_EUR",2022,3
"EEIO_DK","FR","84.25Z","FD",330,"GCO2E_EUR",2022,3
"EEIO_DK","FR","84.25Z","GVA",7,"GCO2E_EUR",2022,3
"EEIO_DK","FR","84.25Z","IC",1755,"GCO2E_EUR",2022,3
"EEIO_DK","FR","84.25Z","PRD",328,"GCO2E_EUR",2022,3
"EEIO_DK","FR","84.30A","FD",44,"GCO2E_EUR",2022,2
"EEIO_DK","FR","84.30A","GVA",24,"GCO2E_EUR",2022,2
"EEIO_DK","FR","84.30A","IC",81,"GCO2E_EUR",2022,2
"EEIO_DK","FR","84.30A","PRD",43,"GCO2E_EUR",2022,2
"EEIO_DK","FR","84.30B","FD",44,"GCO2E_EUR",2022,2
"EEIO_DK","FR","84.30B","GVA",24,"GCO2E_EUR",2022,2
"EEIO_DK","FR","84.30B","IC",81,"GCO2E_EUR",2022,2
"EEIO_DK","FR","84.30B","PRD",43,"GCO2E_EUR",2022,2
"EEIO_DK","FR","84.30C","FD",44,"GCO2E_EUR",2022,2
"EEIO_DK","FR","84.30C","GVA",24,"GCO2E_EUR",2022,2
"EEIO_DK","FR","84.30C","IC",81,"GCO2E_EUR",2022,2
"EEIO_DK","FR","84.30C","PRD",43,"GCO2E_EUR",2022,2
"EEIO_DK","FR","85.10Z","FD",53,"GCO2E_EUR",2022,2
"EEIO_DK","FR","85.10Z","GVA",43,"GCO2E_EUR",2022,2
"EEIO_DK","FR","85.10Z","IC",103,"GCO2E_EUR",2022,2
"EEIO_DK","FR","85.10Z","PRD",53,"GCO2E_EUR",2022,2
"EEIO_DK","FR","85.20Z","FD",53,"GCO2E_EUR",2022,2
"EEIO_DK","FR","85.20Z","GVA",43,"GCO2E_EUR",2022,2
"EEIO_DK","FR","85.20Z","IC",103,"GCO2E_EUR",2022,2
"EEIO_DK","FR","85.20Z","PRD",53,"GCO2E_EUR",2022,2
"EEIO_DK","FR","85.31Z","FD",47,"GCO2E_EUR",2022,2
"EEIO_DK","FR","85.31Z","GVA",34,"GCO2E_EUR",2022,2
"EEIO_DK","FR","85.31Z","IC",72,"GCO2E_EUR",2022,2
"EEIO_DK","FR","85.31Z","PRD",44,"GCO2E_EUR",2022,2
"EEIO_DK","FR","85.32Z","FD",47,"GCO2E_EUR",2022,2
"EEIO_DK","FR","85.32Z","GVA",34,"GCO2E_EUR",2022,2
"EEIO_DK","FR","85.32Z","IC",72,"GCO2E_EUR",2022,2
"EEIO_DK","FR","85.32Z","PRD",44,"GCO2E_EUR",2022,2
"EEIO_DK","FR","85.41Z","FD",32,"GCO2E_EUR",2022,2
"EEIO_DK","FR","85.41Z","GVA",18,"GCO2E_EUR",2022,2
"EEIO_DK","FR","85.41Z","IC",91,"GCO2E_EUR",2022,2
"EEIO_DK","FR","85.41Z","PRD",32,"GCO2E_EUR",2022,2
"EEIO_DK","FR","85.42Z","FD",32,"GCO2E_EUR",2022,2
"EEIO_DK","FR","85.42Z","GVA",18,"GCO2E_EUR",2022,2
"EEIO_DK","FR","85.42Z","IC",91,"GCO2E_EUR",2022,2
"EEIO_DK","FR","85.42Z","PRD",32,"GCO2E_EUR",2022,2
"EEIO_DK","FR","85.51Z","FD",37,"GCO2E_EUR",2022,3
"EEIO_DK","FR","85.51Z","GVA",25,"GCO2E_EUR",2022,3
"EEIO_DK","FR","85.51Z","IC",52,"GCO2E_EUR",2022,3
"EEIO_DK","FR","85.51Z","PRD",37,"GCO2E_EUR",2022,3
"EEIO_DK","FR","85.52Z","FD",37,"GCO2E_EUR",2022,3
"EEIO_DK","FR","85.52Z","GVA",25,"GCO2E_EUR",2022,3
"EEIO_DK","FR","85.52Z","IC",52,"GCO2E_EUR",2022,3
"EEIO_DK","FR","85.52Z","PRD",37,"GCO2E_EUR",2022,3
"EEIO_DK","FR","85.53Z","FD",37,"GCO2E_EUR",2022,3
"EEIO_DK","FR","85.53Z","GVA",25,"GCO2E_EUR",2022,3
"EEIO_DK","FR","85.53Z","IC",52,"GCO2E_EUR",2022,3
"EEIO_DK","FR","85.53Z","PRD",37,"GCO2E_EUR",2022,3
"EEIO_DK","FR","85.59A","FD",37,"GCO2E_EUR",2022,3
"EEIO_DK","FR","85.59A","GVA",25,"GCO2E_EUR",2022,3
"EEIO_DK","FR","85.59A","IC",52,"GCO2E_EUR",2022,3
"EEIO_DK","FR","85.59A","PRD",37,"GCO2E_EUR",2022,3
"EEIO_DK","FR","85.59B","FD",37,"GCO2E_EUR",2022,3
"EEIO_DK","FR","85.59B","GVA",25,"GCO2E_EUR",2022,3
"EEIO_DK","FR","85.59B","IC",52,"GCO2E_EUR",2022,3
"EEIO_DK","FR","85.59B","PRD",37,"GCO2E_EUR",2022,3
"EEIO_DK","FR","85.60Z","FD",37,"GCO2E_EUR",2022,2
"EEIO_DK","FR","85.60Z","GVA",25,"GCO2E_EUR",2022,2
"EEIO_DK","FR","85.60Z","IC",52,"GCO2E_EUR",2022,2
"EEIO_DK","FR","85.60Z","PRD",37,"GCO2E_EUR",2022,2
"EEIO_DK","FR","86.10Z","FD",41,"GCO2E_EUR",2022,2
"EEIO_DK","FR","86.10Z","GVA",18,"GCO2E_EUR",2022,2
"EEIO_DK","FR","86.10Z","IC",87,"GCO2E_EUR",2022,2
"EEIO_DK","FR","86.10Z","PRD",41,"GCO2E_EUR",2022,2
"EEIO_DK","FR","86.21Z","FD",30,"GCO2E_EUR",2022,2
"EEIO_DK","FR","86.21Z","GVA",17,"GCO2E_EUR",2022,2
"EEIO_DK","FR","86.21Z","IC",80,"GCO2E_EUR",2022,2
"EEIO_DK","FR","86.21Z","PRD",30,"GCO2E_EUR",2022,2
"EEIO_DK","FR","86.22A","FD",30,"GCO2E_EUR",2022,2
"EEIO_DK","FR","86.22A","GVA",17,"GCO2E_EUR",2022,2
"EEIO_DK","FR","86.22A","IC",80,"GCO2E_EUR",2022,2
"EEIO_DK","FR","86.22A","PRD",30,"GCO2E_EUR",2022,2
"EEIO_DK","FR","86.22B","FD",30,"GCO2E_EUR",2022,2
"EEIO_DK","FR","86.22B","GVA",17,"GCO2E_EUR",2022,2
"EEIO_DK","FR","86.22B","IC",80,"GCO2E_EUR",2022,2
"EEIO_DK","FR","86.22B","PRD",30,"GCO2E_EUR",2022,2
"EEIO_DK","FR","86.22C","FD",30,"GCO2E_EUR",2022,2
"EEIO_DK","FR","86.22C","GVA",17,"GCO2E_EUR",2022,2
"EEIO_DK","FR","86.22C","IC",80,"GCO2E_EUR",2022,2
"EEIO_DK","FR","86.22C","PRD",30,"GCO2E_EUR",2022,2
"EEIO_DK","FR","86.23Z","FD",30,"GCO2E_EUR",2022,2
"EEIO_DK","FR","86.23Z","GVA",17,"GCO2E_EUR",2022,2
"EEIO_DK","FR","86.23Z","IC",80,"GCO2E_EUR",2022,2
"EEIO_DK","FR","86.23Z","PRD",30,"GCO2E_EUR",2022,2
"EEIO_DK","FR","86.90A","FD",30,"GCO2E_EUR",2022,2
"EEIO_DK","FR","86.90A","GVA",17,"GCO2E_EUR",2022,2
"EEIO_DK","FR","86.90A","IC",80,"GCO2E_EUR",2022,2
"EEIO_DK","FR","86.90A","PRD",30,"GCO2E_EUR",2022,2
"EEIO_DK","FR","86.90B","FD",30,"GCO2E_EUR",2022,2
"EEIO_DK","FR","86.90B","GVA",17,"GCO2E_EUR",2022,2
"EEIO_DK","FR","86.90B","IC",80,"GCO2E_EUR",2022,2
"EEIO_DK","FR","86.90B","PRD",30,"GCO2E_EUR",2022,2
"EEIO_DK","FR","86.90C","FD",30,"GCO2E_EUR",2022,2
"EEIO_DK","FR","86.90C","GVA",17,"GCO2E_EUR",2022,2
"EEIO_DK","FR","86.90C","IC",80,"GCO2E_EUR",2022,2
"EEIO_DK","FR","86.90C","PRD",30,"GCO2E_EUR",2022,2
"EEIO_DK","FR","86.90D","FD",30,"GCO2E_EUR",2022,2
"EEIO_DK","FR","86.90D","GVA",17,"GCO2E_EUR",2022,2
"EEIO_DK","FR","86.90D","IC",80,"GCO2E_EUR",2022,2
"EEIO_DK","FR","86.90D","PRD",30,"GCO2E_EUR",2022,2
"EEIO_DK","FR","86.90E","FD",30,"GCO2E_EUR",2022,2
"EEIO_DK","FR","86.90E","GVA",17,"GCO2E_EUR",2022,2
"EEIO_DK","FR","86.90E","IC",80,"GCO2E_EUR",2022,2
"EEIO_DK","FR","86.90E","PRD",30,"GCO2E_EUR",2022,2
"EEIO_DK","FR","86.90F","FD",30,"GCO2E_EUR",2022,2
"EEIO_DK","FR","86.90F","GVA",17,"GCO2E_EUR",2022,2
"EEIO_DK","FR","86.90F","IC",80,"GCO2E_EUR",2022,2
"EEIO_DK","FR","86.90F","PRD",30,"GCO2E_EUR",2022,2
"EEIO_DK","FR","87.10A","FD",35,"GCO2E_EUR",2022,4
"EEIO_DK","FR","87.10A","GVA",22,"GCO2E_EUR",2022,4
"EEIO_DK","FR","87.10A","IC",63,"GCO2E_EUR",2022,4
"EEIO_DK","FR","87.10A","PRD",35,"GCO2E_EUR",2022,4
"EEIO_DK","FR","87.10B","FD",35,"GCO2E_EUR",2022,4
"EEIO_DK","FR","87.10B","GVA",22,"GCO2E_EUR",2022,4
"EEIO_DK","FR","87.10B","IC",63,"GCO2E_EUR",2022,4
"EEIO_DK","FR","87.10B","PRD",35,"GCO2E_EUR",2022,4
"EEIO_DK","FR","87.10C","FD",35,"GCO2E_EUR",2022,4
"EEIO_DK","FR","87.10C","GVA",22,"GCO2E_EUR",2022,4
"EEIO_DK","FR","87.10C","IC",63,"GCO2E_EUR",2022,4
"EEIO_DK","FR","87.10C","PRD",35,"GCO2E_EUR",2022,4
"EEIO_DK","FR","87.20A","FD",35,"GCO2E_EUR",2022,4
"EEIO_DK","FR","87.20A","GVA",22,"GCO2E_EUR",2022,4
"EEIO_DK","FR","87.20A","IC",63,"GCO2E_EUR",2022,4
"EEIO_DK","FR","87.20A","PRD",35,"GCO2E_EUR",2022,4
"EEIO_DK","FR","87.20B","FD",35,"GCO2E_EUR",2022,4
"EEIO_DK","FR","87.20B","GVA",22,"GCO2E_EUR",2022,4
"EEIO_DK","FR","87.20B","IC",63,"GCO2E_EUR",2022,4
"EEIO_DK","FR","87.20B","PRD",35,"GCO2E_EUR",2022,4
"EEIO_DK","FR","87.30A","FD",35,"GCO2E_EUR",2022,4
"EEIO_DK","FR","87.30A","GVA",22,"GCO2E_EUR",2022,4
"EEIO_DK","FR","87.30A","IC",63,"GCO2E_EUR",2022,4
"EEIO_DK","FR","87.30A","PRD",35,"GCO2E_EUR",2022,4
"EEIO_DK","FR","87.30B","FD",35,"GCO2E_EUR",2022,4
"EEIO_DK","FR","87.30B","GVA",22,"GCO2E_EUR",2022,4
"EEIO_DK","FR","87.30B","IC",63,"GCO2E_EUR",2022,4
"EEIO_DK","FR","87.30B","PRD",35,"GCO2E_EUR",2022,4
"EEIO_DK","FR","87.90A","FD",35,"GCO2E_EUR",2022,4
"EEIO_DK","FR","87.90A","GVA",22,"GCO2E_EUR",2022,4
"EEIO_DK","FR","87.90A","IC",63,"GCO2E_EUR",2022,4
"EEIO_DK","FR","87.90A","PRD",35,"GCO2E_EUR",2022,4
"EEIO_DK","FR","87.90B","FD",35,"GCO2E_EUR",2022,4
"EEIO_DK","FR","87.90B","GVA",22,"GCO2E_EUR",2022,4
"EEIO_DK","FR","87.90B","IC",63,"GCO2E_EUR",2022,4
"EEIO_DK","FR","87.90B","PRD",35,"GCO2E_EUR",2022,4
"EEIO_DK","FR","88.10A","FD",64,"GCO2E_EUR",2022,4
"EEIO_DK","FR","88.10A","GVA",65,"GCO2E_EUR",2022,4
"EEIO_DK","FR","88.10A","IC",60,"GCO2E_EUR",2022,4
"EEIO_DK","FR","88.10A","PRD",64,"GCO2E_EUR",2022,4
"EEIO_DK","FR","88.10B","FD",64,"GCO2E_EUR",2022,4
"EEIO_DK","FR","88.10B","GVA",65,"GCO2E_EUR",2022,4
"EEIO_DK","FR","88.10B","IC",60,"GCO2E_EUR",2022,4
"EEIO_DK","FR","88.10B","PRD",64,"GCO2E_EUR",2022,4
"EEIO_DK","FR","88.10C","FD",64,"GCO2E_EUR",2022,4
"EEIO_DK","FR","88.10C","GVA",65,"GCO2E_EUR",2022,4
"EEIO_DK","FR","88.10C","IC",60,"GCO2E_EUR",2022,4
"EEIO_DK","FR","88.10C","PRD",64,"GCO2E_EUR",2022,4
"EEIO_DK","FR","88.91A","FD",64,"GCO2E_EUR",2022,4
"EEIO_DK","FR","88.91A","GVA",65,"GCO2E_EUR",2022,4
"EEIO_DK","FR","88.91A","IC",60,"GCO2E_EUR",2022,4
"EEIO_DK","FR","88.91A","PRD",64,"GCO2E_EUR",2022,4
"EEIO_DK","FR","88.91B","FD",64,"GCO2E_EUR",2022,4
"EEIO_DK","FR","88.91B","GVA",65,"GCO2E_EUR",2022,4
"EEIO_DK","FR","88.91B","IC",60,"GCO2E_EUR",2022,4
"EEIO_DK","FR","88.91B","PRD",64,"GCO2E_EUR",2022,4
"EEIO_DK","FR","88.99A","FD",64,"GCO2E_EUR",2022,4
"EEIO_DK","FR","88.99A","GVA",65,"GCO2E_EUR",2022,4
"EEIO_DK","FR","88.99A","IC",60,"GCO2E_EUR",2022,4
"EEIO_DK","FR","88.99A","PRD",64,"GCO2E_EUR",2022,4
"EEIO_DK","FR","88.99B","FD",64,"GCO2E_EUR",2022,4
"EEIO_DK","FR","88.99B","GVA",65,"GCO2E_EUR",2022,4
"EEIO_DK","FR","88.99B","IC",60,"GCO2E_EUR",2022,4
"EEIO_DK","FR","88.99B","PRD",64,"GCO2E_EUR",2022,4
"EEIO_DK","FR","90.01Z","FD",18,"GCO2E_EUR",2022,4
"EEIO_DK","FR","90.01Z","GVA",14,"GCO2E_EUR",2022,4
"EEIO_DK","FR","90.01Z","IC",26,"GCO2E_EUR",2022,4
"EEIO_DK","FR","90.01Z","PRD",17,"GCO2E_EUR",2022,4
"EEIO_DK","FR","90.02Z","FD",18,"GCO2E_EUR",2022,4
"EEIO_DK","FR","90.02Z","GVA",14,"GCO2E_EUR",2022,4
"EEIO_DK","FR","90.02Z","IC",26,"GCO2E_EUR",2022,4
"EEIO_DK","FR","90.02Z","PRD",17,"GCO2E_EUR",2022,4
"EEIO_DK","FR","90.03A","FD",18,"GCO2E_EUR",2022,4
"EEIO_DK","FR","90.03A","GVA",14,"GCO2E_EUR",2022,4
"EEIO_DK","FR","90.03A","IC",26,"GCO2E_EUR",2022,4
"EEIO_DK","FR","90.03A","PRD",17,"GCO2E_EUR",2022,4
"EEIO_DK","FR","90.03B","FD",18,"GCO2E_EUR",2022,4
"EEIO_DK","FR","90.03B","GVA",14,"GCO2E_EUR",2022,4
"EEIO_DK","FR","90.03B","IC",26,"GCO2E_EUR",2022,4
"EEIO_DK","FR","90.03B","PRD",17,"GCO2E_EUR",2022,4
"EEIO_DK","FR","90.04Z","FD",18,"GCO2E_EUR",2022,4
"EEIO_DK","FR","90.04Z","GVA",14,"GCO2E_EUR",2022,4
"EEIO_DK","FR","90.04Z","IC",26,"GCO2E_EUR",2022,4
"EEIO_DK","FR","90.04Z","PRD",17,"GCO2E_EUR",2022,4
"EEIO_DK","FR","91.01Z","FD",43,"GCO2E_EUR",2022,3
"EEIO_DK","FR","91.01Z","GVA",19,"GCO2E_EUR",2022,3
"EEIO_DK","FR","91.01Z","IC",86,"GCO2E_EUR",2022,3
"EEIO_DK","FR","91.01Z","PRD",43,"GCO2E_EUR",2022,3
"EEIO_DK","FR","91.02Z","FD",43,"GCO2E_EUR",2022,3
"EEIO_DK","FR","91.02Z","GVA",19,"GCO2E_EUR",2022,3
"EEIO_DK","FR","91.02Z","IC",86,"GCO2E_EUR",2022,3
"EEIO_DK","FR","91.02Z","PRD",43,"GCO2E_EUR",2022,3
"EEIO_DK","FR","91.03Z","FD",43,"GCO2E_EUR",2022,3
"EEIO_DK","FR","91.03Z","GVA",19,"GCO2E_EUR",2022,3
"EEIO_DK","FR","91.03Z","IC",86,"GCO2E_EUR",2022,3
"EEIO_DK","FR","91.03Z","PRD",43,"GCO2E_EUR",2022,3
"EEIO_DK","FR","91.04Z","FD",43,"GCO2E_EUR",2022,3
"EEIO_DK","FR","91.04Z","GVA",19,"GCO2E_EUR",2022,3
"EEIO_DK","FR","91.04Z","IC",86,"GCO2E_EUR",2022,3
"EEIO_DK","FR","91.04Z","PRD",43,"GCO2E_EUR",2022,3
"EEIO_DK","FR","92.00Z","FD",40,"GCO2E_EUR",2022,4
"EEIO_DK","FR","92.00Z","GVA",2,"GCO2E_EUR",2022,4
"EEIO_DK","FR","92.00Z","IC",71,"GCO2E_EUR",2022,4
"EEIO_DK","FR","92.00Z","PRD",40,"GCO2E_EUR",2022,4
"EEIO_DK","FR","93.11Z","FD",76,"GCO2E_EUR",2022,2
"EEIO_DK","FR","93.11Z","GVA",83,"GCO2E_EUR",2022,2
"EEIO_DK","FR","93.11Z","IC",62,"GCO2E_EUR",2022,2
"EEIO_DK","FR","93.11Z","PRD",74,"GCO2E_EUR",2022,2
"EEIO_DK","FR","93.12Z","FD",76,"GCO2E_EUR",2022,2
"EEIO_DK","FR","93.12Z","GVA",83,"GCO2E_EUR",2022,2
"EEIO_DK","FR","93.12Z","IC",62,"GCO2E_EUR",2022,2
"EEIO_DK","FR","93.12Z","PRD",74,"GCO2E_EUR",2022,2
"EEIO_DK","FR","93.13Z","FD",76,"GCO2E_EUR",2022,2
"EEIO_DK","FR","93.13Z","GVA",83,"GCO2E_EUR",2022,2
"EEIO_DK","FR","93.13Z","IC",62,"GCO2E_EUR",2022,2
"EEIO_DK","FR","93.13Z","PRD",74,"GCO2E_EUR",2022,2
"EEIO_DK","FR","93.19Z","FD",76,"GCO2E_EUR",2022,2
"EEIO_DK","FR","93.19Z","GVA",83,"GCO2E_EUR",2022,2
"EEIO_DK","FR","93.19Z","IC",62,"GCO2E_EUR",2022,2
"EEIO_DK","FR","93.19Z","PRD",74,"GCO2E_EUR",2022,2
"EEIO_DK","FR","93.21Z","FD",38,"GCO2E_EUR",2022,2
"EEIO_DK","FR","93.21Z","GVA",67,"GCO2E_EUR",2022,2
"EEIO_DK","FR","93.21Z","IC",6,"GCO2E_EUR",2022,2
"EEIO_DK","FR","93.21Z","PRD",38,"GCO2E_EUR",2022,2
"EEIO_DK","FR","93.29Z","FD",38,"GCO2E_EUR",2022,2
"EEIO_DK","FR","93.29Z","GVA",67,"GCO2E_EUR",2022,2
"EEIO_DK","FR","93.29Z","IC",6,"GCO2E_EUR",2022,2
"EEIO_DK","FR","93.29Z","PRD",38,"GCO2E_EUR",2022,2
"EEIO_DK","FR","94.11Z","FD",27,"GCO2E_EUR",2022,4
"EEIO_DK","FR","94.11Z","GVA",14,"GCO2E_EUR",2022,4
"EEIO_DK","FR","94.11Z","IC",53,"GCO2E_EUR",2022,4
"EEIO_DK","FR","94.11Z","PRD",27,"GCO2E_EUR",2022,4
"EEIO_DK","FR","94.12Z","FD",27,"GCO2E_EUR",2022,4
"EEIO_DK","FR","94.12Z","GVA",14,"GCO2E_EUR",2022,4
"EEIO_DK","FR","94.12Z","IC",53,"GCO2E_EUR",2022,4
"EEIO_DK","FR","94.12Z","PRD",27,"GCO2E_EUR",2022,4
"EEIO_DK","FR","94.20Z","FD",27,"GCO2E_EUR",2022,4
"EEIO_DK","FR","94.20Z","GVA",14,"GCO2E_EUR",2022,4
"EEIO_DK","FR","94.20Z","IC",53,"GCO2E_EUR",2022,4
"EEIO_DK","FR","94.20Z","PRD",27,"GCO2E_EUR",2022,4
"EEIO_DK","FR","94.91Z","FD",27,"GCO2E_EUR",2022,4
"EEIO_DK","FR","94.91Z","GVA",14,"GCO2E_EUR",2022,4
"EEIO_DK","FR","94.91Z","IC",53,"GCO2E_EUR",2022,4
"EEIO_DK","FR","94.91Z","PRD",27,"GCO2E_EUR",2022,4
"EEIO_DK","FR","94.92Z","FD",27,"GCO2E_EUR",2022,4
"EEIO_DK","FR","94.92Z","GVA",14,"GCO2E_EUR",2022,4
"EEIO_DK","FR","94.92Z","IC",53,"GCO2E_EUR",2022,4
"EEIO_DK","FR","94.92Z","PRD",27,"GCO2E_EUR",2022,4
"EEIO_DK","FR","94.99Z","FD",27,"GCO2E_EUR",2022,4
"EEIO_DK","FR","94.99Z","GVA",14,"GCO2E_EUR",2022,4
"EEIO_DK","FR","94.99Z","IC",53,"GCO2E_EUR",2022,4
"EEIO_DK","FR","94.99Z","PRD",27,"GCO2E_EUR",2022,4
"EEIO_DK","FR","95.11Z","FD",23,"GCO2E_EUR",2022,4
"EEIO_DK","FR","95.11Z","GVA",33,"GCO2E_EUR",2022,4
"EEIO_DK","FR","95.11Z","IC",15,"GCO2E_EUR",2022,4
"EEIO_DK","FR","95.11Z","PRD",23,"GCO2E_EUR",2022,4
"EEIO_DK","FR","95.12Z","FD",23,"GCO2E_EUR",2022,4
"EEIO_DK","FR","95.12Z","GVA",33,"GCO2E_EUR",2022,4
"EEIO_DK","FR","95.12Z","IC",15,"GCO2E_EUR",2022,4
"EEIO_DK","FR","95.12Z","PRD",23,"GCO2E_EUR",2022,4
"EEIO_DK","FR","95.21Z","FD",23,"GCO2E_EUR",2022,4
"EEIO_DK","FR","95.21Z","GVA",33,"GCO2E_EUR",2022,4
"EEIO_DK","FR","95.21Z","IC",15,"GCO2E_EUR",2022,4
"EEIO_DK","FR","95.21Z","PRD",23,"GCO2E_EUR",2022,4
"EEIO_DK","FR","95.22Z","FD",23,"GCO2E_EUR",2022,4
"EEIO_DK","FR","95.22Z","GVA",33,"GCO2E_EUR",2022,4
"EEIO_DK","FR","95.22Z","IC",15,"GCO2E_EUR",2022,4
"EEIO_DK","FR","95.22Z","PRD",23,"GCO2E_EUR",2022,4
"EEIO_DK","FR","95.23Z","FD",23,"GCO2E_EUR",2022,4
"EEIO_DK","FR","95.23Z","GVA",33,"GCO2E_EUR",2022,4
"EEIO_DK","FR","95.23Z","IC",15,"GCO2E_EUR",2022,4
"EEIO_DK","FR","95.23Z","PRD",23,"GCO2E_EUR",2022,4
"EEIO_DK","FR","95.24Z","FD",23,"GCO2E_EUR",2022,4
"EEIO_DK","FR","95.24Z","GVA",33,"GCO2E_EUR",2022,4
"EEIO_DK","FR","95.24Z","IC",15,"GCO2E_EUR",2022,4
"EEIO_DK","FR","95.24Z","PRD",23,"GCO2E_EUR",2022,4
"EEIO_DK","FR","95.25Z","FD",23,"GCO2E_EUR",2022,4
"EEIO_DK","FR","95.25Z","GVA",33,"GCO2E_EUR",2022,4
"EEIO_DK","FR","95.25Z","IC",15,"GCO2E_EUR",2022,4
"EEIO_DK","FR","95.25Z","PRD",23,"GCO2E_EUR",2022,4
"EEIO_DK","FR","95.29Z","FD",23,"GCO2E_EUR",2022,4
"EEIO_DK","FR","95.29Z","GVA",33,"GCO2E_EUR",2022,4
"EEIO_DK","FR","95.29Z","IC",15,"GCO2E_EUR",2022,4
"EEIO_DK","FR","95.29Z","PRD",23,"GCO2E_EUR",2022,4
"EEIO_DK","FR","96.01A","FD",43,"GCO2E_EUR",2022,4
"EEIO_DK","FR","96.01A","GVA",52,"GCO2E_EUR",2022,4
"EEIO_DK","FR","96.01A","IC",28,"GCO2E_EUR",2022,4
"EEIO_DK","FR","96.01A","PRD",43,"GCO2E_EUR",2022,4
"EEIO_DK","FR","96.01B","FD",43,"GCO2E_EUR",2022,4
"EEIO_DK","FR","96.01B","GVA",52,"GCO2E_EUR",2022,4
"EEIO_DK","FR","96.01B","IC",28,"GCO2E_EUR",2022,4
"EEIO_DK","FR","96.01B","PRD",43,"GCO2E_EUR",2022,4
"EEIO_DK","FR","96.02A","FD",43,"GCO2E_EUR",2022,4
"EEIO_DK","FR","96.02A","GVA",52,"GCO2E_EUR",2022,4
"EEIO_DK","FR","96.02A","IC",28,"GCO2E_EUR",2022,4
"EEIO_DK","FR","96.02A","PRD",43,"GCO2E_EUR",2022,4
"EEIO_DK","FR","96.02B","FD",43,"GCO2E_EUR",2022,4
"EEIO_DK","FR","96.02B","GVA",52,"GCO2E_EUR",2022,4
"EEIO_DK","FR","96.02B","IC",28,"GCO2E_EUR",2022,4
"EEIO_DK","FR","96.02B","PRD",43,"GCO2E_EUR",2022,4
"EEIO_DK","FR","96.03Z","FD",43,"GCO2E_EUR",2022,4
"EEIO_DK","FR","96.03Z","GVA",52,"GCO2E_EUR",2022,4
"EEIO_DK","FR","96.03Z","IC",28,"GCO2E_EUR",2022,4
"EEIO_DK","FR","96.03Z","PRD",43,"GCO2E_EUR",2022,4
"EEIO_DK","FR","96.04Z","FD",43,"GCO2E_EUR",2022,4
"EEIO_DK","FR","96.04Z","GVA",52,"GCO2E_EUR",2022,4
"EEIO_DK","FR","96.04Z","IC",28,"GCO2E_EUR",2022,4
"EEIO_DK","FR","96.04Z","PRD",43,"GCO2E_EUR",2022,4
"EEIO_DK","FR","96.09Z","FD",43,"GCO2E_EUR",2022,4
"EEIO_DK","FR","96.09Z","GVA",52,"GCO2E_EUR",2022,4
"EEIO_DK","FR","96.09Z","IC",28,"GCO2E_EUR",2022,4
"EEIO_DK","FR","96.09Z","PRD",43,"GCO2E_EUR",2022,4
"EEIO_DK","FR","97.00Z","FD",0,"GCO2E_EUR",2022,4
"EEIO_DK","FR","97.00Z","GVA",0,"GCO2E_EUR",2022,4
"EEIO_DK","FR","97.00Z","IC",NA,"GCO2E_EUR",2022,4
"EEIO_DK","FR","97.00Z","PRD",0,"GCO2E_EUR",2022,4
