"eeio_model","country","code_ape_a732","aggregate","fpt","unit","year","accuracy_mapping_a732"
"EEIO_US","FR","01.11Z","FD",1141,"GCO2E_EUR",2022,2
"EEIO_US","FR","01.11Z","GVA",4289,"GCO2E_EUR",2022,2
"EEIO_US","FR","01.11Z","IC",94,"GCO2E_EUR",2022,2
"EEIO_US","FR","01.11Z","PRD",971,"GCO2E_EUR",2022,2
"EEIO_US","FR","01.12Z","FD",1647,"GCO2E_EUR",2022,3
"EEIO_US","FR","01.12Z","GVA",7560,"GCO2E_EUR",2022,3
"EEIO_US","FR","01.12Z","IC",130,"GCO2E_EUR",2022,3
"EEIO_US","FR","01.12Z","PRD",1436,"GCO2E_EUR",2022,3
"EEIO_US","FR","01.13Z","FD",717,"GCO2E_EUR",2022,1
"EEIO_US","FR","01.13Z","GVA",1504,"GCO2E_EUR",2022,1
"EEIO_US","FR","01.13Z","IC",101,"GCO2E_EUR",2022,1
"EEIO_US","FR","01.13Z","PRD",709,"GCO2E_EUR",2022,1
"EEIO_US","FR","01.14Z","FD",958,"GCO2E_EUR",2022,3
"EEIO_US","FR","01.14Z","GVA",2511,"GCO2E_EUR",2022,3
"EEIO_US","FR","01.14Z","IC",103,"GCO2E_EUR",2022,3
"EEIO_US","FR","01.14Z","PRD",926,"GCO2E_EUR",2022,3
"EEIO_US","FR","01.15Z","FD",958,"GCO2E_EUR",2022,3
"EEIO_US","FR","01.15Z","GVA",2511,"GCO2E_EUR",2022,3
"EEIO_US","FR","01.15Z","IC",103,"GCO2E_EUR",2022,3
"EEIO_US","FR","01.15Z","PRD",926,"GCO2E_EUR",2022,3
"EEIO_US","FR","01.16Z","FD",958,"GCO2E_EUR",2022,3
"EEIO_US","FR","01.16Z","GVA",2511,"GCO2E_EUR",2022,3
"EEIO_US","FR","01.16Z","IC",103,"GCO2E_EUR",2022,3
"EEIO_US","FR","01.16Z","PRD",926,"GCO2E_EUR",2022,3
"EEIO_US","FR","01.19Z","FD",958,"GCO2E_EUR",2022,3
"EEIO_US","FR","01.19Z","GVA",2511,"GCO2E_EUR",2022,3
"EEIO_US","FR","01.19Z","IC",103,"GCO2E_EUR",2022,3
"EEIO_US","FR","01.19Z","PRD",926,"GCO2E_EUR",2022,3
"EEIO_US","FR","01.21Z","FD",339,"GCO2E_EUR",2022,3
"EEIO_US","FR","01.21Z","GVA",490,"GCO2E_EUR",2022,3
"EEIO_US","FR","01.21Z","IC",83,"GCO2E_EUR",2022,3
"EEIO_US","FR","01.21Z","PRD",331,"GCO2E_EUR",2022,3
"EEIO_US","FR","01.22Z","FD",339,"GCO2E_EUR",2022,3
"EEIO_US","FR","01.22Z","GVA",490,"GCO2E_EUR",2022,3
"EEIO_US","FR","01.22Z","IC",83,"GCO2E_EUR",2022,3
"EEIO_US","FR","01.22Z","PRD",331,"GCO2E_EUR",2022,3
"EEIO_US","FR","01.23Z","FD",339,"GCO2E_EUR",2022,3
"EEIO_US","FR","01.23Z","GVA",490,"GCO2E_EUR",2022,3
"EEIO_US","FR","01.23Z","IC",83,"GCO2E_EUR",2022,3
"EEIO_US","FR","01.23Z","PRD",331,"GCO2E_EUR",2022,3
"EEIO_US","FR","01.24Z","FD",339,"GCO2E_EUR",2022,3
"EEIO_US","FR","01.24Z","GVA",490,"GCO2E_EUR",2022,3
"EEIO_US","FR","01.24Z","IC",83,"GCO2E_EUR",2022,3
"EEIO_US","FR","01.24Z","PRD",331,"GCO2E_EUR",2022,3
"EEIO_US","FR","01.25Z","FD",339,"GCO2E_EUR",2022,3
"EEIO_US","FR","01.25Z","GVA",490,"GCO2E_EUR",2022,3
"EEIO_US","FR","01.25Z","IC",83,"GCO2E_EUR",2022,3
"EEIO_US","FR","01.25Z","PRD",331,"GCO2E_EUR",2022,3
"EEIO_US","FR","01.26Z","FD",339,"GCO2E_EUR",2022,3
"EEIO_US","FR","01.26Z","GVA",490,"GCO2E_EUR",2022,3
"EEIO_US","FR","01.26Z","IC",83,"GCO2E_EUR",2022,3
"EEIO_US","FR","01.26Z","PRD",331,"GCO2E_EUR",2022,3
"EEIO_US","FR","01.27Z","FD",339,"GCO2E_EUR",2022,3
"EEIO_US","FR","01.27Z","GVA",490,"GCO2E_EUR",2022,3
"EEIO_US","FR","01.27Z","IC",83,"GCO2E_EUR",2022,3
"EEIO_US","FR","01.27Z","PRD",331,"GCO2E_EUR",2022,3
"EEIO_US","FR","01.28Z","FD",958,"GCO2E_EUR",2022,3
"EEIO_US","FR","01.28Z","GVA",2511,"GCO2E_EUR",2022,3
"EEIO_US","FR","01.28Z","IC",103,"GCO2E_EUR",2022,3
"EEIO_US","FR","01.28Z","PRD",926,"GCO2E_EUR",2022,3
"EEIO_US","FR","01.29Z","FD",649,"GCO2E_EUR",2022,3
"EEIO_US","FR","01.29Z","GVA",1501,"GCO2E_EUR",2022,3
"EEIO_US","FR","01.29Z","IC",93,"GCO2E_EUR",2022,3
"EEIO_US","FR","01.29Z","PRD",628,"GCO2E_EUR",2022,3
"EEIO_US","FR","01.30Z","FD",481,"GCO2E_EUR",2022,1
"EEIO_US","FR","01.30Z","GVA",760,"GCO2E_EUR",2022,1
"EEIO_US","FR","01.30Z","IC",61,"GCO2E_EUR",2022,1
"EEIO_US","FR","01.30Z","PRD",420,"GCO2E_EUR",2022,1
"EEIO_US","FR","01.41Z","FD",1330,"GCO2E_EUR",2022,1
"EEIO_US","FR","01.41Z","GVA",4597,"GCO2E_EUR",2022,1
"EEIO_US","FR","01.41Z","IC",217,"GCO2E_EUR",2022,1
"EEIO_US","FR","01.41Z","PRD",1330,"GCO2E_EUR",2022,1
"EEIO_US","FR","01.42Z","FD",1241,"GCO2E_EUR",2022,1
"EEIO_US","FR","01.42Z","GVA",3385,"GCO2E_EUR",2022,1
"EEIO_US","FR","01.42Z","IC",126,"GCO2E_EUR",2022,1
"EEIO_US","FR","01.42Z","PRD",1143,"GCO2E_EUR",2022,1
"EEIO_US","FR","01.43Z","FD",705,"GCO2E_EUR",2022,3
"EEIO_US","FR","01.43Z","GVA",945,"GCO2E_EUR",2022,3
"EEIO_US","FR","01.43Z","IC",79,"GCO2E_EUR",2022,3
"EEIO_US","FR","01.43Z","PRD",680,"GCO2E_EUR",2022,3
"EEIO_US","FR","01.44Z","FD",705,"GCO2E_EUR",2022,3
"EEIO_US","FR","01.44Z","GVA",945,"GCO2E_EUR",2022,3
"EEIO_US","FR","01.44Z","IC",79,"GCO2E_EUR",2022,3
"EEIO_US","FR","01.44Z","PRD",680,"GCO2E_EUR",2022,3
"EEIO_US","FR","01.45Z","FD",705,"GCO2E_EUR",2022,3
"EEIO_US","FR","01.45Z","GVA",945,"GCO2E_EUR",2022,3
"EEIO_US","FR","01.45Z","IC",79,"GCO2E_EUR",2022,3
"EEIO_US","FR","01.45Z","PRD",680,"GCO2E_EUR",2022,3
"EEIO_US","FR","01.46Z","FD",705,"GCO2E_EUR",2022,3
"EEIO_US","FR","01.46Z","GVA",945,"GCO2E_EUR",2022,3
"EEIO_US","FR","01.46Z","IC",79,"GCO2E_EUR",2022,3
"EEIO_US","FR","01.46Z","PRD",680,"GCO2E_EUR",2022,3
"EEIO_US","FR","01.47Z","FD",255,"GCO2E_EUR",2022,1
"EEIO_US","FR","01.47Z","GVA",815,"GCO2E_EUR",2022,1
"EEIO_US","FR","01.47Z","IC",115,"GCO2E_EUR",2022,1
"EEIO_US","FR","01.47Z","PRD",208,"GCO2E_EUR",2022,1
"EEIO_US","FR","01.49Z","FD",705,"GCO2E_EUR",2022,3
"EEIO_US","FR","01.49Z","GVA",945,"GCO2E_EUR",2022,3
"EEIO_US","FR","01.49Z","IC",79,"GCO2E_EUR",2022,3
"EEIO_US","FR","01.49Z","PRD",680,"GCO2E_EUR",2022,3
"EEIO_US","FR","01.50Z","FD",870,"GCO2E_EUR",2022,3
"EEIO_US","FR","01.50Z","GVA",2536,"GCO2E_EUR",2022,3
"EEIO_US","FR","01.50Z","IC",112,"GCO2E_EUR",2022,3
"EEIO_US","FR","01.50Z","PRD",808,"GCO2E_EUR",2022,3
"EEIO_US","FR","01.61Z","FD",83,"GCO2E_EUR",2022,2
"EEIO_US","FR","01.61Z","GVA",93,"GCO2E_EUR",2022,2
"EEIO_US","FR","01.61Z","IC",44,"GCO2E_EUR",2022,2
"EEIO_US","FR","01.61Z","PRD",83,"GCO2E_EUR",2022,2
"EEIO_US","FR","01.62Z","FD",83,"GCO2E_EUR",2022,2
"EEIO_US","FR","01.62Z","GVA",93,"GCO2E_EUR",2022,2
"EEIO_US","FR","01.62Z","IC",44,"GCO2E_EUR",2022,2
"EEIO_US","FR","01.62Z","PRD",83,"GCO2E_EUR",2022,2
"EEIO_US","FR","01.63Z","FD",83,"GCO2E_EUR",2022,3
"EEIO_US","FR","01.63Z","GVA",93,"GCO2E_EUR",2022,3
"EEIO_US","FR","01.63Z","IC",44,"GCO2E_EUR",2022,3
"EEIO_US","FR","01.63Z","PRD",83,"GCO2E_EUR",2022,3
"EEIO_US","FR","01.64Z","FD",83,"GCO2E_EUR",2022,3
"EEIO_US","FR","01.64Z","GVA",93,"GCO2E_EUR",2022,3
"EEIO_US","FR","01.64Z","IC",44,"GCO2E_EUR",2022,3
"EEIO_US","FR","01.64Z","PRD",83,"GCO2E_EUR",2022,3
"EEIO_US","FR","01.70Z","FD",62,"GCO2E_EUR",2022,3
"EEIO_US","FR","01.70Z","GVA",73,"GCO2E_EUR",2022,3
"EEIO_US","FR","01.70Z","IC",21,"GCO2E_EUR",2022,3
"EEIO_US","FR","01.70Z","PRD",62,"GCO2E_EUR",2022,3
"EEIO_US","FR","02.10Z","FD",82,"GCO2E_EUR",2022,3
"EEIO_US","FR","02.10Z","GVA",139,"GCO2E_EUR",2022,3
"EEIO_US","FR","02.10Z","IC",6,"GCO2E_EUR",2022,3
"EEIO_US","FR","02.10Z","PRD",82,"GCO2E_EUR",2022,3
"EEIO_US","FR","02.20Z","FD",82,"GCO2E_EUR",2022,3
"EEIO_US","FR","02.20Z","GVA",139,"GCO2E_EUR",2022,3
"EEIO_US","FR","02.20Z","IC",6,"GCO2E_EUR",2022,3
"EEIO_US","FR","02.20Z","PRD",82,"GCO2E_EUR",2022,3
"EEIO_US","FR","02.30Z","FD",82,"GCO2E_EUR",2022,3
"EEIO_US","FR","02.30Z","GVA",139,"GCO2E_EUR",2022,3
"EEIO_US","FR","02.30Z","IC",6,"GCO2E_EUR",2022,3
"EEIO_US","FR","02.30Z","PRD",82,"GCO2E_EUR",2022,3
"EEIO_US","FR","02.40Z","FD",83,"GCO2E_EUR",2022,2
"EEIO_US","FR","02.40Z","GVA",93,"GCO2E_EUR",2022,2
"EEIO_US","FR","02.40Z","IC",44,"GCO2E_EUR",2022,2
"EEIO_US","FR","02.40Z","PRD",83,"GCO2E_EUR",2022,2
"EEIO_US","FR","03.11Z","FD",62,"GCO2E_EUR",2022,4
"EEIO_US","FR","03.11Z","GVA",73,"GCO2E_EUR",2022,4
"EEIO_US","FR","03.11Z","IC",21,"GCO2E_EUR",2022,4
"EEIO_US","FR","03.11Z","PRD",62,"GCO2E_EUR",2022,4
"EEIO_US","FR","03.12Z","FD",62,"GCO2E_EUR",2022,4
"EEIO_US","FR","03.12Z","GVA",73,"GCO2E_EUR",2022,4
"EEIO_US","FR","03.12Z","IC",21,"GCO2E_EUR",2022,4
"EEIO_US","FR","03.12Z","PRD",62,"GCO2E_EUR",2022,4
"EEIO_US","FR","03.21Z","FD",705,"GCO2E_EUR",2022,4
"EEIO_US","FR","03.21Z","GVA",945,"GCO2E_EUR",2022,4
"EEIO_US","FR","03.21Z","IC",79,"GCO2E_EUR",2022,4
"EEIO_US","FR","03.21Z","PRD",680,"GCO2E_EUR",2022,4
"EEIO_US","FR","03.22Z","FD",705,"GCO2E_EUR",2022,4
"EEIO_US","FR","03.22Z","GVA",945,"GCO2E_EUR",2022,4
"EEIO_US","FR","03.22Z","IC",79,"GCO2E_EUR",2022,4
"EEIO_US","FR","03.22Z","PRD",680,"GCO2E_EUR",2022,4
"EEIO_US","FR","05.10Z","FD",179,"GCO2E_EUR",2022,2
"EEIO_US","FR","05.10Z","GVA",279,"GCO2E_EUR",2022,2
"EEIO_US","FR","05.10Z","IC",54,"GCO2E_EUR",2022,2
"EEIO_US","FR","05.10Z","PRD",171,"GCO2E_EUR",2022,2
"EEIO_US","FR","05.20Z","FD",179,"GCO2E_EUR",2022,2
"EEIO_US","FR","05.20Z","GVA",279,"GCO2E_EUR",2022,2
"EEIO_US","FR","05.20Z","IC",54,"GCO2E_EUR",2022,2
"EEIO_US","FR","05.20Z","PRD",171,"GCO2E_EUR",2022,2
"EEIO_US","FR","06.10Z","FD",72,"GCO2E_EUR",2022,2
"EEIO_US","FR","06.10Z","GVA",73,"GCO2E_EUR",2022,2
"EEIO_US","FR","06.10Z","IC",62,"GCO2E_EUR",2022,2
"EEIO_US","FR","06.10Z","PRD",69,"GCO2E_EUR",2022,2
"EEIO_US","FR","06.20Z","FD",72,"GCO2E_EUR",2022,2
"EEIO_US","FR","06.20Z","GVA",73,"GCO2E_EUR",2022,2
"EEIO_US","FR","06.20Z","IC",62,"GCO2E_EUR",2022,2
"EEIO_US","FR","06.20Z","PRD",69,"GCO2E_EUR",2022,2
"EEIO_US","FR","07.10Z","FD",74,"GCO2E_EUR",2022,3
"EEIO_US","FR","07.10Z","GVA",86,"GCO2E_EUR",2022,3
"EEIO_US","FR","07.10Z","IC",58,"GCO2E_EUR",2022,3
"EEIO_US","FR","07.10Z","PRD",70,"GCO2E_EUR",2022,3
"EEIO_US","FR","07.21Z","FD",74,"GCO2E_EUR",2022,3
"EEIO_US","FR","07.21Z","GVA",86,"GCO2E_EUR",2022,3
"EEIO_US","FR","07.21Z","IC",58,"GCO2E_EUR",2022,3
"EEIO_US","FR","07.21Z","PRD",70,"GCO2E_EUR",2022,3
"EEIO_US","FR","07.29Z","FD",56,"GCO2E_EUR",2022,3
"EEIO_US","FR","07.29Z","GVA",52,"GCO2E_EUR",2022,3
"EEIO_US","FR","07.29Z","IC",59,"GCO2E_EUR",2022,3
"EEIO_US","FR","07.29Z","PRD",54,"GCO2E_EUR",2022,3
"EEIO_US","FR","08.11Z","FD",32,"GCO2E_EUR",2022,1
"EEIO_US","FR","08.11Z","GVA",18,"GCO2E_EUR",2022,1
"EEIO_US","FR","08.11Z","IC",48,"GCO2E_EUR",2022,1
"EEIO_US","FR","08.11Z","PRD",31,"GCO2E_EUR",2022,1
"EEIO_US","FR","08.12Z","FD",30,"GCO2E_EUR",2022,3
"EEIO_US","FR","08.12Z","GVA",18,"GCO2E_EUR",2022,3
"EEIO_US","FR","08.12Z","IC",44,"GCO2E_EUR",2022,3
"EEIO_US","FR","08.12Z","PRD",30,"GCO2E_EUR",2022,3
"EEIO_US","FR","08.91Z","FD",30,"GCO2E_EUR",2022,3
"EEIO_US","FR","08.91Z","GVA",18,"GCO2E_EUR",2022,3
"EEIO_US","FR","08.91Z","IC",44,"GCO2E_EUR",2022,3
"EEIO_US","FR","08.91Z","PRD",30,"GCO2E_EUR",2022,3
"EEIO_US","FR","08.92Z","FD",30,"GCO2E_EUR",2022,3
"EEIO_US","FR","08.92Z","GVA",18,"GCO2E_EUR",2022,3
"EEIO_US","FR","08.92Z","IC",44,"GCO2E_EUR",2022,3
"EEIO_US","FR","08.92Z","PRD",30,"GCO2E_EUR",2022,3
"EEIO_US","FR","08.93Z","FD",30,"GCO2E_EUR",2022,3
"EEIO_US","FR","08.93Z","GVA",18,"GCO2E_EUR",2022,3
"EEIO_US","FR","08.93Z","IC",44,"GCO2E_EUR",2022,3
"EEIO_US","FR","08.93Z","PRD",30,"GCO2E_EUR",2022,3
"EEIO_US","FR","08.99Z","FD",30,"GCO2E_EUR",2022,3
"EEIO_US","FR","08.99Z","GVA",18,"GCO2E_EUR",2022,3
"EEIO_US","FR","08.99Z","IC",44,"GCO2E_EUR",2022,3
"EEIO_US","FR","08.99Z","PRD",30,"GCO2E_EUR",2022,3
"EEIO_US","FR","09.10Z","FD",44,"GCO2E_EUR",2022,3
"EEIO_US","FR","09.10Z","GVA",32,"GCO2E_EUR",2022,3
"EEIO_US","FR","09.10Z","IC",58,"GCO2E_EUR",2022,3
"EEIO_US","FR","09.10Z","PRD",44,"GCO2E_EUR",2022,3
"EEIO_US","FR","09.90Z","FD",45,"GCO2E_EUR",2022,2
"EEIO_US","FR","09.90Z","GVA",36,"GCO2E_EUR",2022,2
"EEIO_US","FR","09.90Z","IC",53,"GCO2E_EUR",2022,2
"EEIO_US","FR","09.90Z","PRD",44,"GCO2E_EUR",2022,2
"EEIO_US","FR","10.11Z","FD",232,"GCO2E_EUR",2022,2
"EEIO_US","FR","10.11Z","GVA",198,"GCO2E_EUR",2022,2
"EEIO_US","FR","10.11Z","IC",226,"GCO2E_EUR",2022,2
"EEIO_US","FR","10.11Z","PRD",221,"GCO2E_EUR",2022,2
"EEIO_US","FR","10.12Z","FD",94,"GCO2E_EUR",2022,1
"EEIO_US","FR","10.12Z","GVA",116,"GCO2E_EUR",2022,1
"EEIO_US","FR","10.12Z","IC",77,"GCO2E_EUR",2022,1
"EEIO_US","FR","10.12Z","PRD",88,"GCO2E_EUR",2022,1
"EEIO_US","FR","10.13A","FD",232,"GCO2E_EUR",2022,2
"EEIO_US","FR","10.13A","GVA",198,"GCO2E_EUR",2022,2
"EEIO_US","FR","10.13A","IC",226,"GCO2E_EUR",2022,2
"EEIO_US","FR","10.13A","PRD",221,"GCO2E_EUR",2022,2
"EEIO_US","FR","10.13B","FD",232,"GCO2E_EUR",2022,2
"EEIO_US","FR","10.13B","GVA",198,"GCO2E_EUR",2022,2
"EEIO_US","FR","10.13B","IC",226,"GCO2E_EUR",2022,2
"EEIO_US","FR","10.13B","PRD",221,"GCO2E_EUR",2022,2
"EEIO_US","FR","10.20Z","FD",93,"GCO2E_EUR",2022,1
"EEIO_US","FR","10.20Z","GVA",271,"GCO2E_EUR",2022,1
"EEIO_US","FR","10.20Z","IC",36,"GCO2E_EUR",2022,1
"EEIO_US","FR","10.20Z","PRD",89,"GCO2E_EUR",2022,1
"EEIO_US","FR","10.31Z","FD",155,"GCO2E_EUR",2022,3
"EEIO_US","FR","10.31Z","GVA",226,"GCO2E_EUR",2022,3
"EEIO_US","FR","10.31Z","IC",129,"GCO2E_EUR",2022,3
"EEIO_US","FR","10.31Z","PRD",151,"GCO2E_EUR",2022,3
"EEIO_US","FR","10.32Z","FD",130,"GCO2E_EUR",2022,3
"EEIO_US","FR","10.32Z","GVA",388,"GCO2E_EUR",2022,3
"EEIO_US","FR","10.32Z","IC",39,"GCO2E_EUR",2022,3
"EEIO_US","FR","10.32Z","PRD",124,"GCO2E_EUR",2022,3
"EEIO_US","FR","10.39A","FD",169,"GCO2E_EUR",2022,3
"EEIO_US","FR","10.39A","GVA",292,"GCO2E_EUR",2022,3
"EEIO_US","FR","10.39A","IC",123,"GCO2E_EUR",2022,3
"EEIO_US","FR","10.39A","PRD",163,"GCO2E_EUR",2022,3
"EEIO_US","FR","10.39B","FD",169,"GCO2E_EUR",2022,3
"EEIO_US","FR","10.39B","GVA",292,"GCO2E_EUR",2022,3
"EEIO_US","FR","10.39B","IC",123,"GCO2E_EUR",2022,3
"EEIO_US","FR","10.39B","PRD",163,"GCO2E_EUR",2022,3
"EEIO_US","FR","10.41A","FD",335,"GCO2E_EUR",2022,2
"EEIO_US","FR","10.41A","GVA",348,"GCO2E_EUR",2022,2
"EEIO_US","FR","10.41A","IC",316,"GCO2E_EUR",2022,2
"EEIO_US","FR","10.41A","PRD",320,"GCO2E_EUR",2022,2
"EEIO_US","FR","10.41B","FD",209,"GCO2E_EUR",2022,2
"EEIO_US","FR","10.41B","GVA",314,"GCO2E_EUR",2022,2
"EEIO_US","FR","10.41B","IC",187,"GCO2E_EUR",2022,2
"EEIO_US","FR","10.41B","PRD",206,"GCO2E_EUR",2022,2
"EEIO_US","FR","10.42Z","FD",209,"GCO2E_EUR",2022,2
"EEIO_US","FR","10.42Z","GVA",314,"GCO2E_EUR",2022,2
"EEIO_US","FR","10.42Z","IC",187,"GCO2E_EUR",2022,2
"EEIO_US","FR","10.42Z","PRD",206,"GCO2E_EUR",2022,2
"EEIO_US","FR","10.51A","FD",280,"GCO2E_EUR",2022,2
"EEIO_US","FR","10.51A","GVA",163,"GCO2E_EUR",2022,2
"EEIO_US","FR","10.51A","IC",294,"GCO2E_EUR",2022,2
"EEIO_US","FR","10.51A","PRD",268,"GCO2E_EUR",2022,2
"EEIO_US","FR","10.51B","FD",280,"GCO2E_EUR",2022,2
"EEIO_US","FR","10.51B","GVA",163,"GCO2E_EUR",2022,2
"EEIO_US","FR","10.51B","IC",294,"GCO2E_EUR",2022,2
"EEIO_US","FR","10.51B","PRD",268,"GCO2E_EUR",2022,2
"EEIO_US","FR","10.51C","FD",300,"GCO2E_EUR",2022,1
"EEIO_US","FR","10.51C","GVA",135,"GCO2E_EUR",2022,1
"EEIO_US","FR","10.51C","IC",298,"GCO2E_EUR",2022,1
"EEIO_US","FR","10.51C","PRD",269,"GCO2E_EUR",2022,1
"EEIO_US","FR","10.51D","FD",190,"GCO2E_EUR",2022,2
"EEIO_US","FR","10.51D","GVA",167,"GCO2E_EUR",2022,2
"EEIO_US","FR","10.51D","IC",193,"GCO2E_EUR",2022,2
"EEIO_US","FR","10.51D","PRD",185,"GCO2E_EUR",2022,2
"EEIO_US","FR","10.52Z","FD",119,"GCO2E_EUR",2022,1
"EEIO_US","FR","10.52Z","GVA",113,"GCO2E_EUR",2022,1
"EEIO_US","FR","10.52Z","IC",117,"GCO2E_EUR",2022,1
"EEIO_US","FR","10.52Z","PRD",116,"GCO2E_EUR",2022,1
"EEIO_US","FR","10.61A","FD",331,"GCO2E_EUR",2022,2
"EEIO_US","FR","10.61A","GVA",230,"GCO2E_EUR",2022,2
"EEIO_US","FR","10.61A","IC",348,"GCO2E_EUR",2022,2
"EEIO_US","FR","10.61A","PRD",322,"GCO2E_EUR",2022,2
"EEIO_US","FR","10.61B","FD",307,"GCO2E_EUR",2022,2
"EEIO_US","FR","10.61B","GVA",479,"GCO2E_EUR",2022,2
"EEIO_US","FR","10.61B","IC",220,"GCO2E_EUR",2022,2
"EEIO_US","FR","10.61B","PRD",302,"GCO2E_EUR",2022,2
"EEIO_US","FR","10.62Z","FD",922,"GCO2E_EUR",2022,1
"EEIO_US","FR","10.62Z","GVA",1822,"GCO2E_EUR",2022,1
"EEIO_US","FR","10.62Z","IC",643,"GCO2E_EUR",2022,1
"EEIO_US","FR","10.62Z","PRD",917,"GCO2E_EUR",2022,1
"EEIO_US","FR","10.71A","FD",104,"GCO2E_EUR",2022,2
"EEIO_US","FR","10.71A","GVA",96,"GCO2E_EUR",2022,2
"EEIO_US","FR","10.71A","IC",107,"GCO2E_EUR",2022,2
"EEIO_US","FR","10.71A","PRD",103,"GCO2E_EUR",2022,2
"EEIO_US","FR","10.71B","FD",102,"GCO2E_EUR",2022,2
"EEIO_US","FR","10.71B","GVA",97,"GCO2E_EUR",2022,2
"EEIO_US","FR","10.71B","IC",104,"GCO2E_EUR",2022,2
"EEIO_US","FR","10.71B","PRD",102,"GCO2E_EUR",2022,2
"EEIO_US","FR","10.71C","FD",102,"GCO2E_EUR",2022,2
"EEIO_US","FR","10.71C","GVA",97,"GCO2E_EUR",2022,2
"EEIO_US","FR","10.71C","IC",104,"GCO2E_EUR",2022,2
"EEIO_US","FR","10.71C","PRD",102,"GCO2E_EUR",2022,2
"EEIO_US","FR","10.71D","FD",102,"GCO2E_EUR",2022,2
"EEIO_US","FR","10.71D","GVA",97,"GCO2E_EUR",2022,2
"EEIO_US","FR","10.71D","IC",104,"GCO2E_EUR",2022,2
"EEIO_US","FR","10.71D","PRD",102,"GCO2E_EUR",2022,2
"EEIO_US","FR","10.72Z","FD",106,"GCO2E_EUR",2022,2
"EEIO_US","FR","10.72Z","GVA",95,"GCO2E_EUR",2022,2
"EEIO_US","FR","10.72Z","IC",110,"GCO2E_EUR",2022,2
"EEIO_US","FR","10.72Z","PRD",105,"GCO2E_EUR",2022,2
"EEIO_US","FR","10.73Z","FD",106,"GCO2E_EUR",2022,2
"EEIO_US","FR","10.73Z","GVA",95,"GCO2E_EUR",2022,2
"EEIO_US","FR","10.73Z","IC",110,"GCO2E_EUR",2022,2
"EEIO_US","FR","10.73Z","PRD",105,"GCO2E_EUR",2022,2
"EEIO_US","FR","10.81Z","FD",244,"GCO2E_EUR",2022,2
"EEIO_US","FR","10.81Z","GVA",543,"GCO2E_EUR",2022,2
"EEIO_US","FR","10.81Z","IC",104,"GCO2E_EUR",2022,2
"EEIO_US","FR","10.81Z","PRD",221,"GCO2E_EUR",2022,2
"EEIO_US","FR","10.82Z","FD",244,"GCO2E_EUR",2022,2
"EEIO_US","FR","10.82Z","GVA",543,"GCO2E_EUR",2022,2
"EEIO_US","FR","10.82Z","IC",104,"GCO2E_EUR",2022,2
"EEIO_US","FR","10.82Z","PRD",221,"GCO2E_EUR",2022,2
"EEIO_US","FR","10.83Z","FD",78,"GCO2E_EUR",2022,1
"EEIO_US","FR","10.83Z","GVA",60,"GCO2E_EUR",2022,1
"EEIO_US","FR","10.83Z","IC",83,"GCO2E_EUR",2022,1
"EEIO_US","FR","10.83Z","PRD",78,"GCO2E_EUR",2022,1
"EEIO_US","FR","10.84Z","FD",115,"GCO2E_EUR",2022,1
"EEIO_US","FR","10.84Z","GVA",47,"GCO2E_EUR",2022,1
"EEIO_US","FR","10.84Z","IC",144,"GCO2E_EUR",2022,1
"EEIO_US","FR","10.84Z","PRD",113,"GCO2E_EUR",2022,1
"EEIO_US","FR","10.85Z","FD",201,"GCO2E_EUR",2022,3
"EEIO_US","FR","10.85Z","GVA",89,"GCO2E_EUR",2022,3
"EEIO_US","FR","10.85Z","IC",230,"GCO2E_EUR",2022,3
"EEIO_US","FR","10.85Z","PRD",197,"GCO2E_EUR",2022,3
"EEIO_US","FR","10.86Z","FD",201,"GCO2E_EUR",2022,3
"EEIO_US","FR","10.86Z","GVA",89,"GCO2E_EUR",2022,3
"EEIO_US","FR","10.86Z","IC",230,"GCO2E_EUR",2022,3
"EEIO_US","FR","10.86Z","PRD",197,"GCO2E_EUR",2022,3
"EEIO_US","FR","10.89Z","FD",138,"GCO2E_EUR",2022,3
"EEIO_US","FR","10.89Z","GVA",61,"GCO2E_EUR",2022,3
"EEIO_US","FR","10.89Z","IC",170,"GCO2E_EUR",2022,3
"EEIO_US","FR","10.89Z","PRD",134,"GCO2E_EUR",2022,3
"EEIO_US","FR","10.91Z","FD",198,"GCO2E_EUR",2022,2
"EEIO_US","FR","10.91Z","GVA",199,"GCO2E_EUR",2022,2
"EEIO_US","FR","10.91Z","IC",197,"GCO2E_EUR",2022,2
"EEIO_US","FR","10.91Z","PRD",197,"GCO2E_EUR",2022,2
"EEIO_US","FR","10.92Z","FD",143,"GCO2E_EUR",2022,1
"EEIO_US","FR","10.92Z","GVA",89,"GCO2E_EUR",2022,1
"EEIO_US","FR","10.92Z","IC",163,"GCO2E_EUR",2022,1
"EEIO_US","FR","10.92Z","PRD",142,"GCO2E_EUR",2022,1
"EEIO_US","FR","11.01Z","FD",150,"GCO2E_EUR",2022,1
"EEIO_US","FR","11.01Z","GVA",232,"GCO2E_EUR",2022,1
"EEIO_US","FR","11.01Z","IC",29,"GCO2E_EUR",2022,1
"EEIO_US","FR","11.01Z","PRD",140,"GCO2E_EUR",2022,1
"EEIO_US","FR","11.02A","FD",44,"GCO2E_EUR",2022,2
"EEIO_US","FR","11.02A","GVA",24,"GCO2E_EUR",2022,2
"EEIO_US","FR","11.02A","IC",58,"GCO2E_EUR",2022,2
"EEIO_US","FR","11.02A","PRD",44,"GCO2E_EUR",2022,2
"EEIO_US","FR","11.02B","FD",44,"GCO2E_EUR",2022,2
"EEIO_US","FR","11.02B","GVA",24,"GCO2E_EUR",2022,2
"EEIO_US","FR","11.02B","IC",58,"GCO2E_EUR",2022,2
"EEIO_US","FR","11.02B","PRD",44,"GCO2E_EUR",2022,2
"EEIO_US","FR","11.03Z","FD",44,"GCO2E_EUR",2022,2
"EEIO_US","FR","11.03Z","GVA",24,"GCO2E_EUR",2022,2
"EEIO_US","FR","11.03Z","IC",58,"GCO2E_EUR",2022,2
"EEIO_US","FR","11.03Z","PRD",44,"GCO2E_EUR",2022,2
"EEIO_US","FR","11.04Z","FD",44,"GCO2E_EUR",2022,2
"EEIO_US","FR","11.04Z","GVA",24,"GCO2E_EUR",2022,2
"EEIO_US","FR","11.04Z","IC",58,"GCO2E_EUR",2022,2
"EEIO_US","FR","11.04Z","PRD",44,"GCO2E_EUR",2022,2
"EEIO_US","FR","11.05Z","FD",97,"GCO2E_EUR",2022,1
"EEIO_US","FR","11.05Z","GVA",65,"GCO2E_EUR",2022,1
"EEIO_US","FR","11.05Z","IC",113,"GCO2E_EUR",2022,1
"EEIO_US","FR","11.05Z","PRD",91,"GCO2E_EUR",2022,1
"EEIO_US","FR","11.06Z","FD",331,"GCO2E_EUR",2022,2
"EEIO_US","FR","11.06Z","GVA",230,"GCO2E_EUR",2022,2
"EEIO_US","FR","11.06Z","IC",348,"GCO2E_EUR",2022,2
"EEIO_US","FR","11.06Z","PRD",322,"GCO2E_EUR",2022,2
"EEIO_US","FR","11.07A","FD",78,"GCO2E_EUR",2022,3
"EEIO_US","FR","11.07A","GVA",111,"GCO2E_EUR",2022,3
"EEIO_US","FR","11.07A","IC",64,"GCO2E_EUR",2022,3
"EEIO_US","FR","11.07A","PRD",78,"GCO2E_EUR",2022,3
"EEIO_US","FR","11.07B","FD",77,"GCO2E_EUR",2022,3
"EEIO_US","FR","11.07B","GVA",72,"GCO2E_EUR",2022,3
"EEIO_US","FR","11.07B","IC",87,"GCO2E_EUR",2022,3
"EEIO_US","FR","11.07B","PRD",75,"GCO2E_EUR",2022,3
"EEIO_US","FR","12.00Z","FD",17,"GCO2E_EUR",2022,1
"EEIO_US","FR","12.00Z","GVA",7,"GCO2E_EUR",2022,1
"EEIO_US","FR","12.00Z","IC",45,"GCO2E_EUR",2022,1
"EEIO_US","FR","12.00Z","PRD",17,"GCO2E_EUR",2022,1
"EEIO_US","FR","13.10Z","FD",83,"GCO2E_EUR",2022,1
"EEIO_US","FR","13.10Z","GVA",88,"GCO2E_EUR",2022,1
"EEIO_US","FR","13.10Z","IC",81,"GCO2E_EUR",2022,1
"EEIO_US","FR","13.10Z","PRD",83,"GCO2E_EUR",2022,1
"EEIO_US","FR","13.20Z","FD",70,"GCO2E_EUR",2022,3
"EEIO_US","FR","13.20Z","GVA",108,"GCO2E_EUR",2022,3
"EEIO_US","FR","13.20Z","IC",48,"GCO2E_EUR",2022,3
"EEIO_US","FR","13.20Z","PRD",68,"GCO2E_EUR",2022,3
"EEIO_US","FR","13.30Z","FD",75,"GCO2E_EUR",2022,2
"EEIO_US","FR","13.30Z","GVA",177,"GCO2E_EUR",2022,2
"EEIO_US","FR","13.30Z","IC",25,"GCO2E_EUR",2022,2
"EEIO_US","FR","13.30Z","PRD",73,"GCO2E_EUR",2022,2
"EEIO_US","FR","13.91Z","FD",70,"GCO2E_EUR",2022,3
"EEIO_US","FR","13.91Z","GVA",108,"GCO2E_EUR",2022,3
"EEIO_US","FR","13.91Z","IC",48,"GCO2E_EUR",2022,3
"EEIO_US","FR","13.91Z","PRD",68,"GCO2E_EUR",2022,3
"EEIO_US","FR","13.92Z","FD",49,"GCO2E_EUR",2022,3
"EEIO_US","FR","13.92Z","GVA",46,"GCO2E_EUR",2022,3
"EEIO_US","FR","13.92Z","IC",52,"GCO2E_EUR",2022,3
"EEIO_US","FR","13.92Z","PRD",49,"GCO2E_EUR",2022,3
"EEIO_US","FR","13.93Z","FD",50,"GCO2E_EUR",2022,1
"EEIO_US","FR","13.93Z","GVA",56,"GCO2E_EUR",2022,1
"EEIO_US","FR","13.93Z","IC",47,"GCO2E_EUR",2022,1
"EEIO_US","FR","13.93Z","PRD",50,"GCO2E_EUR",2022,1
"EEIO_US","FR","13.94Z","FD",46,"GCO2E_EUR",2022,3
"EEIO_US","FR","13.94Z","GVA",35,"GCO2E_EUR",2022,3
"EEIO_US","FR","13.94Z","IC",55,"GCO2E_EUR",2022,3
"EEIO_US","FR","13.94Z","PRD",45,"GCO2E_EUR",2022,3
"EEIO_US","FR","13.95Z","FD",70,"GCO2E_EUR",2022,3
"EEIO_US","FR","13.95Z","GVA",108,"GCO2E_EUR",2022,3
"EEIO_US","FR","13.95Z","IC",48,"GCO2E_EUR",2022,3
"EEIO_US","FR","13.95Z","PRD",68,"GCO2E_EUR",2022,3
"EEIO_US","FR","13.96Z","FD",70,"GCO2E_EUR",2022,3
"EEIO_US","FR","13.96Z","GVA",108,"GCO2E_EUR",2022,3
"EEIO_US","FR","13.96Z","IC",48,"GCO2E_EUR",2022,3
"EEIO_US","FR","13.96Z","PRD",68,"GCO2E_EUR",2022,3
"EEIO_US","FR","13.99Z","FD",46,"GCO2E_EUR",2022,3
"EEIO_US","FR","13.99Z","GVA",35,"GCO2E_EUR",2022,3
"EEIO_US","FR","13.99Z","IC",55,"GCO2E_EUR",2022,3
"EEIO_US","FR","13.99Z","PRD",45,"GCO2E_EUR",2022,3
"EEIO_US","FR","14.11Z","FD",24,"GCO2E_EUR",2022,3
"EEIO_US","FR","14.11Z","GVA",13,"GCO2E_EUR",2022,3
"EEIO_US","FR","14.11Z","IC",43,"GCO2E_EUR",2022,3
"EEIO_US","FR","14.11Z","PRD",23,"GCO2E_EUR",2022,3
"EEIO_US","FR","14.12Z","FD",24,"GCO2E_EUR",2022,3
"EEIO_US","FR","14.12Z","GVA",13,"GCO2E_EUR",2022,3
"EEIO_US","FR","14.12Z","IC",43,"GCO2E_EUR",2022,3
"EEIO_US","FR","14.12Z","PRD",23,"GCO2E_EUR",2022,3
"EEIO_US","FR","14.13Z","FD",24,"GCO2E_EUR",2022,3
"EEIO_US","FR","14.13Z","GVA",13,"GCO2E_EUR",2022,3
"EEIO_US","FR","14.13Z","IC",43,"GCO2E_EUR",2022,3
"EEIO_US","FR","14.13Z","PRD",23,"GCO2E_EUR",2022,3
"EEIO_US","FR","14.14Z","FD",24,"GCO2E_EUR",2022,3
"EEIO_US","FR","14.14Z","GVA",13,"GCO2E_EUR",2022,3
"EEIO_US","FR","14.14Z","IC",43,"GCO2E_EUR",2022,3
"EEIO_US","FR","14.14Z","PRD",23,"GCO2E_EUR",2022,3
"EEIO_US","FR","14.19Z","FD",24,"GCO2E_EUR",2022,3
"EEIO_US","FR","14.19Z","GVA",13,"GCO2E_EUR",2022,3
"EEIO_US","FR","14.19Z","IC",43,"GCO2E_EUR",2022,3
"EEIO_US","FR","14.19Z","PRD",23,"GCO2E_EUR",2022,3
"EEIO_US","FR","14.20Z","FD",24,"GCO2E_EUR",2022,3
"EEIO_US","FR","14.20Z","GVA",13,"GCO2E_EUR",2022,3
"EEIO_US","FR","14.20Z","IC",43,"GCO2E_EUR",2022,3
"EEIO_US","FR","14.20Z","PRD",23,"GCO2E_EUR",2022,3
"EEIO_US","FR","14.31Z","FD",24,"GCO2E_EUR",2022,3
"EEIO_US","FR","14.31Z","GVA",13,"GCO2E_EUR",2022,3
"EEIO_US","FR","14.31Z","IC",43,"GCO2E_EUR",2022,3
"EEIO_US","FR","14.31Z","PRD",23,"GCO2E_EUR",2022,3
"EEIO_US","FR","14.39Z","FD",24,"GCO2E_EUR",2022,3
"EEIO_US","FR","14.39Z","GVA",13,"GCO2E_EUR",2022,3
"EEIO_US","FR","14.39Z","IC",43,"GCO2E_EUR",2022,3
"EEIO_US","FR","14.39Z","PRD",23,"GCO2E_EUR",2022,3
"EEIO_US","FR","15.11Z","FD",48,"GCO2E_EUR",2022,2
"EEIO_US","FR","15.11Z","GVA",19,"GCO2E_EUR",2022,2
"EEIO_US","FR","15.11Z","IC",69,"GCO2E_EUR",2022,2
"EEIO_US","FR","15.11Z","PRD",46,"GCO2E_EUR",2022,2
"EEIO_US","FR","15.12Z","FD",48,"GCO2E_EUR",2022,2
"EEIO_US","FR","15.12Z","GVA",19,"GCO2E_EUR",2022,2
"EEIO_US","FR","15.12Z","IC",69,"GCO2E_EUR",2022,2
"EEIO_US","FR","15.12Z","PRD",46,"GCO2E_EUR",2022,2
"EEIO_US","FR","15.20Z","FD",48,"GCO2E_EUR",2022,2
"EEIO_US","FR","15.20Z","GVA",19,"GCO2E_EUR",2022,2
"EEIO_US","FR","15.20Z","IC",69,"GCO2E_EUR",2022,2
"EEIO_US","FR","15.20Z","PRD",46,"GCO2E_EUR",2022,2
"EEIO_US","FR","16.10A","FD",53,"GCO2E_EUR",2022,2
"EEIO_US","FR","16.10A","GVA",72,"GCO2E_EUR",2022,2
"EEIO_US","FR","16.10A","IC",41,"GCO2E_EUR",2022,2
"EEIO_US","FR","16.10A","PRD",49,"GCO2E_EUR",2022,2
"EEIO_US","FR","16.10B","FD",53,"GCO2E_EUR",2022,2
"EEIO_US","FR","16.10B","GVA",72,"GCO2E_EUR",2022,2
"EEIO_US","FR","16.10B","IC",41,"GCO2E_EUR",2022,2
"EEIO_US","FR","16.10B","PRD",49,"GCO2E_EUR",2022,2
"EEIO_US","FR","16.21Z","FD",94,"GCO2E_EUR",2022,2
"EEIO_US","FR","16.21Z","GVA",174,"GCO2E_EUR",2022,2
"EEIO_US","FR","16.21Z","IC",38,"GCO2E_EUR",2022,2
"EEIO_US","FR","16.21Z","PRD",87,"GCO2E_EUR",2022,2
"EEIO_US","FR","16.22Z","FD",94,"GCO2E_EUR",2022,2
"EEIO_US","FR","16.22Z","GVA",174,"GCO2E_EUR",2022,2
"EEIO_US","FR","16.22Z","IC",38,"GCO2E_EUR",2022,2
"EEIO_US","FR","16.22Z","PRD",87,"GCO2E_EUR",2022,2
"EEIO_US","FR","16.23Z","FD",33,"GCO2E_EUR",2022,1
"EEIO_US","FR","16.23Z","GVA",26,"GCO2E_EUR",2022,1
"EEIO_US","FR","16.23Z","IC",36,"GCO2E_EUR",2022,1
"EEIO_US","FR","16.23Z","PRD",32,"GCO2E_EUR",2022,1
"EEIO_US","FR","16.24Z","FD",42,"GCO2E_EUR",2022,3
"EEIO_US","FR","16.24Z","GVA",45,"GCO2E_EUR",2022,3
"EEIO_US","FR","16.24Z","IC",39,"GCO2E_EUR",2022,3
"EEIO_US","FR","16.24Z","PRD",41,"GCO2E_EUR",2022,3
"EEIO_US","FR","16.29Z","FD",42,"GCO2E_EUR",2022,3
"EEIO_US","FR","16.29Z","GVA",45,"GCO2E_EUR",2022,3
"EEIO_US","FR","16.29Z","IC",39,"GCO2E_EUR",2022,3
"EEIO_US","FR","16.29Z","PRD",41,"GCO2E_EUR",2022,3
"EEIO_US","FR","17.11Z","FD",323,"GCO2E_EUR",2022,1
"EEIO_US","FR","17.11Z","GVA",794,"GCO2E_EUR",2022,1
"EEIO_US","FR","17.11Z","IC",101,"GCO2E_EUR",2022,1
"EEIO_US","FR","17.11Z","PRD",317,"GCO2E_EUR",2022,1
"EEIO_US","FR","17.12Z","FD",298,"GCO2E_EUR",2022,2
"EEIO_US","FR","17.12Z","GVA",690,"GCO2E_EUR",2022,2
"EEIO_US","FR","17.12Z","IC",77,"GCO2E_EUR",2022,2
"EEIO_US","FR","17.12Z","PRD",297,"GCO2E_EUR",2022,2
"EEIO_US","FR","17.21A","FD",77,"GCO2E_EUR",2022,2
"EEIO_US","FR","17.21A","GVA",41,"GCO2E_EUR",2022,2
"EEIO_US","FR","17.21A","IC",89,"GCO2E_EUR",2022,2
"EEIO_US","FR","17.21A","PRD",77,"GCO2E_EUR",2022,2
"EEIO_US","FR","17.21B","FD",77,"GCO2E_EUR",2022,2
"EEIO_US","FR","17.21B","GVA",41,"GCO2E_EUR",2022,2
"EEIO_US","FR","17.21B","IC",89,"GCO2E_EUR",2022,2
"EEIO_US","FR","17.21B","PRD",77,"GCO2E_EUR",2022,2
"EEIO_US","FR","17.21C","FD",72,"GCO2E_EUR",2022,1
"EEIO_US","FR","17.21C","GVA",34,"GCO2E_EUR",2022,1
"EEIO_US","FR","17.21C","IC",90,"GCO2E_EUR",2022,1
"EEIO_US","FR","17.21C","PRD",72,"GCO2E_EUR",2022,1
"EEIO_US","FR","17.22Z","FD",150,"GCO2E_EUR",2022,1
"EEIO_US","FR","17.22Z","GVA",350,"GCO2E_EUR",2022,1
"EEIO_US","FR","17.22Z","IC",48,"GCO2E_EUR",2022,1
"EEIO_US","FR","17.22Z","PRD",150,"GCO2E_EUR",2022,1
"EEIO_US","FR","17.23Z","FD",70,"GCO2E_EUR",2022,1
"EEIO_US","FR","17.23Z","GVA",12,"GCO2E_EUR",2022,1
"EEIO_US","FR","17.23Z","IC",91,"GCO2E_EUR",2022,1
"EEIO_US","FR","17.23Z","PRD",70,"GCO2E_EUR",2022,1
"EEIO_US","FR","17.24Z","FD",66,"GCO2E_EUR",2022,3
"EEIO_US","FR","17.24Z","GVA",16,"GCO2E_EUR",2022,3
"EEIO_US","FR","17.24Z","IC",99,"GCO2E_EUR",2022,3
"EEIO_US","FR","17.24Z","PRD",66,"GCO2E_EUR",2022,3
"EEIO_US","FR","17.29Z","FD",66,"GCO2E_EUR",2022,3
"EEIO_US","FR","17.29Z","GVA",16,"GCO2E_EUR",2022,3
"EEIO_US","FR","17.29Z","IC",99,"GCO2E_EUR",2022,3
"EEIO_US","FR","17.29Z","PRD",66,"GCO2E_EUR",2022,3
"EEIO_US","FR","18.11Z","FD",53,"GCO2E_EUR",2022,2
"EEIO_US","FR","18.11Z","GVA",53,"GCO2E_EUR",2022,2
"EEIO_US","FR","18.11Z","IC",52,"GCO2E_EUR",2022,2
"EEIO_US","FR","18.11Z","PRD",52,"GCO2E_EUR",2022,2
"EEIO_US","FR","18.12Z","FD",53,"GCO2E_EUR",2022,2
"EEIO_US","FR","18.12Z","GVA",53,"GCO2E_EUR",2022,2
"EEIO_US","FR","18.12Z","IC",52,"GCO2E_EUR",2022,2
"EEIO_US","FR","18.12Z","PRD",52,"GCO2E_EUR",2022,2
"EEIO_US","FR","18.13Z","FD",28,"GCO2E_EUR",2022,3
"EEIO_US","FR","18.13Z","GVA",28,"GCO2E_EUR",2022,3
"EEIO_US","FR","18.13Z","IC",27,"GCO2E_EUR",2022,3
"EEIO_US","FR","18.13Z","PRD",28,"GCO2E_EUR",2022,3
"EEIO_US","FR","18.14Z","FD",28,"GCO2E_EUR",2022,3
"EEIO_US","FR","18.14Z","GVA",28,"GCO2E_EUR",2022,3
"EEIO_US","FR","18.14Z","IC",27,"GCO2E_EUR",2022,3
"EEIO_US","FR","18.14Z","PRD",28,"GCO2E_EUR",2022,3
"EEIO_US","FR","18.20Z","FD",2,"GCO2E_EUR",2022,2
"EEIO_US","FR","18.20Z","GVA",0,"GCO2E_EUR",2022,2
"EEIO_US","FR","18.20Z","IC",9,"GCO2E_EUR",2022,2
"EEIO_US","FR","18.20Z","PRD",2,"GCO2E_EUR",2022,2
"EEIO_US","FR","19.10Z","FD",365,"GCO2E_EUR",2022,2
"EEIO_US","FR","19.10Z","GVA",1049,"GCO2E_EUR",2022,2
"EEIO_US","FR","19.10Z","IC",33,"GCO2E_EUR",2022,2
"EEIO_US","FR","19.10Z","PRD",364,"GCO2E_EUR",2022,2
"EEIO_US","FR","19.20Z","FD",186,"GCO2E_EUR",2022,1
"EEIO_US","FR","19.20Z","GVA",822,"GCO2E_EUR",2022,1
"EEIO_US","FR","19.20Z","IC",18,"GCO2E_EUR",2022,1
"EEIO_US","FR","19.20Z","PRD",185,"GCO2E_EUR",2022,1
"EEIO_US","FR","20.11Z","FD",491,"GCO2E_EUR",2022,1
"EEIO_US","FR","20.11Z","GVA",1279,"GCO2E_EUR",2022,1
"EEIO_US","FR","20.11Z","IC",29,"GCO2E_EUR",2022,1
"EEIO_US","FR","20.11Z","PRD",491,"GCO2E_EUR",2022,1
"EEIO_US","FR","20.12Z","FD",60,"GCO2E_EUR",2022,1
"EEIO_US","FR","20.12Z","GVA",115,"GCO2E_EUR",2022,1
"EEIO_US","FR","20.12Z","IC",27,"GCO2E_EUR",2022,1
"EEIO_US","FR","20.12Z","PRD",60,"GCO2E_EUR",2022,1
"EEIO_US","FR","20.13A","FD",724,"GCO2E_EUR",2022,3
"EEIO_US","FR","20.13A","GVA",1522,"GCO2E_EUR",2022,3
"EEIO_US","FR","20.13A","IC",24,"GCO2E_EUR",2022,3
"EEIO_US","FR","20.13A","PRD",714,"GCO2E_EUR",2022,3
"EEIO_US","FR","20.13B","FD",724,"GCO2E_EUR",2022,3
"EEIO_US","FR","20.13B","GVA",1522,"GCO2E_EUR",2022,3
"EEIO_US","FR","20.13B","IC",24,"GCO2E_EUR",2022,3
"EEIO_US","FR","20.13B","PRD",714,"GCO2E_EUR",2022,3
"EEIO_US","FR","20.14Z","FD",366,"GCO2E_EUR",2022,2
"EEIO_US","FR","20.14Z","GVA",956,"GCO2E_EUR",2022,2
"EEIO_US","FR","20.14Z","IC",42,"GCO2E_EUR",2022,2
"EEIO_US","FR","20.14Z","PRD",350,"GCO2E_EUR",2022,2
"EEIO_US","FR","20.15Z","FD",947,"GCO2E_EUR",2022,1
"EEIO_US","FR","20.15Z","GVA",2130,"GCO2E_EUR",2022,1
"EEIO_US","FR","20.15Z","IC",12,"GCO2E_EUR",2022,1
"EEIO_US","FR","20.15Z","PRD",946,"GCO2E_EUR",2022,1
"EEIO_US","FR","20.16Z","FD",188,"GCO2E_EUR",2022,2
"EEIO_US","FR","20.16Z","GVA",718,"GCO2E_EUR",2022,2
"EEIO_US","FR","20.16Z","IC",3,"GCO2E_EUR",2022,2
"EEIO_US","FR","20.16Z","PRD",187,"GCO2E_EUR",2022,2
"EEIO_US","FR","20.17Z","FD",137,"GCO2E_EUR",2022,3
"EEIO_US","FR","20.17Z","GVA",344,"GCO2E_EUR",2022,3
"EEIO_US","FR","20.17Z","IC",30,"GCO2E_EUR",2022,3
"EEIO_US","FR","20.17Z","PRD",137,"GCO2E_EUR",2022,3
"EEIO_US","FR","20.20Z","FD",106,"GCO2E_EUR",2022,1
"EEIO_US","FR","20.20Z","GVA",194,"GCO2E_EUR",2022,1
"EEIO_US","FR","20.20Z","IC",48,"GCO2E_EUR",2022,1
"EEIO_US","FR","20.20Z","PRD",106,"GCO2E_EUR",2022,1
"EEIO_US","FR","20.30Z","FD",47,"GCO2E_EUR",2022,2
"EEIO_US","FR","20.30Z","GVA",62,"GCO2E_EUR",2022,2
"EEIO_US","FR","20.30Z","IC",39,"GCO2E_EUR",2022,2
"EEIO_US","FR","20.30Z","PRD",47,"GCO2E_EUR",2022,2
"EEIO_US","FR","20.41Z","FD",118,"GCO2E_EUR",2022,1
"EEIO_US","FR","20.41Z","GVA",161,"GCO2E_EUR",2022,1
"EEIO_US","FR","20.41Z","IC",63,"GCO2E_EUR",2022,1
"EEIO_US","FR","20.41Z","PRD",113,"GCO2E_EUR",2022,1
"EEIO_US","FR","20.42Z","FD",33,"GCO2E_EUR",2022,1
"EEIO_US","FR","20.42Z","GVA",22,"GCO2E_EUR",2022,1
"EEIO_US","FR","20.42Z","IC",45,"GCO2E_EUR",2022,1
"EEIO_US","FR","20.42Z","PRD",33,"GCO2E_EUR",2022,1
"EEIO_US","FR","20.51Z","FD",93,"GCO2E_EUR",2022,3
"EEIO_US","FR","20.51Z","GVA",113,"GCO2E_EUR",2022,3
"EEIO_US","FR","20.51Z","IC",78,"GCO2E_EUR",2022,3
"EEIO_US","FR","20.51Z","PRD",90,"GCO2E_EUR",2022,3
"EEIO_US","FR","20.52Z","FD",108,"GCO2E_EUR",2022,1
"EEIO_US","FR","20.52Z","GVA",142,"GCO2E_EUR",2022,1
"EEIO_US","FR","20.52Z","IC",83,"GCO2E_EUR",2022,1
"EEIO_US","FR","20.52Z","PRD",107,"GCO2E_EUR",2022,1
"EEIO_US","FR","20.53Z","FD",93,"GCO2E_EUR",2022,3
"EEIO_US","FR","20.53Z","GVA",113,"GCO2E_EUR",2022,3
"EEIO_US","FR","20.53Z","IC",78,"GCO2E_EUR",2022,3
"EEIO_US","FR","20.53Z","PRD",90,"GCO2E_EUR",2022,3
"EEIO_US","FR","20.59Z","FD",93,"GCO2E_EUR",2022,3
"EEIO_US","FR","20.59Z","GVA",113,"GCO2E_EUR",2022,3
"EEIO_US","FR","20.59Z","IC",78,"GCO2E_EUR",2022,3
"EEIO_US","FR","20.59Z","PRD",90,"GCO2E_EUR",2022,3
"EEIO_US","FR","20.60Z","FD",137,"GCO2E_EUR",2022,3
"EEIO_US","FR","20.60Z","GVA",344,"GCO2E_EUR",2022,3
"EEIO_US","FR","20.60Z","IC",30,"GCO2E_EUR",2022,3
"EEIO_US","FR","20.60Z","PRD",137,"GCO2E_EUR",2022,3
"EEIO_US","FR","21.10Z","FD",99,"GCO2E_EUR",2022,1
"EEIO_US","FR","21.10Z","GVA",184,"GCO2E_EUR",2022,1
"EEIO_US","FR","21.10Z","IC",13,"GCO2E_EUR",2022,1
"EEIO_US","FR","21.10Z","PRD",98,"GCO2E_EUR",2022,1
"EEIO_US","FR","21.20Z","FD",35,"GCO2E_EUR",2022,1
"EEIO_US","FR","21.20Z","GVA",49,"GCO2E_EUR",2022,1
"EEIO_US","FR","21.20Z","IC",12,"GCO2E_EUR",2022,1
"EEIO_US","FR","21.20Z","PRD",34,"GCO2E_EUR",2022,1
"EEIO_US","FR","22.11Z","FD",97,"GCO2E_EUR",2022,1
"EEIO_US","FR","22.11Z","GVA",118,"GCO2E_EUR",2022,1
"EEIO_US","FR","22.11Z","IC",85,"GCO2E_EUR",2022,1
"EEIO_US","FR","22.11Z","PRD",96,"GCO2E_EUR",2022,1
"EEIO_US","FR","22.19Z","FD",77,"GCO2E_EUR",2022,2
"EEIO_US","FR","22.19Z","GVA",72,"GCO2E_EUR",2022,2
"EEIO_US","FR","22.19Z","IC",76,"GCO2E_EUR",2022,2
"EEIO_US","FR","22.19Z","PRD",75,"GCO2E_EUR",2022,2
"EEIO_US","FR","22.21Z","FD",83,"GCO2E_EUR",2022,2
"EEIO_US","FR","22.21Z","GVA",117,"GCO2E_EUR",2022,2
"EEIO_US","FR","22.21Z","IC",67,"GCO2E_EUR",2022,2
"EEIO_US","FR","22.21Z","PRD",82,"GCO2E_EUR",2022,2
"EEIO_US","FR","22.22Z","FD",93,"GCO2E_EUR",2022,1
"EEIO_US","FR","22.22Z","GVA",131,"GCO2E_EUR",2022,1
"EEIO_US","FR","22.22Z","IC",78,"GCO2E_EUR",2022,1
"EEIO_US","FR","22.22Z","PRD",92,"GCO2E_EUR",2022,1
"EEIO_US","FR","22.23Z","FD",73,"GCO2E_EUR",2022,3
"EEIO_US","FR","22.23Z","GVA",56,"GCO2E_EUR",2022,3
"EEIO_US","FR","22.23Z","IC",78,"GCO2E_EUR",2022,3
"EEIO_US","FR","22.23Z","PRD",71,"GCO2E_EUR",2022,3
"EEIO_US","FR","22.29A","FD",114,"GCO2E_EUR",2022,3
"EEIO_US","FR","22.29A","GVA",175,"GCO2E_EUR",2022,3
"EEIO_US","FR","22.29A","IC",89,"GCO2E_EUR",2022,3
"EEIO_US","FR","22.29A","PRD",113,"GCO2E_EUR",2022,3
"EEIO_US","FR","22.29B","FD",114,"GCO2E_EUR",2022,3
"EEIO_US","FR","22.29B","GVA",175,"GCO2E_EUR",2022,3
"EEIO_US","FR","22.29B","IC",89,"GCO2E_EUR",2022,3
"EEIO_US","FR","22.29B","PRD",113,"GCO2E_EUR",2022,3
"EEIO_US","FR","23.11Z","FD",442,"GCO2E_EUR",2022,2
"EEIO_US","FR","23.11Z","GVA",865,"GCO2E_EUR",2022,2
"EEIO_US","FR","23.11Z","IC",81,"GCO2E_EUR",2022,2
"EEIO_US","FR","23.11Z","PRD",442,"GCO2E_EUR",2022,2
"EEIO_US","FR","23.12Z","FD",442,"GCO2E_EUR",2022,2
"EEIO_US","FR","23.12Z","GVA",865,"GCO2E_EUR",2022,2
"EEIO_US","FR","23.12Z","IC",81,"GCO2E_EUR",2022,2
"EEIO_US","FR","23.12Z","PRD",442,"GCO2E_EUR",2022,2
"EEIO_US","FR","23.13Z","FD",442,"GCO2E_EUR",2022,2
"EEIO_US","FR","23.13Z","GVA",865,"GCO2E_EUR",2022,2
"EEIO_US","FR","23.13Z","IC",81,"GCO2E_EUR",2022,2
"EEIO_US","FR","23.13Z","PRD",442,"GCO2E_EUR",2022,2
"EEIO_US","FR","23.14Z","FD",176,"GCO2E_EUR",2022,1
"EEIO_US","FR","23.14Z","GVA",319,"GCO2E_EUR",2022,1
"EEIO_US","FR","23.14Z","IC",25,"GCO2E_EUR",2022,1
"EEIO_US","FR","23.14Z","PRD",176,"GCO2E_EUR",2022,1
"EEIO_US","FR","23.19Z","FD",442,"GCO2E_EUR",2022,2
"EEIO_US","FR","23.19Z","GVA",865,"GCO2E_EUR",2022,2
"EEIO_US","FR","23.19Z","IC",81,"GCO2E_EUR",2022,2
"EEIO_US","FR","23.19Z","PRD",442,"GCO2E_EUR",2022,2
"EEIO_US","FR","23.20Z","FD",356,"GCO2E_EUR",2022,3
"EEIO_US","FR","23.20Z","GVA",629,"GCO2E_EUR",2022,3
"EEIO_US","FR","23.20Z","IC",52,"GCO2E_EUR",2022,3
"EEIO_US","FR","23.20Z","PRD",338,"GCO2E_EUR",2022,3
"EEIO_US","FR","23.31Z","FD",356,"GCO2E_EUR",2022,3
"EEIO_US","FR","23.31Z","GVA",629,"GCO2E_EUR",2022,3
"EEIO_US","FR","23.31Z","IC",52,"GCO2E_EUR",2022,3
"EEIO_US","FR","23.31Z","PRD",338,"GCO2E_EUR",2022,3
"EEIO_US","FR","23.32Z","FD",356,"GCO2E_EUR",2022,3
"EEIO_US","FR","23.32Z","GVA",629,"GCO2E_EUR",2022,3
"EEIO_US","FR","23.32Z","IC",52,"GCO2E_EUR",2022,3
"EEIO_US","FR","23.32Z","PRD",338,"GCO2E_EUR",2022,3
"EEIO_US","FR","23.41Z","FD",356,"GCO2E_EUR",2022,3
"EEIO_US","FR","23.41Z","GVA",629,"GCO2E_EUR",2022,3
"EEIO_US","FR","23.41Z","IC",52,"GCO2E_EUR",2022,3
"EEIO_US","FR","23.41Z","PRD",338,"GCO2E_EUR",2022,3
"EEIO_US","FR","23.42Z","FD",356,"GCO2E_EUR",2022,3
"EEIO_US","FR","23.42Z","GVA",629,"GCO2E_EUR",2022,3
"EEIO_US","FR","23.42Z","IC",52,"GCO2E_EUR",2022,3
"EEIO_US","FR","23.42Z","PRD",338,"GCO2E_EUR",2022,3
"EEIO_US","FR","23.43Z","FD",356,"GCO2E_EUR",2022,3
"EEIO_US","FR","23.43Z","GVA",629,"GCO2E_EUR",2022,3
"EEIO_US","FR","23.43Z","IC",52,"GCO2E_EUR",2022,3
"EEIO_US","FR","23.43Z","PRD",338,"GCO2E_EUR",2022,3
"EEIO_US","FR","23.44Z","FD",356,"GCO2E_EUR",2022,3
"EEIO_US","FR","23.44Z","GVA",629,"GCO2E_EUR",2022,3
"EEIO_US","FR","23.44Z","IC",52,"GCO2E_EUR",2022,3
"EEIO_US","FR","23.44Z","PRD",338,"GCO2E_EUR",2022,3
"EEIO_US","FR","23.49Z","FD",356,"GCO2E_EUR",2022,3
"EEIO_US","FR","23.49Z","GVA",629,"GCO2E_EUR",2022,3
"EEIO_US","FR","23.49Z","IC",52,"GCO2E_EUR",2022,3
"EEIO_US","FR","23.49Z","PRD",338,"GCO2E_EUR",2022,3
"EEIO_US","FR","23.51Z","FD",4831,"GCO2E_EUR",2022,1
"EEIO_US","FR","23.51Z","GVA",8728,"GCO2E_EUR",2022,1
"EEIO_US","FR","23.51Z","IC",76,"GCO2E_EUR",2022,1
"EEIO_US","FR","23.51Z","PRD",4824,"GCO2E_EUR",2022,1
"EEIO_US","FR","23.52Z","FD",2318,"GCO2E_EUR",2022,1
"EEIO_US","FR","23.52Z","GVA",4495,"GCO2E_EUR",2022,1
"EEIO_US","FR","23.52Z","IC",142,"GCO2E_EUR",2022,1
"EEIO_US","FR","23.52Z","PRD",2316,"GCO2E_EUR",2022,1
"EEIO_US","FR","23.61Z","FD",216,"GCO2E_EUR",2022,2
"EEIO_US","FR","23.61Z","GVA",23,"GCO2E_EUR",2022,2
"EEIO_US","FR","23.61Z","IC",411,"GCO2E_EUR",2022,2
"EEIO_US","FR","23.61Z","PRD",216,"GCO2E_EUR",2022,2
"EEIO_US","FR","23.62Z","FD",2318,"GCO2E_EUR",2022,NA
"EEIO_US","FR","23.62Z","GVA",4495,"GCO2E_EUR",2022,NA
"EEIO_US","FR","23.62Z","IC",142,"GCO2E_EUR",2022,NA
"EEIO_US","FR","23.62Z","PRD",2316,"GCO2E_EUR",2022,NA
"EEIO_US","FR","23.63Z","FD",72,"GCO2E_EUR",2022,NA
"EEIO_US","FR","23.63Z","GVA",132,"GCO2E_EUR",2022,NA
"EEIO_US","FR","23.63Z","IC",38,"GCO2E_EUR",2022,NA
"EEIO_US","FR","23.63Z","PRD",72,"GCO2E_EUR",2022,NA
"EEIO_US","FR","23.64Z","FD",158,"GCO2E_EUR",2022,NA
"EEIO_US","FR","23.64Z","GVA",131,"GCO2E_EUR",2022,NA
"EEIO_US","FR","23.64Z","IC",180,"GCO2E_EUR",2022,NA
"EEIO_US","FR","23.64Z","PRD",157,"GCO2E_EUR",2022,NA
"EEIO_US","FR","23.65Z","FD",167,"GCO2E_EUR",2022,3
"EEIO_US","FR","23.65Z","GVA",75,"GCO2E_EUR",2022,3
"EEIO_US","FR","23.65Z","IC",252,"GCO2E_EUR",2022,3
"EEIO_US","FR","23.65Z","PRD",166,"GCO2E_EUR",2022,3
"EEIO_US","FR","23.69Z","FD",1247,"GCO2E_EUR",2022,3
"EEIO_US","FR","23.69Z","GVA",2257,"GCO2E_EUR",2022,3
"EEIO_US","FR","23.69Z","IC",232,"GCO2E_EUR",2022,3
"EEIO_US","FR","23.69Z","PRD",1245,"GCO2E_EUR",2022,3
"EEIO_US","FR","23.70Z","FD",27,"GCO2E_EUR",2022,1
"EEIO_US","FR","23.70Z","GVA",35,"GCO2E_EUR",2022,1
"EEIO_US","FR","23.70Z","IC",20,"GCO2E_EUR",2022,1
"EEIO_US","FR","23.70Z","PRD",27,"GCO2E_EUR",2022,1
"EEIO_US","FR","23.91Z","FD",25,"GCO2E_EUR",2022,1
"EEIO_US","FR","23.91Z","GVA",27,"GCO2E_EUR",2022,1
"EEIO_US","FR","23.91Z","IC",20,"GCO2E_EUR",2022,1
"EEIO_US","FR","23.91Z","PRD",25,"GCO2E_EUR",2022,1
"EEIO_US","FR","23.99Z","FD",374,"GCO2E_EUR",2022,3
"EEIO_US","FR","23.99Z","GVA",1260,"GCO2E_EUR",2022,3
"EEIO_US","FR","23.99Z","IC",59,"GCO2E_EUR",2022,3
"EEIO_US","FR","23.99Z","PRD",373,"GCO2E_EUR",2022,3
"EEIO_US","FR","24.10Z","FD",792,"GCO2E_EUR",2022,1
"EEIO_US","FR","24.10Z","GVA",1634,"GCO2E_EUR",2022,1
"EEIO_US","FR","24.10Z","IC",26,"GCO2E_EUR",2022,1
"EEIO_US","FR","24.10Z","PRD",787,"GCO2E_EUR",2022,1
"EEIO_US","FR","24.20Z","FD",152,"GCO2E_EUR",2022,2
"EEIO_US","FR","24.20Z","GVA",365,"GCO2E_EUR",2022,2
"EEIO_US","FR","24.20Z","IC",37,"GCO2E_EUR",2022,2
"EEIO_US","FR","24.20Z","PRD",152,"GCO2E_EUR",2022,2
"EEIO_US","FR","24.31Z","FD",152,"GCO2E_EUR",2022,2
"EEIO_US","FR","24.31Z","GVA",365,"GCO2E_EUR",2022,2
"EEIO_US","FR","24.31Z","IC",37,"GCO2E_EUR",2022,2
"EEIO_US","FR","24.31Z","PRD",152,"GCO2E_EUR",2022,2
"EEIO_US","FR","24.32Z","FD",152,"GCO2E_EUR",2022,2
"EEIO_US","FR","24.32Z","GVA",365,"GCO2E_EUR",2022,2
"EEIO_US","FR","24.32Z","IC",37,"GCO2E_EUR",2022,2
"EEIO_US","FR","24.32Z","PRD",152,"GCO2E_EUR",2022,2
"EEIO_US","FR","24.33Z","FD",212,"GCO2E_EUR",2022,2
"EEIO_US","FR","24.33Z","GVA",359,"GCO2E_EUR",2022,2
"EEIO_US","FR","24.33Z","IC",135,"GCO2E_EUR",2022,2
"EEIO_US","FR","24.33Z","PRD",209,"GCO2E_EUR",2022,2
"EEIO_US","FR","24.34Z","FD",152,"GCO2E_EUR",2022,2
"EEIO_US","FR","24.34Z","GVA",365,"GCO2E_EUR",2022,2
"EEIO_US","FR","24.34Z","IC",37,"GCO2E_EUR",2022,2
"EEIO_US","FR","24.34Z","PRD",152,"GCO2E_EUR",2022,2
"EEIO_US","FR","24.41Z","FD",159,"GCO2E_EUR",2022,3
"EEIO_US","FR","24.41Z","GVA",315,"GCO2E_EUR",2022,3
"EEIO_US","FR","24.41Z","IC",23,"GCO2E_EUR",2022,3
"EEIO_US","FR","24.41Z","PRD",113,"GCO2E_EUR",2022,3
"EEIO_US","FR","24.42Z","FD",497,"GCO2E_EUR",2022,2
"EEIO_US","FR","24.42Z","GVA",1681,"GCO2E_EUR",2022,2
"EEIO_US","FR","24.42Z","IC",81,"GCO2E_EUR",2022,2
"EEIO_US","FR","24.42Z","PRD",482,"GCO2E_EUR",2022,2
"EEIO_US","FR","24.43Z","FD",178,"GCO2E_EUR",2022,3
"EEIO_US","FR","24.43Z","GVA",368,"GCO2E_EUR",2022,3
"EEIO_US","FR","24.43Z","IC",45,"GCO2E_EUR",2022,3
"EEIO_US","FR","24.43Z","PRD",152,"GCO2E_EUR",2022,3
"EEIO_US","FR","24.44Z","FD",144,"GCO2E_EUR",2022,2
"EEIO_US","FR","24.44Z","GVA",303,"GCO2E_EUR",2022,2
"EEIO_US","FR","24.44Z","IC",40,"GCO2E_EUR",2022,2
"EEIO_US","FR","24.44Z","PRD",110,"GCO2E_EUR",2022,2
"EEIO_US","FR","24.45Z","FD",178,"GCO2E_EUR",2022,3
"EEIO_US","FR","24.45Z","GVA",368,"GCO2E_EUR",2022,3
"EEIO_US","FR","24.45Z","IC",45,"GCO2E_EUR",2022,3
"EEIO_US","FR","24.45Z","PRD",152,"GCO2E_EUR",2022,3
"EEIO_US","FR","24.46Z","FD",724,"GCO2E_EUR",2022,3
"EEIO_US","FR","24.46Z","GVA",1522,"GCO2E_EUR",2022,3
"EEIO_US","FR","24.46Z","IC",24,"GCO2E_EUR",2022,3
"EEIO_US","FR","24.46Z","PRD",714,"GCO2E_EUR",2022,3
"EEIO_US","FR","24.51Z","FD",163,"GCO2E_EUR",2022,2
"EEIO_US","FR","24.51Z","GVA",212,"GCO2E_EUR",2022,2
"EEIO_US","FR","24.51Z","IC",99,"GCO2E_EUR",2022,2
"EEIO_US","FR","24.51Z","PRD",163,"GCO2E_EUR",2022,2
"EEIO_US","FR","24.52Z","FD",163,"GCO2E_EUR",2022,2
"EEIO_US","FR","24.52Z","GVA",212,"GCO2E_EUR",2022,2
"EEIO_US","FR","24.52Z","IC",99,"GCO2E_EUR",2022,2
"EEIO_US","FR","24.52Z","PRD",163,"GCO2E_EUR",2022,2
"EEIO_US","FR","24.53Z","FD",219,"GCO2E_EUR",2022,2
"EEIO_US","FR","24.53Z","GVA",365,"GCO2E_EUR",2022,2
"EEIO_US","FR","24.53Z","IC",111,"GCO2E_EUR",2022,2
"EEIO_US","FR","24.53Z","PRD",218,"GCO2E_EUR",2022,2
"EEIO_US","FR","24.54Z","FD",219,"GCO2E_EUR",2022,2
"EEIO_US","FR","24.54Z","GVA",365,"GCO2E_EUR",2022,2
"EEIO_US","FR","24.54Z","IC",111,"GCO2E_EUR",2022,2
"EEIO_US","FR","24.54Z","PRD",218,"GCO2E_EUR",2022,2
"EEIO_US","FR","25.11Z","FD",193,"GCO2E_EUR",2022,1
"EEIO_US","FR","25.11Z","GVA",35,"GCO2E_EUR",2022,1
"EEIO_US","FR","25.11Z","IC",271,"GCO2E_EUR",2022,1
"EEIO_US","FR","25.11Z","PRD",189,"GCO2E_EUR",2022,1
"EEIO_US","FR","25.12Z","FD",150,"GCO2E_EUR",2022,1
"EEIO_US","FR","25.12Z","GVA",27,"GCO2E_EUR",2022,1
"EEIO_US","FR","25.12Z","IC",236,"GCO2E_EUR",2022,1
"EEIO_US","FR","25.12Z","PRD",149,"GCO2E_EUR",2022,1
"EEIO_US","FR","25.21Z","FD",44,"GCO2E_EUR",2022,NA
"EEIO_US","FR","25.21Z","GVA",33,"GCO2E_EUR",2022,NA
"EEIO_US","FR","25.21Z","IC",51,"GCO2E_EUR",2022,NA
"EEIO_US","FR","25.21Z","PRD",43,"GCO2E_EUR",2022,NA
"EEIO_US","FR","25.29Z","FD",99,"GCO2E_EUR",2022,2
"EEIO_US","FR","25.29Z","GVA",39,"GCO2E_EUR",2022,2
"EEIO_US","FR","25.29Z","IC",136,"GCO2E_EUR",2022,2
"EEIO_US","FR","25.29Z","PRD",95,"GCO2E_EUR",2022,2
"EEIO_US","FR","25.30Z","FD",114,"GCO2E_EUR",2022,1
"EEIO_US","FR","25.30Z","GVA",31,"GCO2E_EUR",2022,1
"EEIO_US","FR","25.30Z","IC",173,"GCO2E_EUR",2022,1
"EEIO_US","FR","25.30Z","PRD",114,"GCO2E_EUR",2022,1
"EEIO_US","FR","25.40Z","FD",18,"GCO2E_EUR",2022,1
"EEIO_US","FR","25.40Z","GVA",16,"GCO2E_EUR",2022,1
"EEIO_US","FR","25.40Z","IC",19,"GCO2E_EUR",2022,1
"EEIO_US","FR","25.40Z","PRD",17,"GCO2E_EUR",2022,1
"EEIO_US","FR","25.50A","FD",208,"GCO2E_EUR",2022,3
"EEIO_US","FR","25.50A","GVA",176,"GCO2E_EUR",2022,3
"EEIO_US","FR","25.50A","IC",198,"GCO2E_EUR",2022,3
"EEIO_US","FR","25.50A","PRD",190,"GCO2E_EUR",2022,3
"EEIO_US","FR","25.50B","FD",135,"GCO2E_EUR",2022,3
"EEIO_US","FR","25.50B","GVA",76,"GCO2E_EUR",2022,3
"EEIO_US","FR","25.50B","IC",162,"GCO2E_EUR",2022,3
"EEIO_US","FR","25.50B","PRD",127,"GCO2E_EUR",2022,3
"EEIO_US","FR","25.61Z","FD",98,"GCO2E_EUR",2022,1
"EEIO_US","FR","25.61Z","GVA",116,"GCO2E_EUR",2022,1
"EEIO_US","FR","25.61Z","IC",78,"GCO2E_EUR",2022,1
"EEIO_US","FR","25.61Z","PRD",97,"GCO2E_EUR",2022,1
"EEIO_US","FR","25.62A","FD",88,"GCO2E_EUR",2022,2
"EEIO_US","FR","25.62A","GVA",38,"GCO2E_EUR",2022,2
"EEIO_US","FR","25.62A","IC",117,"GCO2E_EUR",2022,2
"EEIO_US","FR","25.62A","PRD",85,"GCO2E_EUR",2022,2
"EEIO_US","FR","25.62B","FD",74,"GCO2E_EUR",2022,1
"EEIO_US","FR","25.62B","GVA",32,"GCO2E_EUR",2022,1
"EEIO_US","FR","25.62B","IC",116,"GCO2E_EUR",2022,1
"EEIO_US","FR","25.62B","PRD",73,"GCO2E_EUR",2022,1
"EEIO_US","FR","25.71Z","FD",119,"GCO2E_EUR",2022,1
"EEIO_US","FR","25.71Z","GVA",48,"GCO2E_EUR",2022,1
"EEIO_US","FR","25.71Z","IC",181,"GCO2E_EUR",2022,1
"EEIO_US","FR","25.71Z","PRD",118,"GCO2E_EUR",2022,1
"EEIO_US","FR","25.72Z","FD",39,"GCO2E_EUR",2022,3
"EEIO_US","FR","25.72Z","GVA",37,"GCO2E_EUR",2022,3
"EEIO_US","FR","25.72Z","IC",39,"GCO2E_EUR",2022,3
"EEIO_US","FR","25.72Z","PRD",38,"GCO2E_EUR",2022,3
"EEIO_US","FR","25.73A","FD",25,"GCO2E_EUR",2022,2
"EEIO_US","FR","25.73A","GVA",25,"GCO2E_EUR",2022,2
"EEIO_US","FR","25.73A","IC",25,"GCO2E_EUR",2022,2
"EEIO_US","FR","25.73A","PRD",25,"GCO2E_EUR",2022,2
"EEIO_US","FR","25.73B","FD",20,"GCO2E_EUR",2022,3
"EEIO_US","FR","25.73B","GVA",18,"GCO2E_EUR",2022,3
"EEIO_US","FR","25.73B","IC",22,"GCO2E_EUR",2022,3
"EEIO_US","FR","25.73B","PRD",20,"GCO2E_EUR",2022,3
"EEIO_US","FR","25.91Z","FD",43,"GCO2E_EUR",2022,2
"EEIO_US","FR","25.91Z","GVA",31,"GCO2E_EUR",2022,2
"EEIO_US","FR","25.91Z","IC",47,"GCO2E_EUR",2022,2
"EEIO_US","FR","25.91Z","PRD",41,"GCO2E_EUR",2022,2
"EEIO_US","FR","25.92Z","FD",91,"GCO2E_EUR",2022,2
"EEIO_US","FR","25.92Z","GVA",36,"GCO2E_EUR",2022,2
"EEIO_US","FR","25.92Z","IC",125,"GCO2E_EUR",2022,2
"EEIO_US","FR","25.92Z","PRD",89,"GCO2E_EUR",2022,2
"EEIO_US","FR","25.93Z","FD",48,"GCO2E_EUR",2022,1
"EEIO_US","FR","25.93Z","GVA",56,"GCO2E_EUR",2022,1
"EEIO_US","FR","25.93Z","IC",41,"GCO2E_EUR",2022,1
"EEIO_US","FR","25.93Z","PRD",47,"GCO2E_EUR",2022,1
"EEIO_US","FR","25.94Z","FD",88,"GCO2E_EUR",2022,2
"EEIO_US","FR","25.94Z","GVA",38,"GCO2E_EUR",2022,2
"EEIO_US","FR","25.94Z","IC",117,"GCO2E_EUR",2022,2
"EEIO_US","FR","25.94Z","PRD",85,"GCO2E_EUR",2022,2
"EEIO_US","FR","25.99A","FD",52,"GCO2E_EUR",2022,3
"EEIO_US","FR","25.99A","GVA",42,"GCO2E_EUR",2022,3
"EEIO_US","FR","25.99A","IC",58,"GCO2E_EUR",2022,3
"EEIO_US","FR","25.99A","PRD",51,"GCO2E_EUR",2022,3
"EEIO_US","FR","25.99B","FD",53,"GCO2E_EUR",2022,3
"EEIO_US","FR","25.99B","GVA",34,"GCO2E_EUR",2022,3
"EEIO_US","FR","25.99B","IC",67,"GCO2E_EUR",2022,3
"EEIO_US","FR","25.99B","PRD",52,"GCO2E_EUR",2022,3
"EEIO_US","FR","26.11Z","FD",24,"GCO2E_EUR",2022,2
"EEIO_US","FR","26.11Z","GVA",27,"GCO2E_EUR",2022,2
"EEIO_US","FR","26.11Z","IC",13,"GCO2E_EUR",2022,2
"EEIO_US","FR","26.11Z","PRD",24,"GCO2E_EUR",2022,2
"EEIO_US","FR","26.12Z","FD",4,"GCO2E_EUR",2022,1
"EEIO_US","FR","26.12Z","GVA",3,"GCO2E_EUR",2022,1
"EEIO_US","FR","26.12Z","IC",7,"GCO2E_EUR",2022,1
"EEIO_US","FR","26.12Z","PRD",4,"GCO2E_EUR",2022,1
"EEIO_US","FR","26.20Z","FD",4,"GCO2E_EUR",2022,3
"EEIO_US","FR","26.20Z","GVA",4,"GCO2E_EUR",2022,3
"EEIO_US","FR","26.20Z","IC",4,"GCO2E_EUR",2022,3
"EEIO_US","FR","26.20Z","PRD",4,"GCO2E_EUR",2022,3
"EEIO_US","FR","26.30Z","FD",2,"GCO2E_EUR",2022,3
"EEIO_US","FR","26.30Z","GVA",0,"GCO2E_EUR",2022,3
"EEIO_US","FR","26.30Z","IC",6,"GCO2E_EUR",2022,3
"EEIO_US","FR","26.30Z","PRD",2,"GCO2E_EUR",2022,3
"EEIO_US","FR","26.40Z","FD",2,"GCO2E_EUR",2022,1
"EEIO_US","FR","26.40Z","GVA",1,"GCO2E_EUR",2022,1
"EEIO_US","FR","26.40Z","IC",6,"GCO2E_EUR",2022,1
"EEIO_US","FR","26.40Z","PRD",2,"GCO2E_EUR",2022,1
"EEIO_US","FR","26.51A","FD",12,"GCO2E_EUR",2022,1
"EEIO_US","FR","26.51A","GVA",12,"GCO2E_EUR",2022,1
"EEIO_US","FR","26.51A","IC",12,"GCO2E_EUR",2022,1
"EEIO_US","FR","26.51A","PRD",12,"GCO2E_EUR",2022,1
"EEIO_US","FR","26.51B","FD",5,"GCO2E_EUR",2022,2
"EEIO_US","FR","26.51B","GVA",2,"GCO2E_EUR",2022,2
"EEIO_US","FR","26.51B","IC",12,"GCO2E_EUR",2022,2
"EEIO_US","FR","26.51B","PRD",5,"GCO2E_EUR",2022,2
"EEIO_US","FR","26.52Z","FD",4,"GCO2E_EUR",2022,1
"EEIO_US","FR","26.52Z","GVA",1,"GCO2E_EUR",2022,1
"EEIO_US","FR","26.52Z","IC",10,"GCO2E_EUR",2022,1
"EEIO_US","FR","26.52Z","PRD",4,"GCO2E_EUR",2022,1
"EEIO_US","FR","26.60Z","FD",5,"GCO2E_EUR",2022,2
"EEIO_US","FR","26.60Z","GVA",2,"GCO2E_EUR",2022,2
"EEIO_US","FR","26.60Z","IC",12,"GCO2E_EUR",2022,2
"EEIO_US","FR","26.60Z","PRD",5,"GCO2E_EUR",2022,2
"EEIO_US","FR","26.70Z","FD",26,"GCO2E_EUR",2022,2
"EEIO_US","FR","26.70Z","GVA",10,"GCO2E_EUR",2022,2
"EEIO_US","FR","26.70Z","IC",38,"GCO2E_EUR",2022,2
"EEIO_US","FR","26.70Z","PRD",25,"GCO2E_EUR",2022,2
"EEIO_US","FR","26.80Z","FD",2,"GCO2E_EUR",2022,1
"EEIO_US","FR","26.80Z","GVA",0,"GCO2E_EUR",2022,1
"EEIO_US","FR","26.80Z","IC",9,"GCO2E_EUR",2022,1
"EEIO_US","FR","26.80Z","PRD",2,"GCO2E_EUR",2022,1
"EEIO_US","FR","27.11Z","FD",35,"GCO2E_EUR",2022,2
"EEIO_US","FR","27.11Z","GVA",25,"GCO2E_EUR",2022,2
"EEIO_US","FR","27.11Z","IC",49,"GCO2E_EUR",2022,2
"EEIO_US","FR","27.11Z","PRD",34,"GCO2E_EUR",2022,2
"EEIO_US","FR","27.12Z","FD",28,"GCO2E_EUR",2022,2
"EEIO_US","FR","27.12Z","GVA",14,"GCO2E_EUR",2022,2
"EEIO_US","FR","27.12Z","IC",40,"GCO2E_EUR",2022,2
"EEIO_US","FR","27.12Z","PRD",28,"GCO2E_EUR",2022,2
"EEIO_US","FR","27.20Z","FD",61,"GCO2E_EUR",2022,1
"EEIO_US","FR","27.20Z","GVA",112,"GCO2E_EUR",2022,1
"EEIO_US","FR","27.20Z","IC",41,"GCO2E_EUR",2022,1
"EEIO_US","FR","27.20Z","PRD",61,"GCO2E_EUR",2022,1
"EEIO_US","FR","27.31Z","FD",46,"GCO2E_EUR",2022,2
"EEIO_US","FR","27.31Z","GVA",31,"GCO2E_EUR",2022,2
"EEIO_US","FR","27.31Z","IC",53,"GCO2E_EUR",2022,2
"EEIO_US","FR","27.31Z","PRD",46,"GCO2E_EUR",2022,2
"EEIO_US","FR","27.32Z","FD",46,"GCO2E_EUR",2022,2
"EEIO_US","FR","27.32Z","GVA",31,"GCO2E_EUR",2022,2
"EEIO_US","FR","27.32Z","IC",53,"GCO2E_EUR",2022,2
"EEIO_US","FR","27.32Z","PRD",46,"GCO2E_EUR",2022,2
"EEIO_US","FR","27.33Z","FD",31,"GCO2E_EUR",2022,1
"EEIO_US","FR","27.33Z","GVA",22,"GCO2E_EUR",2022,1
"EEIO_US","FR","27.33Z","IC",42,"GCO2E_EUR",2022,1
"EEIO_US","FR","27.33Z","PRD",31,"GCO2E_EUR",2022,1
"EEIO_US","FR","27.40Z","FD",29,"GCO2E_EUR",2022,1
"EEIO_US","FR","27.40Z","GVA",35,"GCO2E_EUR",2022,1
"EEIO_US","FR","27.40Z","IC",21,"GCO2E_EUR",2022,1
"EEIO_US","FR","27.40Z","PRD",29,"GCO2E_EUR",2022,1
"EEIO_US","FR","27.51Z","FD",20,"GCO2E_EUR",2022,2
"EEIO_US","FR","27.51Z","GVA",11,"GCO2E_EUR",2022,2
"EEIO_US","FR","27.51Z","IC",29,"GCO2E_EUR",2022,2
"EEIO_US","FR","27.51Z","PRD",20,"GCO2E_EUR",2022,2
"EEIO_US","FR","27.52Z","FD",31,"GCO2E_EUR",2022,2
"EEIO_US","FR","27.52Z","GVA",22,"GCO2E_EUR",2022,2
"EEIO_US","FR","27.52Z","IC",40,"GCO2E_EUR",2022,2
"EEIO_US","FR","27.52Z","PRD",31,"GCO2E_EUR",2022,2
"EEIO_US","FR","27.90Z","FD",38,"GCO2E_EUR",2022,3
"EEIO_US","FR","27.90Z","GVA",52,"GCO2E_EUR",2022,3
"EEIO_US","FR","27.90Z","IC",22,"GCO2E_EUR",2022,3
"EEIO_US","FR","27.90Z","PRD",38,"GCO2E_EUR",2022,3
"EEIO_US","FR","28.11Z","FD",24,"GCO2E_EUR",2022,1
"EEIO_US","FR","28.11Z","GVA",23,"GCO2E_EUR",2022,1
"EEIO_US","FR","28.11Z","IC",24,"GCO2E_EUR",2022,1
"EEIO_US","FR","28.11Z","PRD",24,"GCO2E_EUR",2022,1
"EEIO_US","FR","28.12Z","FD",15,"GCO2E_EUR",2022,1
"EEIO_US","FR","28.12Z","GVA",18,"GCO2E_EUR",2022,1
"EEIO_US","FR","28.12Z","IC",13,"GCO2E_EUR",2022,1
"EEIO_US","FR","28.12Z","PRD",15,"GCO2E_EUR",2022,1
"EEIO_US","FR","28.13Z","FD",17,"GCO2E_EUR",2022,1
"EEIO_US","FR","28.13Z","GVA",19,"GCO2E_EUR",2022,1
"EEIO_US","FR","28.13Z","IC",15,"GCO2E_EUR",2022,1
"EEIO_US","FR","28.13Z","PRD",17,"GCO2E_EUR",2022,1
"EEIO_US","FR","28.14Z","FD",27,"GCO2E_EUR",2022,1
"EEIO_US","FR","28.14Z","GVA",23,"GCO2E_EUR",2022,1
"EEIO_US","FR","28.14Z","IC",31,"GCO2E_EUR",2022,1
"EEIO_US","FR","28.14Z","PRD",27,"GCO2E_EUR",2022,1
"EEIO_US","FR","28.15Z","FD",26,"GCO2E_EUR",2022,1
"EEIO_US","FR","28.15Z","GVA",29,"GCO2E_EUR",2022,1
"EEIO_US","FR","28.15Z","IC",22,"GCO2E_EUR",2022,1
"EEIO_US","FR","28.15Z","PRD",25,"GCO2E_EUR",2022,1
"EEIO_US","FR","28.21Z","FD",22,"GCO2E_EUR",2022,1
"EEIO_US","FR","28.21Z","GVA",18,"GCO2E_EUR",2022,1
"EEIO_US","FR","28.21Z","IC",26,"GCO2E_EUR",2022,1
"EEIO_US","FR","28.21Z","PRD",22,"GCO2E_EUR",2022,1
"EEIO_US","FR","28.22Z","FD",29,"GCO2E_EUR",2022,1
"EEIO_US","FR","28.22Z","GVA",14,"GCO2E_EUR",2022,1
"EEIO_US","FR","28.22Z","IC",38,"GCO2E_EUR",2022,1
"EEIO_US","FR","28.22Z","PRD",29,"GCO2E_EUR",2022,1
"EEIO_US","FR","28.23Z","FD",39,"GCO2E_EUR",2022,1
"EEIO_US","FR","28.23Z","GVA",56,"GCO2E_EUR",2022,1
"EEIO_US","FR","28.23Z","IC",27,"GCO2E_EUR",2022,1
"EEIO_US","FR","28.23Z","PRD",39,"GCO2E_EUR",2022,1
"EEIO_US","FR","28.24Z","FD",16,"GCO2E_EUR",2022,1
"EEIO_US","FR","28.24Z","GVA",13,"GCO2E_EUR",2022,1
"EEIO_US","FR","28.24Z","IC",18,"GCO2E_EUR",2022,1
"EEIO_US","FR","28.24Z","PRD",16,"GCO2E_EUR",2022,1
"EEIO_US","FR","28.25Z","FD",49,"GCO2E_EUR",2022,1
"EEIO_US","FR","28.25Z","GVA",72,"GCO2E_EUR",2022,1
"EEIO_US","FR","28.25Z","IC",33,"GCO2E_EUR",2022,1
"EEIO_US","FR","28.25Z","PRD",48,"GCO2E_EUR",2022,1
"EEIO_US","FR","28.29A","FD",16,"GCO2E_EUR",2022,2
"EEIO_US","FR","28.29A","GVA",20,"GCO2E_EUR",2022,2
"EEIO_US","FR","28.29A","IC",13,"GCO2E_EUR",2022,2
"EEIO_US","FR","28.29A","PRD",16,"GCO2E_EUR",2022,2
"EEIO_US","FR","28.29B","FD",23,"GCO2E_EUR",2022,2
"EEIO_US","FR","28.29B","GVA",24,"GCO2E_EUR",2022,2
"EEIO_US","FR","28.29B","IC",22,"GCO2E_EUR",2022,2
"EEIO_US","FR","28.29B","PRD",23,"GCO2E_EUR",2022,2
"EEIO_US","FR","28.30Z","FD",24,"GCO2E_EUR",2022,1
"EEIO_US","FR","28.30Z","GVA",9,"GCO2E_EUR",2022,1
"EEIO_US","FR","28.30Z","IC",34,"GCO2E_EUR",2022,1
"EEIO_US","FR","28.30Z","PRD",24,"GCO2E_EUR",2022,1
"EEIO_US","FR","28.41Z","FD",22,"GCO2E_EUR",2022,1
"EEIO_US","FR","28.41Z","GVA",12,"GCO2E_EUR",2022,1
"EEIO_US","FR","28.41Z","IC",30,"GCO2E_EUR",2022,1
"EEIO_US","FR","28.41Z","PRD",22,"GCO2E_EUR",2022,1
"EEIO_US","FR","28.49Z","FD",22,"GCO2E_EUR",2022,2
"EEIO_US","FR","28.49Z","GVA",24,"GCO2E_EUR",2022,2
"EEIO_US","FR","28.49Z","IC",19,"GCO2E_EUR",2022,2
"EEIO_US","FR","28.49Z","PRD",21,"GCO2E_EUR",2022,2
"EEIO_US","FR","28.91Z","FD",22,"GCO2E_EUR",2022,2
"EEIO_US","FR","28.91Z","GVA",24,"GCO2E_EUR",2022,2
"EEIO_US","FR","28.91Z","IC",19,"GCO2E_EUR",2022,2
"EEIO_US","FR","28.91Z","PRD",21,"GCO2E_EUR",2022,2
"EEIO_US","FR","28.92Z","FD",41,"GCO2E_EUR",2022,1
"EEIO_US","FR","28.92Z","GVA",30,"GCO2E_EUR",2022,1
"EEIO_US","FR","28.92Z","IC",48,"GCO2E_EUR",2022,1
"EEIO_US","FR","28.92Z","PRD",41,"GCO2E_EUR",2022,1
"EEIO_US","FR","28.93Z","FD",56,"GCO2E_EUR",2022,2
"EEIO_US","FR","28.93Z","GVA",24,"GCO2E_EUR",2022,2
"EEIO_US","FR","28.93Z","IC",74,"GCO2E_EUR",2022,2
"EEIO_US","FR","28.93Z","PRD",55,"GCO2E_EUR",2022,2
"EEIO_US","FR","28.94Z","FD",56,"GCO2E_EUR",2022,2
"EEIO_US","FR","28.94Z","GVA",24,"GCO2E_EUR",2022,2
"EEIO_US","FR","28.94Z","IC",74,"GCO2E_EUR",2022,2
"EEIO_US","FR","28.94Z","PRD",55,"GCO2E_EUR",2022,2
"EEIO_US","FR","28.95Z","FD",56,"GCO2E_EUR",2022,2
"EEIO_US","FR","28.95Z","GVA",24,"GCO2E_EUR",2022,2
"EEIO_US","FR","28.95Z","IC",74,"GCO2E_EUR",2022,2
"EEIO_US","FR","28.95Z","PRD",55,"GCO2E_EUR",2022,2
"EEIO_US","FR","28.96Z","FD",56,"GCO2E_EUR",2022,2
"EEIO_US","FR","28.96Z","GVA",24,"GCO2E_EUR",2022,2
"EEIO_US","FR","28.96Z","IC",74,"GCO2E_EUR",2022,2
"EEIO_US","FR","28.96Z","PRD",55,"GCO2E_EUR",2022,2
"EEIO_US","FR","28.99A","FD",56,"GCO2E_EUR",2022,2
"EEIO_US","FR","28.99A","GVA",24,"GCO2E_EUR",2022,2
"EEIO_US","FR","28.99A","IC",74,"GCO2E_EUR",2022,2
"EEIO_US","FR","28.99A","PRD",55,"GCO2E_EUR",2022,2
"EEIO_US","FR","28.99B","FD",35,"GCO2E_EUR",2022,3
"EEIO_US","FR","28.99B","GVA",29,"GCO2E_EUR",2022,3
"EEIO_US","FR","28.99B","IC",40,"GCO2E_EUR",2022,3
"EEIO_US","FR","28.99B","PRD",35,"GCO2E_EUR",2022,3
"EEIO_US","FR","29.10Z","FD",26,"GCO2E_EUR",2022,1
"EEIO_US","FR","29.10Z","GVA",62,"GCO2E_EUR",2022,1
"EEIO_US","FR","29.10Z","IC",12,"GCO2E_EUR",2022,1
"EEIO_US","FR","29.10Z","PRD",26,"GCO2E_EUR",2022,1
"EEIO_US","FR","29.20Z","FD",32,"GCO2E_EUR",2022,1
"EEIO_US","FR","29.20Z","GVA",46,"GCO2E_EUR",2022,1
"EEIO_US","FR","29.20Z","IC",26,"GCO2E_EUR",2022,1
"EEIO_US","FR","29.20Z","PRD",32,"GCO2E_EUR",2022,1
"EEIO_US","FR","29.31Z","FD",7,"GCO2E_EUR",2022,1
"EEIO_US","FR","29.31Z","GVA",10,"GCO2E_EUR",2022,1
"EEIO_US","FR","29.31Z","IC",6,"GCO2E_EUR",2022,1
"EEIO_US","FR","29.31Z","PRD",7,"GCO2E_EUR",2022,1
"EEIO_US","FR","29.32Z","FD",14,"GCO2E_EUR",2022,1
"EEIO_US","FR","29.32Z","GVA",24,"GCO2E_EUR",2022,1
"EEIO_US","FR","29.32Z","IC",10,"GCO2E_EUR",2022,1
"EEIO_US","FR","29.32Z","PRD",14,"GCO2E_EUR",2022,1
"EEIO_US","FR","30.11Z","FD",19,"GCO2E_EUR",2022,2
"EEIO_US","FR","30.11Z","GVA",7,"GCO2E_EUR",2022,2
"EEIO_US","FR","30.11Z","IC",29,"GCO2E_EUR",2022,2
"EEIO_US","FR","30.11Z","PRD",19,"GCO2E_EUR",2022,2
"EEIO_US","FR","30.12Z","FD",25,"GCO2E_EUR",2022,1
"EEIO_US","FR","30.12Z","GVA",29,"GCO2E_EUR",2022,1
"EEIO_US","FR","30.12Z","IC",24,"GCO2E_EUR",2022,1
"EEIO_US","FR","30.12Z","PRD",25,"GCO2E_EUR",2022,1
"EEIO_US","FR","30.20Z","FD",48,"GCO2E_EUR",2022,1
"EEIO_US","FR","30.20Z","GVA",99,"GCO2E_EUR",2022,1
"EEIO_US","FR","30.20Z","IC",28,"GCO2E_EUR",2022,1
"EEIO_US","FR","30.20Z","PRD",46,"GCO2E_EUR",2022,1
"EEIO_US","FR","30.30Z","FD",10,"GCO2E_EUR",2022,3
"EEIO_US","FR","30.30Z","GVA",8,"GCO2E_EUR",2022,3
"EEIO_US","FR","30.30Z","IC",11,"GCO2E_EUR",2022,3
"EEIO_US","FR","30.30Z","PRD",9,"GCO2E_EUR",2022,3
"EEIO_US","FR","30.40Z","FD",73,"GCO2E_EUR",2022,1
"EEIO_US","FR","30.40Z","GVA",19,"GCO2E_EUR",2022,1
"EEIO_US","FR","30.40Z","IC",115,"GCO2E_EUR",2022,1
"EEIO_US","FR","30.40Z","PRD",72,"GCO2E_EUR",2022,1
"EEIO_US","FR","30.91Z","FD",40,"GCO2E_EUR",2022,2
"EEIO_US","FR","30.91Z","GVA",31,"GCO2E_EUR",2022,2
"EEIO_US","FR","30.91Z","IC",44,"GCO2E_EUR",2022,2
"EEIO_US","FR","30.91Z","PRD",38,"GCO2E_EUR",2022,2
"EEIO_US","FR","30.92Z","FD",40,"GCO2E_EUR",2022,2
"EEIO_US","FR","30.92Z","GVA",31,"GCO2E_EUR",2022,2
"EEIO_US","FR","30.92Z","IC",44,"GCO2E_EUR",2022,2
"EEIO_US","FR","30.92Z","PRD",38,"GCO2E_EUR",2022,2
"EEIO_US","FR","30.99Z","FD",26,"GCO2E_EUR",2022,3
"EEIO_US","FR","30.99Z","GVA",12,"GCO2E_EUR",2022,3
"EEIO_US","FR","30.99Z","IC",32,"GCO2E_EUR",2022,3
"EEIO_US","FR","30.99Z","PRD",26,"GCO2E_EUR",2022,3
"EEIO_US","FR","31.01Z","FD",51,"GCO2E_EUR",2022,2
"EEIO_US","FR","31.01Z","GVA",43,"GCO2E_EUR",2022,2
"EEIO_US","FR","31.01Z","IC",55,"GCO2E_EUR",2022,2
"EEIO_US","FR","31.01Z","PRD",50,"GCO2E_EUR",2022,2
"EEIO_US","FR","31.02Z","FD",27,"GCO2E_EUR",2022,1
"EEIO_US","FR","31.02Z","GVA",29,"GCO2E_EUR",2022,1
"EEIO_US","FR","31.02Z","IC",26,"GCO2E_EUR",2022,1
"EEIO_US","FR","31.02Z","PRD",27,"GCO2E_EUR",2022,1
"EEIO_US","FR","31.03Z","FD",62,"GCO2E_EUR",2022,3
"EEIO_US","FR","31.03Z","GVA",126,"GCO2E_EUR",2022,3
"EEIO_US","FR","31.03Z","IC",30,"GCO2E_EUR",2022,3
"EEIO_US","FR","31.03Z","PRD",61,"GCO2E_EUR",2022,3
"EEIO_US","FR","31.09A","FD",41,"GCO2E_EUR",2022,1
"EEIO_US","FR","31.09A","GVA",48,"GCO2E_EUR",2022,1
"EEIO_US","FR","31.09A","IC",37,"GCO2E_EUR",2022,1
"EEIO_US","FR","31.09A","PRD",41,"GCO2E_EUR",2022,1
"EEIO_US","FR","31.09B","FD",50,"GCO2E_EUR",2022,2
"EEIO_US","FR","31.09B","GVA",66,"GCO2E_EUR",2022,2
"EEIO_US","FR","31.09B","IC",41,"GCO2E_EUR",2022,2
"EEIO_US","FR","31.09B","PRD",49,"GCO2E_EUR",2022,2
"EEIO_US","FR","32.11Z","FD",22,"GCO2E_EUR",2022,3
"EEIO_US","FR","32.11Z","GVA",12,"GCO2E_EUR",2022,3
"EEIO_US","FR","32.11Z","IC",23,"GCO2E_EUR",2022,3
"EEIO_US","FR","32.11Z","PRD",19,"GCO2E_EUR",2022,3
"EEIO_US","FR","32.12Z","FD",22,"GCO2E_EUR",2022,2
"EEIO_US","FR","32.12Z","GVA",12,"GCO2E_EUR",2022,2
"EEIO_US","FR","32.12Z","IC",23,"GCO2E_EUR",2022,2
"EEIO_US","FR","32.12Z","PRD",19,"GCO2E_EUR",2022,2
"EEIO_US","FR","32.13Z","FD",22,"GCO2E_EUR",2022,2
"EEIO_US","FR","32.13Z","GVA",12,"GCO2E_EUR",2022,2
"EEIO_US","FR","32.13Z","IC",23,"GCO2E_EUR",2022,2
"EEIO_US","FR","32.13Z","PRD",19,"GCO2E_EUR",2022,2
"EEIO_US","FR","32.20Z","FD",51,"GCO2E_EUR",2022,3
"EEIO_US","FR","32.20Z","GVA",25,"GCO2E_EUR",2022,3
"EEIO_US","FR","32.20Z","IC",74,"GCO2E_EUR",2022,3
"EEIO_US","FR","32.20Z","PRD",50,"GCO2E_EUR",2022,3
"EEIO_US","FR","32.30Z","FD",45,"GCO2E_EUR",2022,1
"EEIO_US","FR","32.30Z","GVA",37,"GCO2E_EUR",2022,1
"EEIO_US","FR","32.30Z","IC",49,"GCO2E_EUR",2022,1
"EEIO_US","FR","32.30Z","PRD",44,"GCO2E_EUR",2022,1
"EEIO_US","FR","32.40Z","FD",31,"GCO2E_EUR",2022,1
"EEIO_US","FR","32.40Z","GVA",21,"GCO2E_EUR",2022,1
"EEIO_US","FR","32.40Z","IC",48,"GCO2E_EUR",2022,1
"EEIO_US","FR","32.40Z","PRD",31,"GCO2E_EUR",2022,1
"EEIO_US","FR","32.50A","FD",27,"GCO2E_EUR",2022,1
"EEIO_US","FR","32.50A","GVA",11,"GCO2E_EUR",2022,1
"EEIO_US","FR","32.50A","IC",46,"GCO2E_EUR",2022,1
"EEIO_US","FR","32.50A","PRD",27,"GCO2E_EUR",2022,1
"EEIO_US","FR","32.50B","FD",16,"GCO2E_EUR",2022,1
"EEIO_US","FR","32.50B","GVA",1,"GCO2E_EUR",2022,1
"EEIO_US","FR","32.50B","IC",39,"GCO2E_EUR",2022,1
"EEIO_US","FR","32.50B","PRD",16,"GCO2E_EUR",2022,1
"EEIO_US","FR","32.91Z","FD",51,"GCO2E_EUR",2022,3
"EEIO_US","FR","32.91Z","GVA",25,"GCO2E_EUR",2022,3
"EEIO_US","FR","32.91Z","IC",74,"GCO2E_EUR",2022,3
"EEIO_US","FR","32.91Z","PRD",50,"GCO2E_EUR",2022,3
"EEIO_US","FR","32.99Z","FD",52,"GCO2E_EUR",2022,3
"EEIO_US","FR","32.99Z","GVA",36,"GCO2E_EUR",2022,3
"EEIO_US","FR","32.99Z","IC",63,"GCO2E_EUR",2022,3
"EEIO_US","FR","32.99Z","PRD",51,"GCO2E_EUR",2022,3
"EEIO_US","FR","33.11Z","FD",21,"GCO2E_EUR",2022,3
"EEIO_US","FR","33.11Z","GVA",9,"GCO2E_EUR",2022,3
"EEIO_US","FR","33.11Z","IC",37,"GCO2E_EUR",2022,3
"EEIO_US","FR","33.11Z","PRD",21,"GCO2E_EUR",2022,3
"EEIO_US","FR","33.12Z","FD",21,"GCO2E_EUR",2022,3
"EEIO_US","FR","33.12Z","GVA",9,"GCO2E_EUR",2022,3
"EEIO_US","FR","33.12Z","IC",37,"GCO2E_EUR",2022,3
"EEIO_US","FR","33.12Z","PRD",21,"GCO2E_EUR",2022,3
"EEIO_US","FR","33.13Z","FD",17,"GCO2E_EUR",2022,1
"EEIO_US","FR","33.13Z","GVA",11,"GCO2E_EUR",2022,1
"EEIO_US","FR","33.13Z","IC",27,"GCO2E_EUR",2022,1
"EEIO_US","FR","33.13Z","PRD",16,"GCO2E_EUR",2022,1
"EEIO_US","FR","33.14Z","FD",21,"GCO2E_EUR",2022,3
"EEIO_US","FR","33.14Z","GVA",9,"GCO2E_EUR",2022,3
"EEIO_US","FR","33.14Z","IC",37,"GCO2E_EUR",2022,3
"EEIO_US","FR","33.14Z","PRD",21,"GCO2E_EUR",2022,3
"EEIO_US","FR","33.15Z","FD",19,"GCO2E_EUR",2022,1
"EEIO_US","FR","33.15Z","GVA",7,"GCO2E_EUR",2022,1
"EEIO_US","FR","33.15Z","IC",29,"GCO2E_EUR",2022,1
"EEIO_US","FR","33.15Z","PRD",19,"GCO2E_EUR",2022,1
"EEIO_US","FR","33.16Z","FD",33,"GCO2E_EUR",2022,3
"EEIO_US","FR","33.16Z","GVA",15,"GCO2E_EUR",2022,3
"EEIO_US","FR","33.16Z","IC",45,"GCO2E_EUR",2022,3
"EEIO_US","FR","33.16Z","PRD",30,"GCO2E_EUR",2022,3
"EEIO_US","FR","33.17Z","FD",21,"GCO2E_EUR",2022,3
"EEIO_US","FR","33.17Z","GVA",9,"GCO2E_EUR",2022,3
"EEIO_US","FR","33.17Z","IC",37,"GCO2E_EUR",2022,3
"EEIO_US","FR","33.17Z","PRD",21,"GCO2E_EUR",2022,3
"EEIO_US","FR","33.19Z","FD",21,"GCO2E_EUR",2022,3
"EEIO_US","FR","33.19Z","GVA",9,"GCO2E_EUR",2022,3
"EEIO_US","FR","33.19Z","IC",37,"GCO2E_EUR",2022,3
"EEIO_US","FR","33.19Z","PRD",21,"GCO2E_EUR",2022,3
"EEIO_US","FR","33.20A","FD",53,"GCO2E_EUR",2022,3
"EEIO_US","FR","33.20A","GVA",38,"GCO2E_EUR",2022,3
"EEIO_US","FR","33.20A","IC",74,"GCO2E_EUR",2022,3
"EEIO_US","FR","33.20A","PRD",53,"GCO2E_EUR",2022,3
"EEIO_US","FR","33.20B","FD",53,"GCO2E_EUR",2022,3
"EEIO_US","FR","33.20B","GVA",38,"GCO2E_EUR",2022,3
"EEIO_US","FR","33.20B","IC",74,"GCO2E_EUR",2022,3
"EEIO_US","FR","33.20B","PRD",53,"GCO2E_EUR",2022,3
"EEIO_US","FR","33.20C","FD",80,"GCO2E_EUR",2022,3
"EEIO_US","FR","33.20C","GVA",68,"GCO2E_EUR",2022,3
"EEIO_US","FR","33.20C","IC",107,"GCO2E_EUR",2022,3
"EEIO_US","FR","33.20C","PRD",80,"GCO2E_EUR",2022,3
"EEIO_US","FR","33.20D","FD",80,"GCO2E_EUR",2022,3
"EEIO_US","FR","33.20D","GVA",68,"GCO2E_EUR",2022,3
"EEIO_US","FR","33.20D","IC",107,"GCO2E_EUR",2022,3
"EEIO_US","FR","33.20D","PRD",80,"GCO2E_EUR",2022,3
"EEIO_US","FR","35.11Z","FD",160,"GCO2E_EUR",2022,3
"EEIO_US","FR","35.11Z","GVA",195,"GCO2E_EUR",2022,3
"EEIO_US","FR","35.11Z","IC",72,"GCO2E_EUR",2022,3
"EEIO_US","FR","35.11Z","PRD",155,"GCO2E_EUR",2022,3
"EEIO_US","FR","35.12Z","FD",160,"GCO2E_EUR",2022,3
"EEIO_US","FR","35.12Z","GVA",195,"GCO2E_EUR",2022,3
"EEIO_US","FR","35.12Z","IC",72,"GCO2E_EUR",2022,3
"EEIO_US","FR","35.12Z","PRD",155,"GCO2E_EUR",2022,3
"EEIO_US","FR","35.13Z","FD",160,"GCO2E_EUR",2022,3
"EEIO_US","FR","35.13Z","GVA",195,"GCO2E_EUR",2022,3
"EEIO_US","FR","35.13Z","IC",72,"GCO2E_EUR",2022,3
"EEIO_US","FR","35.13Z","PRD",155,"GCO2E_EUR",2022,3
"EEIO_US","FR","35.14Z","FD",160,"GCO2E_EUR",2022,3
"EEIO_US","FR","35.14Z","GVA",195,"GCO2E_EUR",2022,3
"EEIO_US","FR","35.14Z","IC",72,"GCO2E_EUR",2022,3
"EEIO_US","FR","35.14Z","PRD",155,"GCO2E_EUR",2022,3
"EEIO_US","FR","35.21Z","FD",51,"GCO2E_EUR",2022,2
"EEIO_US","FR","35.21Z","GVA",40,"GCO2E_EUR",2022,2
"EEIO_US","FR","35.21Z","IC",70,"GCO2E_EUR",2022,2
"EEIO_US","FR","35.21Z","PRD",51,"GCO2E_EUR",2022,2
"EEIO_US","FR","35.22Z","FD",51,"GCO2E_EUR",2022,2
"EEIO_US","FR","35.22Z","GVA",40,"GCO2E_EUR",2022,2
"EEIO_US","FR","35.22Z","IC",70,"GCO2E_EUR",2022,2
"EEIO_US","FR","35.22Z","PRD",51,"GCO2E_EUR",2022,2
"EEIO_US","FR","35.23Z","FD",51,"GCO2E_EUR",2022,2
"EEIO_US","FR","35.23Z","GVA",40,"GCO2E_EUR",2022,2
"EEIO_US","FR","35.23Z","IC",70,"GCO2E_EUR",2022,2
"EEIO_US","FR","35.23Z","PRD",51,"GCO2E_EUR",2022,2
"EEIO_US","FR","35.30Z","FD",159,"GCO2E_EUR",2022,3
"EEIO_US","FR","35.30Z","GVA",186,"GCO2E_EUR",2022,3
"EEIO_US","FR","35.30Z","IC",91,"GCO2E_EUR",2022,3
"EEIO_US","FR","35.30Z","PRD",157,"GCO2E_EUR",2022,3
"EEIO_US","FR","36.00Z","FD",159,"GCO2E_EUR",2022,3
"EEIO_US","FR","36.00Z","GVA",186,"GCO2E_EUR",2022,3
"EEIO_US","FR","36.00Z","IC",91,"GCO2E_EUR",2022,3
"EEIO_US","FR","36.00Z","PRD",157,"GCO2E_EUR",2022,3
"EEIO_US","FR","37.00Z","FD",159,"GCO2E_EUR",2022,3
"EEIO_US","FR","37.00Z","GVA",186,"GCO2E_EUR",2022,3
"EEIO_US","FR","37.00Z","IC",91,"GCO2E_EUR",2022,3
"EEIO_US","FR","37.00Z","PRD",157,"GCO2E_EUR",2022,3
"EEIO_US","FR","38.11Z","FD",831,"GCO2E_EUR",2022,3
"EEIO_US","FR","38.11Z","GVA",1568,"GCO2E_EUR",2022,3
"EEIO_US","FR","38.11Z","IC",59,"GCO2E_EUR",2022,3
"EEIO_US","FR","38.11Z","PRD",754,"GCO2E_EUR",2022,3
"EEIO_US","FR","38.12Z","FD",831,"GCO2E_EUR",2022,3
"EEIO_US","FR","38.12Z","GVA",1568,"GCO2E_EUR",2022,3
"EEIO_US","FR","38.12Z","IC",59,"GCO2E_EUR",2022,3
"EEIO_US","FR","38.12Z","PRD",754,"GCO2E_EUR",2022,3
"EEIO_US","FR","38.21Z","FD",831,"GCO2E_EUR",2022,3
"EEIO_US","FR","38.21Z","GVA",1568,"GCO2E_EUR",2022,3
"EEIO_US","FR","38.21Z","IC",59,"GCO2E_EUR",2022,3
"EEIO_US","FR","38.21Z","PRD",754,"GCO2E_EUR",2022,3
"EEIO_US","FR","38.22Z","FD",831,"GCO2E_EUR",2022,3
"EEIO_US","FR","38.22Z","GVA",1568,"GCO2E_EUR",2022,3
"EEIO_US","FR","38.22Z","IC",59,"GCO2E_EUR",2022,3
"EEIO_US","FR","38.22Z","PRD",754,"GCO2E_EUR",2022,3
"EEIO_US","FR","38.31Z","FD",831,"GCO2E_EUR",2022,3
"EEIO_US","FR","38.31Z","GVA",1568,"GCO2E_EUR",2022,3
"EEIO_US","FR","38.31Z","IC",59,"GCO2E_EUR",2022,3
"EEIO_US","FR","38.31Z","PRD",754,"GCO2E_EUR",2022,3
"EEIO_US","FR","38.32Z","FD",831,"GCO2E_EUR",2022,3
"EEIO_US","FR","38.32Z","GVA",1568,"GCO2E_EUR",2022,3
"EEIO_US","FR","38.32Z","IC",59,"GCO2E_EUR",2022,3
"EEIO_US","FR","38.32Z","PRD",754,"GCO2E_EUR",2022,3
"EEIO_US","FR","39.00Z","FD",831,"GCO2E_EUR",2022,3
"EEIO_US","FR","39.00Z","GVA",1568,"GCO2E_EUR",2022,3
"EEIO_US","FR","39.00Z","IC",59,"GCO2E_EUR",2022,3
"EEIO_US","FR","39.00Z","PRD",754,"GCO2E_EUR",2022,3
"EEIO_US","FR","41.10A","FD",53,"GCO2E_EUR",2022,3
"EEIO_US","FR","41.10A","GVA",11,"GCO2E_EUR",2022,3
"EEIO_US","FR","41.10A","IC",69,"GCO2E_EUR",2022,3
"EEIO_US","FR","41.10A","PRD",45,"GCO2E_EUR",2022,3
"EEIO_US","FR","41.10B","FD",53,"GCO2E_EUR",2022,3
"EEIO_US","FR","41.10B","GVA",11,"GCO2E_EUR",2022,3
"EEIO_US","FR","41.10B","IC",69,"GCO2E_EUR",2022,3
"EEIO_US","FR","41.10B","PRD",45,"GCO2E_EUR",2022,3
"EEIO_US","FR","41.10C","FD",53,"GCO2E_EUR",2022,3
"EEIO_US","FR","41.10C","GVA",11,"GCO2E_EUR",2022,3
"EEIO_US","FR","41.10C","IC",69,"GCO2E_EUR",2022,3
"EEIO_US","FR","41.10C","PRD",45,"GCO2E_EUR",2022,3
"EEIO_US","FR","41.10D","FD",53,"GCO2E_EUR",2022,3
"EEIO_US","FR","41.10D","GVA",11,"GCO2E_EUR",2022,3
"EEIO_US","FR","41.10D","IC",69,"GCO2E_EUR",2022,3
"EEIO_US","FR","41.10D","PRD",45,"GCO2E_EUR",2022,3
"EEIO_US","FR","41.20A","FD",69,"GCO2E_EUR",2022,1
"EEIO_US","FR","41.20A","GVA",54,"GCO2E_EUR",2022,1
"EEIO_US","FR","41.20A","IC",86,"GCO2E_EUR",2022,1
"EEIO_US","FR","41.20A","PRD",69,"GCO2E_EUR",2022,1
"EEIO_US","FR","41.20B","FD",67,"GCO2E_EUR",2022,3
"EEIO_US","FR","41.20B","GVA",52,"GCO2E_EUR",2022,3
"EEIO_US","FR","41.20B","IC",88,"GCO2E_EUR",2022,3
"EEIO_US","FR","41.20B","PRD",67,"GCO2E_EUR",2022,3
"EEIO_US","FR","42.11Z","FD",87,"GCO2E_EUR",2022,3
"EEIO_US","FR","42.11Z","GVA",58,"GCO2E_EUR",2022,3
"EEIO_US","FR","42.11Z","IC",120,"GCO2E_EUR",2022,3
"EEIO_US","FR","42.11Z","PRD",87,"GCO2E_EUR",2022,3
"EEIO_US","FR","42.12Z","FD",87,"GCO2E_EUR",2022,3
"EEIO_US","FR","42.12Z","GVA",58,"GCO2E_EUR",2022,3
"EEIO_US","FR","42.12Z","IC",120,"GCO2E_EUR",2022,3
"EEIO_US","FR","42.12Z","PRD",87,"GCO2E_EUR",2022,3
"EEIO_US","FR","42.13A","FD",87,"GCO2E_EUR",2022,3
"EEIO_US","FR","42.13A","GVA",58,"GCO2E_EUR",2022,3
"EEIO_US","FR","42.13A","IC",120,"GCO2E_EUR",2022,3
"EEIO_US","FR","42.13A","PRD",87,"GCO2E_EUR",2022,3
"EEIO_US","FR","42.13B","FD",87,"GCO2E_EUR",2022,3
"EEIO_US","FR","42.13B","GVA",58,"GCO2E_EUR",2022,3
"EEIO_US","FR","42.13B","IC",120,"GCO2E_EUR",2022,3
"EEIO_US","FR","42.13B","PRD",87,"GCO2E_EUR",2022,3
"EEIO_US","FR","42.21Z","FD",87,"GCO2E_EUR",2022,3
"EEIO_US","FR","42.21Z","GVA",58,"GCO2E_EUR",2022,3
"EEIO_US","FR","42.21Z","IC",120,"GCO2E_EUR",2022,3
"EEIO_US","FR","42.21Z","PRD",87,"GCO2E_EUR",2022,3
"EEIO_US","FR","42.22Z","FD",80,"GCO2E_EUR",2022,2
"EEIO_US","FR","42.22Z","GVA",68,"GCO2E_EUR",2022,2
"EEIO_US","FR","42.22Z","IC",107,"GCO2E_EUR",2022,2
"EEIO_US","FR","42.22Z","PRD",80,"GCO2E_EUR",2022,2
"EEIO_US","FR","42.91Z","FD",87,"GCO2E_EUR",2022,3
"EEIO_US","FR","42.91Z","GVA",58,"GCO2E_EUR",2022,3
"EEIO_US","FR","42.91Z","IC",120,"GCO2E_EUR",2022,3
"EEIO_US","FR","42.91Z","PRD",87,"GCO2E_EUR",2022,3
"EEIO_US","FR","42.99Z","FD",87,"GCO2E_EUR",2022,3
"EEIO_US","FR","42.99Z","GVA",58,"GCO2E_EUR",2022,3
"EEIO_US","FR","42.99Z","IC",120,"GCO2E_EUR",2022,3
"EEIO_US","FR","42.99Z","PRD",87,"GCO2E_EUR",2022,3
"EEIO_US","FR","45.11Z","FD",76,"GCO2E_EUR",2022,2
"EEIO_US","FR","45.11Z","GVA",110,"GCO2E_EUR",2022,2
"EEIO_US","FR","45.11Z","IC",9,"GCO2E_EUR",2022,2
"EEIO_US","FR","45.11Z","PRD",76,"GCO2E_EUR",2022,2
"EEIO_US","FR","45.19Z","FD",76,"GCO2E_EUR",2022,2
"EEIO_US","FR","45.19Z","GVA",110,"GCO2E_EUR",2022,2
"EEIO_US","FR","45.19Z","IC",9,"GCO2E_EUR",2022,2
"EEIO_US","FR","45.19Z","PRD",76,"GCO2E_EUR",2022,2
"EEIO_US","FR","45.20A","FD",39,"GCO2E_EUR",2022,2
"EEIO_US","FR","45.20A","GVA",46,"GCO2E_EUR",2022,2
"EEIO_US","FR","45.20A","IC",26,"GCO2E_EUR",2022,2
"EEIO_US","FR","45.20A","PRD",39,"GCO2E_EUR",2022,2
"EEIO_US","FR","45.20B","FD",39,"GCO2E_EUR",2022,2
"EEIO_US","FR","45.20B","GVA",46,"GCO2E_EUR",2022,2
"EEIO_US","FR","45.20B","IC",26,"GCO2E_EUR",2022,2
"EEIO_US","FR","45.20B","PRD",39,"GCO2E_EUR",2022,2
"EEIO_US","FR","45.31Z","FD",51,"GCO2E_EUR",2022,1
"EEIO_US","FR","45.31Z","GVA",67,"GCO2E_EUR",2022,1
"EEIO_US","FR","45.31Z","IC",35,"GCO2E_EUR",2022,1
"EEIO_US","FR","45.31Z","PRD",51,"GCO2E_EUR",2022,1
"EEIO_US","FR","45.32Z","FD",76,"GCO2E_EUR",2022,1
"EEIO_US","FR","45.32Z","GVA",110,"GCO2E_EUR",2022,1
"EEIO_US","FR","45.32Z","IC",9,"GCO2E_EUR",2022,1
"EEIO_US","FR","45.32Z","PRD",76,"GCO2E_EUR",2022,1
"EEIO_US","FR","45.40Z","FD",45,"GCO2E_EUR",2022,3
"EEIO_US","FR","45.40Z","GVA",46,"GCO2E_EUR",2022,3
"EEIO_US","FR","45.40Z","IC",43,"GCO2E_EUR",2022,3
"EEIO_US","FR","45.40Z","PRD",45,"GCO2E_EUR",2022,3
"EEIO_US","FR","46.11Z","FD",15,"GCO2E_EUR",2022,3
"EEIO_US","FR","46.11Z","GVA",6,"GCO2E_EUR",2022,3
"EEIO_US","FR","46.11Z","IC",31,"GCO2E_EUR",2022,3
"EEIO_US","FR","46.11Z","PRD",15,"GCO2E_EUR",2022,3
"EEIO_US","FR","46.12A","FD",15,"GCO2E_EUR",2022,3
"EEIO_US","FR","46.12A","GVA",6,"GCO2E_EUR",2022,3
"EEIO_US","FR","46.12A","IC",31,"GCO2E_EUR",2022,3
"EEIO_US","FR","46.12A","PRD",15,"GCO2E_EUR",2022,3
"EEIO_US","FR","46.12B","FD",15,"GCO2E_EUR",2022,3
"EEIO_US","FR","46.12B","GVA",6,"GCO2E_EUR",2022,3
"EEIO_US","FR","46.12B","IC",31,"GCO2E_EUR",2022,3
"EEIO_US","FR","46.12B","PRD",15,"GCO2E_EUR",2022,3
"EEIO_US","FR","46.13Z","FD",15,"GCO2E_EUR",2022,3
"EEIO_US","FR","46.13Z","GVA",6,"GCO2E_EUR",2022,3
"EEIO_US","FR","46.13Z","IC",31,"GCO2E_EUR",2022,3
"EEIO_US","FR","46.13Z","PRD",15,"GCO2E_EUR",2022,3
"EEIO_US","FR","46.14Z","FD",15,"GCO2E_EUR",2022,3
"EEIO_US","FR","46.14Z","GVA",6,"GCO2E_EUR",2022,3
"EEIO_US","FR","46.14Z","IC",31,"GCO2E_EUR",2022,3
"EEIO_US","FR","46.14Z","PRD",15,"GCO2E_EUR",2022,3
"EEIO_US","FR","46.15Z","FD",15,"GCO2E_EUR",2022,3
"EEIO_US","FR","46.15Z","GVA",6,"GCO2E_EUR",2022,3
"EEIO_US","FR","46.15Z","IC",31,"GCO2E_EUR",2022,3
"EEIO_US","FR","46.15Z","PRD",15,"GCO2E_EUR",2022,3
"EEIO_US","FR","46.16Z","FD",15,"GCO2E_EUR",2022,3
"EEIO_US","FR","46.16Z","GVA",6,"GCO2E_EUR",2022,3
"EEIO_US","FR","46.16Z","IC",31,"GCO2E_EUR",2022,3
"EEIO_US","FR","46.16Z","PRD",15,"GCO2E_EUR",2022,3
"EEIO_US","FR","46.17A","FD",15,"GCO2E_EUR",2022,3
"EEIO_US","FR","46.17A","GVA",6,"GCO2E_EUR",2022,3
"EEIO_US","FR","46.17A","IC",31,"GCO2E_EUR",2022,3
"EEIO_US","FR","46.17A","PRD",15,"GCO2E_EUR",2022,3
"EEIO_US","FR","46.17B","FD",15,"GCO2E_EUR",2022,3
"EEIO_US","FR","46.17B","GVA",6,"GCO2E_EUR",2022,3
"EEIO_US","FR","46.17B","IC",31,"GCO2E_EUR",2022,3
"EEIO_US","FR","46.17B","PRD",15,"GCO2E_EUR",2022,3
"EEIO_US","FR","46.18Z","FD",15,"GCO2E_EUR",2022,3
"EEIO_US","FR","46.18Z","GVA",6,"GCO2E_EUR",2022,3
"EEIO_US","FR","46.18Z","IC",31,"GCO2E_EUR",2022,3
"EEIO_US","FR","46.18Z","PRD",15,"GCO2E_EUR",2022,3
"EEIO_US","FR","46.19A","FD",15,"GCO2E_EUR",2022,3
"EEIO_US","FR","46.19A","GVA",6,"GCO2E_EUR",2022,3
"EEIO_US","FR","46.19A","IC",31,"GCO2E_EUR",2022,3
"EEIO_US","FR","46.19A","PRD",15,"GCO2E_EUR",2022,3
"EEIO_US","FR","46.19B","FD",15,"GCO2E_EUR",2022,3
"EEIO_US","FR","46.19B","GVA",6,"GCO2E_EUR",2022,3
"EEIO_US","FR","46.19B","IC",31,"GCO2E_EUR",2022,3
"EEIO_US","FR","46.19B","PRD",15,"GCO2E_EUR",2022,3
"EEIO_US","FR","46.21Z","FD",30,"GCO2E_EUR",2022,3
"EEIO_US","FR","46.21Z","GVA",29,"GCO2E_EUR",2022,3
"EEIO_US","FR","46.21Z","IC",32,"GCO2E_EUR",2022,3
"EEIO_US","FR","46.21Z","PRD",30,"GCO2E_EUR",2022,3
"EEIO_US","FR","46.22Z","FD",30,"GCO2E_EUR",2022,3
"EEIO_US","FR","46.22Z","GVA",29,"GCO2E_EUR",2022,3
"EEIO_US","FR","46.22Z","IC",32,"GCO2E_EUR",2022,3
"EEIO_US","FR","46.22Z","PRD",30,"GCO2E_EUR",2022,3
"EEIO_US","FR","46.23Z","FD",30,"GCO2E_EUR",2022,3
"EEIO_US","FR","46.23Z","GVA",29,"GCO2E_EUR",2022,3
"EEIO_US","FR","46.23Z","IC",32,"GCO2E_EUR",2022,3
"EEIO_US","FR","46.23Z","PRD",30,"GCO2E_EUR",2022,3
"EEIO_US","FR","46.24Z","FD",30,"GCO2E_EUR",2022,3
"EEIO_US","FR","46.24Z","GVA",29,"GCO2E_EUR",2022,3
"EEIO_US","FR","46.24Z","IC",32,"GCO2E_EUR",2022,3
"EEIO_US","FR","46.24Z","PRD",30,"GCO2E_EUR",2022,3
"EEIO_US","FR","46.31Z","FD",22,"GCO2E_EUR",2022,3
"EEIO_US","FR","46.31Z","GVA",21,"GCO2E_EUR",2022,3
"EEIO_US","FR","46.31Z","IC",24,"GCO2E_EUR",2022,3
"EEIO_US","FR","46.31Z","PRD",22,"GCO2E_EUR",2022,3
"EEIO_US","FR","46.32A","FD",22,"GCO2E_EUR",2022,3
"EEIO_US","FR","46.32A","GVA",21,"GCO2E_EUR",2022,3
"EEIO_US","FR","46.32A","IC",24,"GCO2E_EUR",2022,3
"EEIO_US","FR","46.32A","PRD",22,"GCO2E_EUR",2022,3
"EEIO_US","FR","46.32B","FD",22,"GCO2E_EUR",2022,3
"EEIO_US","FR","46.32B","GVA",21,"GCO2E_EUR",2022,3
"EEIO_US","FR","46.32B","IC",24,"GCO2E_EUR",2022,3
"EEIO_US","FR","46.32B","PRD",22,"GCO2E_EUR",2022,3
"EEIO_US","FR","46.32C","FD",22,"GCO2E_EUR",2022,3
"EEIO_US","FR","46.32C","GVA",21,"GCO2E_EUR",2022,3
"EEIO_US","FR","46.32C","IC",24,"GCO2E_EUR",2022,3
"EEIO_US","FR","46.32C","PRD",22,"GCO2E_EUR",2022,3
"EEIO_US","FR","46.33Z","FD",22,"GCO2E_EUR",2022,3
"EEIO_US","FR","46.33Z","GVA",21,"GCO2E_EUR",2022,3
"EEIO_US","FR","46.33Z","IC",24,"GCO2E_EUR",2022,3
"EEIO_US","FR","46.33Z","PRD",22,"GCO2E_EUR",2022,3
"EEIO_US","FR","46.34Z","FD",26,"GCO2E_EUR",2022,3
"EEIO_US","FR","46.34Z","GVA",25,"GCO2E_EUR",2022,3
"EEIO_US","FR","46.34Z","IC",28,"GCO2E_EUR",2022,3
"EEIO_US","FR","46.34Z","PRD",26,"GCO2E_EUR",2022,3
"EEIO_US","FR","46.35Z","FD",22,"GCO2E_EUR",2022,3
"EEIO_US","FR","46.35Z","GVA",21,"GCO2E_EUR",2022,3
"EEIO_US","FR","46.35Z","IC",24,"GCO2E_EUR",2022,3
"EEIO_US","FR","46.35Z","PRD",22,"GCO2E_EUR",2022,3
"EEIO_US","FR","46.36Z","FD",22,"GCO2E_EUR",2022,3
"EEIO_US","FR","46.36Z","GVA",21,"GCO2E_EUR",2022,3
"EEIO_US","FR","46.36Z","IC",24,"GCO2E_EUR",2022,3
"EEIO_US","FR","46.36Z","PRD",22,"GCO2E_EUR",2022,3
"EEIO_US","FR","46.37Z","FD",22,"GCO2E_EUR",2022,3
"EEIO_US","FR","46.37Z","GVA",21,"GCO2E_EUR",2022,3
"EEIO_US","FR","46.37Z","IC",24,"GCO2E_EUR",2022,3
"EEIO_US","FR","46.37Z","PRD",22,"GCO2E_EUR",2022,3
"EEIO_US","FR","46.38A","FD",22,"GCO2E_EUR",2022,3
"EEIO_US","FR","46.38A","GVA",21,"GCO2E_EUR",2022,3
"EEIO_US","FR","46.38A","IC",24,"GCO2E_EUR",2022,3
"EEIO_US","FR","46.38A","PRD",22,"GCO2E_EUR",2022,3
"EEIO_US","FR","46.38B","FD",22,"GCO2E_EUR",2022,3
"EEIO_US","FR","46.38B","GVA",21,"GCO2E_EUR",2022,3
"EEIO_US","FR","46.38B","IC",24,"GCO2E_EUR",2022,3
"EEIO_US","FR","46.38B","PRD",22,"GCO2E_EUR",2022,3
"EEIO_US","FR","46.39A","FD",22,"GCO2E_EUR",2022,3
"EEIO_US","FR","46.39A","GVA",21,"GCO2E_EUR",2022,3
"EEIO_US","FR","46.39A","IC",24,"GCO2E_EUR",2022,3
"EEIO_US","FR","46.39A","PRD",22,"GCO2E_EUR",2022,3
"EEIO_US","FR","46.39B","FD",22,"GCO2E_EUR",2022,3
"EEIO_US","FR","46.39B","GVA",21,"GCO2E_EUR",2022,3
"EEIO_US","FR","46.39B","IC",24,"GCO2E_EUR",2022,3
"EEIO_US","FR","46.39B","PRD",22,"GCO2E_EUR",2022,3
"EEIO_US","FR","46.41Z","FD",30,"GCO2E_EUR",2022,3
"EEIO_US","FR","46.41Z","GVA",29,"GCO2E_EUR",2022,3
"EEIO_US","FR","46.41Z","IC",32,"GCO2E_EUR",2022,3
"EEIO_US","FR","46.41Z","PRD",30,"GCO2E_EUR",2022,3
"EEIO_US","FR","46.42Z","FD",30,"GCO2E_EUR",2022,3
"EEIO_US","FR","46.42Z","GVA",29,"GCO2E_EUR",2022,3
"EEIO_US","FR","46.42Z","IC",32,"GCO2E_EUR",2022,3
"EEIO_US","FR","46.42Z","PRD",30,"GCO2E_EUR",2022,3
"EEIO_US","FR","46.43Z","FD",20,"GCO2E_EUR",2022,3
"EEIO_US","FR","46.43Z","GVA",17,"GCO2E_EUR",2022,3
"EEIO_US","FR","46.43Z","IC",22,"GCO2E_EUR",2022,3
"EEIO_US","FR","46.43Z","PRD",20,"GCO2E_EUR",2022,3
"EEIO_US","FR","46.44Z","FD",24,"GCO2E_EUR",2022,3
"EEIO_US","FR","46.44Z","GVA",23,"GCO2E_EUR",2022,3
"EEIO_US","FR","46.44Z","IC",25,"GCO2E_EUR",2022,3
"EEIO_US","FR","46.44Z","PRD",24,"GCO2E_EUR",2022,3
"EEIO_US","FR","46.45Z","FD",30,"GCO2E_EUR",2022,3
"EEIO_US","FR","46.45Z","GVA",29,"GCO2E_EUR",2022,3
"EEIO_US","FR","46.45Z","IC",32,"GCO2E_EUR",2022,3
"EEIO_US","FR","46.45Z","PRD",30,"GCO2E_EUR",2022,3
"EEIO_US","FR","46.46Z","FD",9,"GCO2E_EUR",2022,1
"EEIO_US","FR","46.46Z","GVA",3,"GCO2E_EUR",2022,1
"EEIO_US","FR","46.46Z","IC",16,"GCO2E_EUR",2022,1
"EEIO_US","FR","46.46Z","PRD",9,"GCO2E_EUR",2022,1
"EEIO_US","FR","46.47Z","FD",22,"GCO2E_EUR",2022,3
"EEIO_US","FR","46.47Z","GVA",20,"GCO2E_EUR",2022,3
"EEIO_US","FR","46.47Z","IC",24,"GCO2E_EUR",2022,3
"EEIO_US","FR","46.47Z","PRD",22,"GCO2E_EUR",2022,3
"EEIO_US","FR","46.48Z","FD",30,"GCO2E_EUR",2022,3
"EEIO_US","FR","46.48Z","GVA",29,"GCO2E_EUR",2022,3
"EEIO_US","FR","46.48Z","IC",32,"GCO2E_EUR",2022,3
"EEIO_US","FR","46.48Z","PRD",30,"GCO2E_EUR",2022,3
"EEIO_US","FR","46.49Z","FD",30,"GCO2E_EUR",2022,3
"EEIO_US","FR","46.49Z","GVA",29,"GCO2E_EUR",2022,3
"EEIO_US","FR","46.49Z","IC",32,"GCO2E_EUR",2022,3
"EEIO_US","FR","46.49Z","PRD",30,"GCO2E_EUR",2022,3
"EEIO_US","FR","46.51Z","FD",10,"GCO2E_EUR",2022,3
"EEIO_US","FR","46.51Z","GVA",5,"GCO2E_EUR",2022,3
"EEIO_US","FR","46.51Z","IC",17,"GCO2E_EUR",2022,3
"EEIO_US","FR","46.51Z","PRD",10,"GCO2E_EUR",2022,3
"EEIO_US","FR","46.52Z","FD",20,"GCO2E_EUR",2022,3
"EEIO_US","FR","46.52Z","GVA",17,"GCO2E_EUR",2022,3
"EEIO_US","FR","46.52Z","IC",22,"GCO2E_EUR",2022,3
"EEIO_US","FR","46.52Z","PRD",20,"GCO2E_EUR",2022,3
"EEIO_US","FR","46.61Z","FD",43,"GCO2E_EUR",2022,3
"EEIO_US","FR","46.61Z","GVA",56,"GCO2E_EUR",2022,3
"EEIO_US","FR","46.61Z","IC",25,"GCO2E_EUR",2022,3
"EEIO_US","FR","46.61Z","PRD",43,"GCO2E_EUR",2022,3
"EEIO_US","FR","46.62Z","FD",43,"GCO2E_EUR",2022,3
"EEIO_US","FR","46.62Z","GVA",56,"GCO2E_EUR",2022,3
"EEIO_US","FR","46.62Z","IC",25,"GCO2E_EUR",2022,3
"EEIO_US","FR","46.62Z","PRD",43,"GCO2E_EUR",2022,3
"EEIO_US","FR","46.63Z","FD",43,"GCO2E_EUR",2022,3
"EEIO_US","FR","46.63Z","GVA",56,"GCO2E_EUR",2022,3
"EEIO_US","FR","46.63Z","IC",25,"GCO2E_EUR",2022,3
"EEIO_US","FR","46.63Z","PRD",43,"GCO2E_EUR",2022,3
"EEIO_US","FR","46.64Z","FD",43,"GCO2E_EUR",2022,3
"EEIO_US","FR","46.64Z","GVA",56,"GCO2E_EUR",2022,3
"EEIO_US","FR","46.64Z","IC",25,"GCO2E_EUR",2022,3
"EEIO_US","FR","46.64Z","PRD",43,"GCO2E_EUR",2022,3
"EEIO_US","FR","46.65Z","FD",24,"GCO2E_EUR",2022,3
"EEIO_US","FR","46.65Z","GVA",23,"GCO2E_EUR",2022,3
"EEIO_US","FR","46.65Z","IC",25,"GCO2E_EUR",2022,3
"EEIO_US","FR","46.65Z","PRD",24,"GCO2E_EUR",2022,3
"EEIO_US","FR","46.66Z","FD",10,"GCO2E_EUR",2022,3
"EEIO_US","FR","46.66Z","GVA",5,"GCO2E_EUR",2022,3
"EEIO_US","FR","46.66Z","IC",17,"GCO2E_EUR",2022,3
"EEIO_US","FR","46.66Z","PRD",10,"GCO2E_EUR",2022,3
"EEIO_US","FR","46.69A","FD",20,"GCO2E_EUR",2022,3
"EEIO_US","FR","46.69A","GVA",17,"GCO2E_EUR",2022,3
"EEIO_US","FR","46.69A","IC",22,"GCO2E_EUR",2022,3
"EEIO_US","FR","46.69A","PRD",20,"GCO2E_EUR",2022,3
"EEIO_US","FR","46.69B","FD",43,"GCO2E_EUR",2022,3
"EEIO_US","FR","46.69B","GVA",56,"GCO2E_EUR",2022,3
"EEIO_US","FR","46.69B","IC",25,"GCO2E_EUR",2022,3
"EEIO_US","FR","46.69B","PRD",43,"GCO2E_EUR",2022,3
"EEIO_US","FR","46.69C","FD",43,"GCO2E_EUR",2022,3
"EEIO_US","FR","46.69C","GVA",56,"GCO2E_EUR",2022,3
"EEIO_US","FR","46.69C","IC",25,"GCO2E_EUR",2022,3
"EEIO_US","FR","46.69C","PRD",43,"GCO2E_EUR",2022,3
"EEIO_US","FR","46.71Z","FD",35,"GCO2E_EUR",2022,2
"EEIO_US","FR","46.71Z","GVA",39,"GCO2E_EUR",2022,2
"EEIO_US","FR","46.71Z","IC",17,"GCO2E_EUR",2022,2
"EEIO_US","FR","46.71Z","PRD",35,"GCO2E_EUR",2022,2
"EEIO_US","FR","46.72Z","FD",24,"GCO2E_EUR",2022,3
"EEIO_US","FR","46.72Z","GVA",23,"GCO2E_EUR",2022,3
"EEIO_US","FR","46.72Z","IC",25,"GCO2E_EUR",2022,3
"EEIO_US","FR","46.72Z","PRD",24,"GCO2E_EUR",2022,3
"EEIO_US","FR","46.73A","FD",24,"GCO2E_EUR",2022,3
"EEIO_US","FR","46.73A","GVA",23,"GCO2E_EUR",2022,3
"EEIO_US","FR","46.73A","IC",25,"GCO2E_EUR",2022,3
"EEIO_US","FR","46.73A","PRD",24,"GCO2E_EUR",2022,3
"EEIO_US","FR","46.73B","FD",24,"GCO2E_EUR",2022,3
"EEIO_US","FR","46.73B","GVA",23,"GCO2E_EUR",2022,3
"EEIO_US","FR","46.73B","IC",25,"GCO2E_EUR",2022,3
"EEIO_US","FR","46.73B","PRD",24,"GCO2E_EUR",2022,3
"EEIO_US","FR","46.74A","FD",24,"GCO2E_EUR",2022,3
"EEIO_US","FR","46.74A","GVA",23,"GCO2E_EUR",2022,3
"EEIO_US","FR","46.74A","IC",25,"GCO2E_EUR",2022,3
"EEIO_US","FR","46.74A","PRD",24,"GCO2E_EUR",2022,3
"EEIO_US","FR","46.74B","FD",24,"GCO2E_EUR",2022,3
"EEIO_US","FR","46.74B","GVA",23,"GCO2E_EUR",2022,3
"EEIO_US","FR","46.74B","IC",25,"GCO2E_EUR",2022,3
"EEIO_US","FR","46.74B","PRD",24,"GCO2E_EUR",2022,3
"EEIO_US","FR","46.75Z","FD",30,"GCO2E_EUR",2022,3
"EEIO_US","FR","46.75Z","GVA",29,"GCO2E_EUR",2022,3
"EEIO_US","FR","46.75Z","IC",32,"GCO2E_EUR",2022,3
"EEIO_US","FR","46.75Z","PRD",30,"GCO2E_EUR",2022,3
"EEIO_US","FR","46.76Z","FD",30,"GCO2E_EUR",2022,3
"EEIO_US","FR","46.76Z","GVA",29,"GCO2E_EUR",2022,3
"EEIO_US","FR","46.76Z","IC",32,"GCO2E_EUR",2022,3
"EEIO_US","FR","46.76Z","PRD",30,"GCO2E_EUR",2022,3
"EEIO_US","FR","46.77Z","FD",24,"GCO2E_EUR",2022,3
"EEIO_US","FR","46.77Z","GVA",23,"GCO2E_EUR",2022,3
"EEIO_US","FR","46.77Z","IC",25,"GCO2E_EUR",2022,3
"EEIO_US","FR","46.77Z","PRD",24,"GCO2E_EUR",2022,3
"EEIO_US","FR","46.90Z","FD",27,"GCO2E_EUR",2022,3
"EEIO_US","FR","46.90Z","GVA",26,"GCO2E_EUR",2022,3
"EEIO_US","FR","46.90Z","IC",29,"GCO2E_EUR",2022,3
"EEIO_US","FR","46.90Z","PRD",27,"GCO2E_EUR",2022,3
"EEIO_US","FR","47.11A","FD",45,"GCO2E_EUR",2022,2
"EEIO_US","FR","47.11A","GVA",37,"GCO2E_EUR",2022,2
"EEIO_US","FR","47.11A","IC",60,"GCO2E_EUR",2022,2
"EEIO_US","FR","47.11A","PRD",45,"GCO2E_EUR",2022,2
"EEIO_US","FR","47.11B","FD",45,"GCO2E_EUR",2022,2
"EEIO_US","FR","47.11B","GVA",37,"GCO2E_EUR",2022,2
"EEIO_US","FR","47.11B","IC",60,"GCO2E_EUR",2022,2
"EEIO_US","FR","47.11B","PRD",45,"GCO2E_EUR",2022,2
"EEIO_US","FR","47.11C","FD",45,"GCO2E_EUR",2022,2
"EEIO_US","FR","47.11C","GVA",37,"GCO2E_EUR",2022,2
"EEIO_US","FR","47.11C","IC",60,"GCO2E_EUR",2022,2
"EEIO_US","FR","47.11C","PRD",45,"GCO2E_EUR",2022,2
"EEIO_US","FR","47.11D","FD",45,"GCO2E_EUR",2022,2
"EEIO_US","FR","47.11D","GVA",37,"GCO2E_EUR",2022,2
"EEIO_US","FR","47.11D","IC",60,"GCO2E_EUR",2022,2
"EEIO_US","FR","47.11D","PRD",45,"GCO2E_EUR",2022,2
"EEIO_US","FR","47.11E","FD",44,"GCO2E_EUR",2022,2
"EEIO_US","FR","47.11E","GVA",41,"GCO2E_EUR",2022,2
"EEIO_US","FR","47.11E","IC",51,"GCO2E_EUR",2022,2
"EEIO_US","FR","47.11E","PRD",44,"GCO2E_EUR",2022,2
"EEIO_US","FR","47.11F","FD",44,"GCO2E_EUR",2022,2
"EEIO_US","FR","47.11F","GVA",41,"GCO2E_EUR",2022,2
"EEIO_US","FR","47.11F","IC",51,"GCO2E_EUR",2022,2
"EEIO_US","FR","47.11F","PRD",44,"GCO2E_EUR",2022,2
"EEIO_US","FR","47.19A","FD",44,"GCO2E_EUR",2022,2
"EEIO_US","FR","47.19A","GVA",41,"GCO2E_EUR",2022,2
"EEIO_US","FR","47.19A","IC",51,"GCO2E_EUR",2022,2
"EEIO_US","FR","47.19A","PRD",44,"GCO2E_EUR",2022,2
"EEIO_US","FR","47.19B","FD",44,"GCO2E_EUR",2022,3
"EEIO_US","FR","47.19B","GVA",41,"GCO2E_EUR",2022,3
"EEIO_US","FR","47.19B","IC",51,"GCO2E_EUR",2022,3
"EEIO_US","FR","47.19B","PRD",44,"GCO2E_EUR",2022,3
"EEIO_US","FR","47.21Z","FD",45,"GCO2E_EUR",2022,3
"EEIO_US","FR","47.21Z","GVA",37,"GCO2E_EUR",2022,3
"EEIO_US","FR","47.21Z","IC",60,"GCO2E_EUR",2022,3
"EEIO_US","FR","47.21Z","PRD",45,"GCO2E_EUR",2022,3
"EEIO_US","FR","47.22Z","FD",45,"GCO2E_EUR",2022,3
"EEIO_US","FR","47.22Z","GVA",37,"GCO2E_EUR",2022,3
"EEIO_US","FR","47.22Z","IC",60,"GCO2E_EUR",2022,3
"EEIO_US","FR","47.22Z","PRD",45,"GCO2E_EUR",2022,3
"EEIO_US","FR","47.23Z","FD",45,"GCO2E_EUR",2022,3
"EEIO_US","FR","47.23Z","GVA",37,"GCO2E_EUR",2022,3
"EEIO_US","FR","47.23Z","IC",60,"GCO2E_EUR",2022,3
"EEIO_US","FR","47.23Z","PRD",45,"GCO2E_EUR",2022,3
"EEIO_US","FR","47.24Z","FD",45,"GCO2E_EUR",2022,3
"EEIO_US","FR","47.24Z","GVA",37,"GCO2E_EUR",2022,3
"EEIO_US","FR","47.24Z","IC",60,"GCO2E_EUR",2022,3
"EEIO_US","FR","47.24Z","PRD",45,"GCO2E_EUR",2022,3
"EEIO_US","FR","47.25Z","FD",45,"GCO2E_EUR",2022,3
"EEIO_US","FR","47.25Z","GVA",37,"GCO2E_EUR",2022,3
"EEIO_US","FR","47.25Z","IC",60,"GCO2E_EUR",2022,3
"EEIO_US","FR","47.25Z","PRD",45,"GCO2E_EUR",2022,3
"EEIO_US","FR","47.26Z","FD",45,"GCO2E_EUR",2022,3
"EEIO_US","FR","47.26Z","GVA",37,"GCO2E_EUR",2022,3
"EEIO_US","FR","47.26Z","IC",60,"GCO2E_EUR",2022,3
"EEIO_US","FR","47.26Z","PRD",45,"GCO2E_EUR",2022,3
"EEIO_US","FR","47.29Z","FD",45,"GCO2E_EUR",2022,3
"EEIO_US","FR","47.29Z","GVA",37,"GCO2E_EUR",2022,3
"EEIO_US","FR","47.29Z","IC",60,"GCO2E_EUR",2022,3
"EEIO_US","FR","47.29Z","PRD",45,"GCO2E_EUR",2022,3
"EEIO_US","FR","47.30Z","FD",54,"GCO2E_EUR",2022,1
"EEIO_US","FR","47.30Z","GVA",46,"GCO2E_EUR",2022,1
"EEIO_US","FR","47.30Z","IC",65,"GCO2E_EUR",2022,1
"EEIO_US","FR","47.30Z","PRD",54,"GCO2E_EUR",2022,1
"EEIO_US","FR","47.41Z","FD",31,"GCO2E_EUR",2022,3
"EEIO_US","FR","47.41Z","GVA",23,"GCO2E_EUR",2022,3
"EEIO_US","FR","47.41Z","IC",46,"GCO2E_EUR",2022,3
"EEIO_US","FR","47.41Z","PRD",31,"GCO2E_EUR",2022,3
"EEIO_US","FR","47.42Z","FD",31,"GCO2E_EUR",2022,3
"EEIO_US","FR","47.42Z","GVA",23,"GCO2E_EUR",2022,3
"EEIO_US","FR","47.42Z","IC",46,"GCO2E_EUR",2022,3
"EEIO_US","FR","47.42Z","PRD",31,"GCO2E_EUR",2022,3
"EEIO_US","FR","47.43Z","FD",31,"GCO2E_EUR",2022,3
"EEIO_US","FR","47.43Z","GVA",23,"GCO2E_EUR",2022,3
"EEIO_US","FR","47.43Z","IC",46,"GCO2E_EUR",2022,3
"EEIO_US","FR","47.43Z","PRD",31,"GCO2E_EUR",2022,3
"EEIO_US","FR","47.52A","FD",133,"GCO2E_EUR",2022,3
"EEIO_US","FR","47.52A","GVA",170,"GCO2E_EUR",2022,3
"EEIO_US","FR","47.52A","IC",34,"GCO2E_EUR",2022,3
"EEIO_US","FR","47.52A","PRD",133,"GCO2E_EUR",2022,3
"EEIO_US","FR","47.52B","FD",133,"GCO2E_EUR",2022,3
"EEIO_US","FR","47.52B","GVA",170,"GCO2E_EUR",2022,3
"EEIO_US","FR","47.52B","IC",34,"GCO2E_EUR",2022,3
"EEIO_US","FR","47.52B","PRD",133,"GCO2E_EUR",2022,3
"EEIO_US","FR","47.53Z","FD",31,"GCO2E_EUR",2022,3
"EEIO_US","FR","47.53Z","GVA",23,"GCO2E_EUR",2022,3
"EEIO_US","FR","47.53Z","IC",46,"GCO2E_EUR",2022,3
"EEIO_US","FR","47.53Z","PRD",31,"GCO2E_EUR",2022,3
"EEIO_US","FR","47.54Z","FD",31,"GCO2E_EUR",2022,3
"EEIO_US","FR","47.54Z","GVA",23,"GCO2E_EUR",2022,3
"EEIO_US","FR","47.54Z","IC",46,"GCO2E_EUR",2022,3
"EEIO_US","FR","47.54Z","PRD",31,"GCO2E_EUR",2022,3
"EEIO_US","FR","47.59A","FD",31,"GCO2E_EUR",2022,3
"EEIO_US","FR","47.59A","GVA",23,"GCO2E_EUR",2022,3
"EEIO_US","FR","47.59A","IC",46,"GCO2E_EUR",2022,3
"EEIO_US","FR","47.59A","PRD",31,"GCO2E_EUR",2022,3
"EEIO_US","FR","47.59B","FD",31,"GCO2E_EUR",2022,3
"EEIO_US","FR","47.59B","GVA",23,"GCO2E_EUR",2022,3
"EEIO_US","FR","47.59B","IC",46,"GCO2E_EUR",2022,3
"EEIO_US","FR","47.59B","PRD",31,"GCO2E_EUR",2022,3
"EEIO_US","FR","47.71Z","FD",24,"GCO2E_EUR",2022,2
"EEIO_US","FR","47.71Z","GVA",15,"GCO2E_EUR",2022,2
"EEIO_US","FR","47.71Z","IC",34,"GCO2E_EUR",2022,2
"EEIO_US","FR","47.71Z","PRD",24,"GCO2E_EUR",2022,2
"EEIO_US","FR","47.72A","FD",24,"GCO2E_EUR",2022,2
"EEIO_US","FR","47.72A","GVA",15,"GCO2E_EUR",2022,2
"EEIO_US","FR","47.72A","IC",34,"GCO2E_EUR",2022,2
"EEIO_US","FR","47.72A","PRD",24,"GCO2E_EUR",2022,2
"EEIO_US","FR","47.72B","FD",24,"GCO2E_EUR",2022,2
"EEIO_US","FR","47.72B","GVA",15,"GCO2E_EUR",2022,2
"EEIO_US","FR","47.72B","IC",34,"GCO2E_EUR",2022,2
"EEIO_US","FR","47.72B","PRD",24,"GCO2E_EUR",2022,2
"EEIO_US","FR","47.73Z","FD",27,"GCO2E_EUR",2022,2
"EEIO_US","FR","47.73Z","GVA",18,"GCO2E_EUR",2022,2
"EEIO_US","FR","47.73Z","IC",45,"GCO2E_EUR",2022,2
"EEIO_US","FR","47.73Z","PRD",27,"GCO2E_EUR",2022,2
"EEIO_US","FR","47.74Z","FD",27,"GCO2E_EUR",2022,2
"EEIO_US","FR","47.74Z","GVA",18,"GCO2E_EUR",2022,2
"EEIO_US","FR","47.74Z","IC",45,"GCO2E_EUR",2022,2
"EEIO_US","FR","47.74Z","PRD",27,"GCO2E_EUR",2022,2
"EEIO_US","FR","47.75Z","FD",27,"GCO2E_EUR",2022,2
"EEIO_US","FR","47.75Z","GVA",18,"GCO2E_EUR",2022,2
"EEIO_US","FR","47.75Z","IC",45,"GCO2E_EUR",2022,2
"EEIO_US","FR","47.75Z","PRD",27,"GCO2E_EUR",2022,2
"EEIO_US","FR","47.76Z","FD",82,"GCO2E_EUR",2022,3
"EEIO_US","FR","47.76Z","GVA",97,"GCO2E_EUR",2022,3
"EEIO_US","FR","47.76Z","IC",40,"GCO2E_EUR",2022,3
"EEIO_US","FR","47.76Z","PRD",82,"GCO2E_EUR",2022,3
"EEIO_US","FR","47.77Z","FD",24,"GCO2E_EUR",2022,3
"EEIO_US","FR","47.77Z","GVA",15,"GCO2E_EUR",2022,3
"EEIO_US","FR","47.77Z","IC",34,"GCO2E_EUR",2022,3
"EEIO_US","FR","47.77Z","PRD",24,"GCO2E_EUR",2022,3
"EEIO_US","FR","47.78A","FD",27,"GCO2E_EUR",2022,2
"EEIO_US","FR","47.78A","GVA",18,"GCO2E_EUR",2022,2
"EEIO_US","FR","47.78A","IC",45,"GCO2E_EUR",2022,2
"EEIO_US","FR","47.78A","PRD",27,"GCO2E_EUR",2022,2
"EEIO_US","FR","47.78B","FD",20,"GCO2E_EUR",2022,5
"EEIO_US","FR","47.78B","GVA",10,"GCO2E_EUR",2022,5
"EEIO_US","FR","47.78B","IC",38,"GCO2E_EUR",2022,5
"EEIO_US","FR","47.78B","PRD",20,"GCO2E_EUR",2022,5
"EEIO_US","FR","47.78C","FD",31,"GCO2E_EUR",2022,3
"EEIO_US","FR","47.78C","GVA",23,"GCO2E_EUR",2022,3
"EEIO_US","FR","47.78C","IC",46,"GCO2E_EUR",2022,3
"EEIO_US","FR","47.78C","PRD",31,"GCO2E_EUR",2022,3
"EEIO_US","FR","47.79Z","FD",31,"GCO2E_EUR",2022,3
"EEIO_US","FR","47.79Z","GVA",23,"GCO2E_EUR",2022,3
"EEIO_US","FR","47.79Z","IC",46,"GCO2E_EUR",2022,3
"EEIO_US","FR","47.79Z","PRD",31,"GCO2E_EUR",2022,3
"EEIO_US","FR","47.81Z","FD",20,"GCO2E_EUR",2022,3
"EEIO_US","FR","47.81Z","GVA",10,"GCO2E_EUR",2022,3
"EEIO_US","FR","47.81Z","IC",38,"GCO2E_EUR",2022,3
"EEIO_US","FR","47.81Z","PRD",20,"GCO2E_EUR",2022,3
"EEIO_US","FR","47.82Z","FD",20,"GCO2E_EUR",2022,3
"EEIO_US","FR","47.82Z","GVA",10,"GCO2E_EUR",2022,3
"EEIO_US","FR","47.82Z","IC",38,"GCO2E_EUR",2022,3
"EEIO_US","FR","47.82Z","PRD",20,"GCO2E_EUR",2022,3
"EEIO_US","FR","47.89Z","FD",20,"GCO2E_EUR",2022,3
"EEIO_US","FR","47.89Z","GVA",10,"GCO2E_EUR",2022,3
"EEIO_US","FR","47.89Z","IC",38,"GCO2E_EUR",2022,3
"EEIO_US","FR","47.89Z","PRD",20,"GCO2E_EUR",2022,3
"EEIO_US","FR","47.91A","FD",20,"GCO2E_EUR",2022,3
"EEIO_US","FR","47.91A","GVA",10,"GCO2E_EUR",2022,3
"EEIO_US","FR","47.91A","IC",38,"GCO2E_EUR",2022,3
"EEIO_US","FR","47.91A","PRD",20,"GCO2E_EUR",2022,3
"EEIO_US","FR","47.91B","FD",20,"GCO2E_EUR",2022,3
"EEIO_US","FR","47.91B","GVA",10,"GCO2E_EUR",2022,3
"EEIO_US","FR","47.91B","IC",38,"GCO2E_EUR",2022,3
"EEIO_US","FR","47.91B","PRD",20,"GCO2E_EUR",2022,3
"EEIO_US","FR","47.99A","FD",20,"GCO2E_EUR",2022,3
"EEIO_US","FR","47.99A","GVA",10,"GCO2E_EUR",2022,3
"EEIO_US","FR","47.99A","IC",38,"GCO2E_EUR",2022,3
"EEIO_US","FR","47.99A","PRD",20,"GCO2E_EUR",2022,3
"EEIO_US","FR","47.99B","FD",20,"GCO2E_EUR",2022,3
"EEIO_US","FR","47.99B","GVA",10,"GCO2E_EUR",2022,3
"EEIO_US","FR","47.99B","IC",38,"GCO2E_EUR",2022,3
"EEIO_US","FR","47.99B","PRD",20,"GCO2E_EUR",2022,3
"EEIO_US","FR","49.10Z","FD",121,"GCO2E_EUR",2022,2
"EEIO_US","FR","49.10Z","GVA",171,"GCO2E_EUR",2022,2
"EEIO_US","FR","49.10Z","IC",57,"GCO2E_EUR",2022,2
"EEIO_US","FR","49.10Z","PRD",121,"GCO2E_EUR",2022,2
"EEIO_US","FR","49.20Z","FD",121,"GCO2E_EUR",2022,2
"EEIO_US","FR","49.20Z","GVA",171,"GCO2E_EUR",2022,2
"EEIO_US","FR","49.20Z","IC",57,"GCO2E_EUR",2022,2
"EEIO_US","FR","49.20Z","PRD",121,"GCO2E_EUR",2022,2
"EEIO_US","FR","49.31Z","FD",83,"GCO2E_EUR",2022,2
"EEIO_US","FR","49.31Z","GVA",125,"GCO2E_EUR",2022,2
"EEIO_US","FR","49.31Z","IC",31,"GCO2E_EUR",2022,2
"EEIO_US","FR","49.31Z","PRD",83,"GCO2E_EUR",2022,2
"EEIO_US","FR","49.32Z","FD",83,"GCO2E_EUR",2022,2
"EEIO_US","FR","49.32Z","GVA",125,"GCO2E_EUR",2022,2
"EEIO_US","FR","49.32Z","IC",31,"GCO2E_EUR",2022,2
"EEIO_US","FR","49.32Z","PRD",83,"GCO2E_EUR",2022,2
"EEIO_US","FR","49.39A","FD",83,"GCO2E_EUR",2022,2
"EEIO_US","FR","49.39A","GVA",125,"GCO2E_EUR",2022,2
"EEIO_US","FR","49.39A","IC",31,"GCO2E_EUR",2022,2
"EEIO_US","FR","49.39A","PRD",83,"GCO2E_EUR",2022,2
"EEIO_US","FR","49.39B","FD",83,"GCO2E_EUR",2022,2
"EEIO_US","FR","49.39B","GVA",125,"GCO2E_EUR",2022,2
"EEIO_US","FR","49.39B","IC",31,"GCO2E_EUR",2022,2
"EEIO_US","FR","49.39B","PRD",83,"GCO2E_EUR",2022,2
"EEIO_US","FR","49.39C","FD",33,"GCO2E_EUR",2022,3
"EEIO_US","FR","49.39C","GVA",15,"GCO2E_EUR",2022,3
"EEIO_US","FR","49.39C","IC",45,"GCO2E_EUR",2022,3
"EEIO_US","FR","49.39C","PRD",30,"GCO2E_EUR",2022,3
"EEIO_US","FR","49.41A","FD",175,"GCO2E_EUR",2022,2
"EEIO_US","FR","49.41A","GVA",299,"GCO2E_EUR",2022,2
"EEIO_US","FR","49.41A","IC",49,"GCO2E_EUR",2022,2
"EEIO_US","FR","49.41A","PRD",171,"GCO2E_EUR",2022,2
"EEIO_US","FR","49.41B","FD",175,"GCO2E_EUR",2022,2
"EEIO_US","FR","49.41B","GVA",299,"GCO2E_EUR",2022,2
"EEIO_US","FR","49.41B","IC",49,"GCO2E_EUR",2022,2
"EEIO_US","FR","49.41B","PRD",171,"GCO2E_EUR",2022,2
"EEIO_US","FR","49.41C","FD",175,"GCO2E_EUR",2022,2
"EEIO_US","FR","49.41C","GVA",299,"GCO2E_EUR",2022,2
"EEIO_US","FR","49.41C","IC",49,"GCO2E_EUR",2022,2
"EEIO_US","FR","49.41C","PRD",171,"GCO2E_EUR",2022,2
"EEIO_US","FR","49.42Z","FD",175,"GCO2E_EUR",2022,2
"EEIO_US","FR","49.42Z","GVA",299,"GCO2E_EUR",2022,2
"EEIO_US","FR","49.42Z","IC",49,"GCO2E_EUR",2022,2
"EEIO_US","FR","49.42Z","PRD",171,"GCO2E_EUR",2022,2
"EEIO_US","FR","49.50Z","FD",474,"GCO2E_EUR",2022,1
"EEIO_US","FR","49.50Z","GVA",544,"GCO2E_EUR",2022,1
"EEIO_US","FR","49.50Z","IC",58,"GCO2E_EUR",2022,1
"EEIO_US","FR","49.50Z","PRD",474,"GCO2E_EUR",2022,1
"EEIO_US","FR","50.10Z","FD",613,"GCO2E_EUR",2022,4
"EEIO_US","FR","50.10Z","GVA",2055,"GCO2E_EUR",2022,4
"EEIO_US","FR","50.10Z","IC",49,"GCO2E_EUR",2022,4
"EEIO_US","FR","50.10Z","PRD",613,"GCO2E_EUR",2022,4
"EEIO_US","FR","50.20Z","FD",613,"GCO2E_EUR",2022,4
"EEIO_US","FR","50.20Z","GVA",2055,"GCO2E_EUR",2022,4
"EEIO_US","FR","50.20Z","IC",49,"GCO2E_EUR",2022,4
"EEIO_US","FR","50.20Z","PRD",613,"GCO2E_EUR",2022,4
"EEIO_US","FR","50.30Z","FD",613,"GCO2E_EUR",2022,4
"EEIO_US","FR","50.30Z","GVA",2055,"GCO2E_EUR",2022,4
"EEIO_US","FR","50.30Z","IC",49,"GCO2E_EUR",2022,4
"EEIO_US","FR","50.30Z","PRD",613,"GCO2E_EUR",2022,4
"EEIO_US","FR","50.40Z","FD",613,"GCO2E_EUR",2022,4
"EEIO_US","FR","50.40Z","GVA",2055,"GCO2E_EUR",2022,4
"EEIO_US","FR","50.40Z","IC",49,"GCO2E_EUR",2022,4
"EEIO_US","FR","50.40Z","PRD",613,"GCO2E_EUR",2022,4
"EEIO_US","FR","51.10Z","FD",764,"GCO2E_EUR",2022,4
"EEIO_US","FR","51.10Z","GVA",1230,"GCO2E_EUR",2022,4
"EEIO_US","FR","51.10Z","IC",36,"GCO2E_EUR",2022,4
"EEIO_US","FR","51.10Z","PRD",764,"GCO2E_EUR",2022,4
"EEIO_US","FR","51.21Z","FD",764,"GCO2E_EUR",2022,4
"EEIO_US","FR","51.21Z","GVA",1230,"GCO2E_EUR",2022,4
"EEIO_US","FR","51.21Z","IC",36,"GCO2E_EUR",2022,4
"EEIO_US","FR","51.21Z","PRD",764,"GCO2E_EUR",2022,4
"EEIO_US","FR","51.22Z","FD",764,"GCO2E_EUR",2022,4
"EEIO_US","FR","51.22Z","GVA",1230,"GCO2E_EUR",2022,4
"EEIO_US","FR","51.22Z","IC",36,"GCO2E_EUR",2022,4
"EEIO_US","FR","51.22Z","PRD",764,"GCO2E_EUR",2022,4
"EEIO_US","FR","52.10A","FD",45,"GCO2E_EUR",2022,3
"EEIO_US","FR","52.10A","GVA",20,"GCO2E_EUR",2022,3
"EEIO_US","FR","52.10A","IC",65,"GCO2E_EUR",2022,3
"EEIO_US","FR","52.10A","PRD",43,"GCO2E_EUR",2022,3
"EEIO_US","FR","52.10B","FD",45,"GCO2E_EUR",2022,3
"EEIO_US","FR","52.10B","GVA",20,"GCO2E_EUR",2022,3
"EEIO_US","FR","52.10B","IC",65,"GCO2E_EUR",2022,3
"EEIO_US","FR","52.10B","PRD",43,"GCO2E_EUR",2022,3
"EEIO_US","FR","52.21Z","FD",33,"GCO2E_EUR",2022,3
"EEIO_US","FR","52.21Z","GVA",15,"GCO2E_EUR",2022,3
"EEIO_US","FR","52.21Z","IC",45,"GCO2E_EUR",2022,3
"EEIO_US","FR","52.21Z","PRD",30,"GCO2E_EUR",2022,3
"EEIO_US","FR","52.22Z","FD",33,"GCO2E_EUR",2022,3
"EEIO_US","FR","52.22Z","GVA",15,"GCO2E_EUR",2022,3
"EEIO_US","FR","52.22Z","IC",45,"GCO2E_EUR",2022,3
"EEIO_US","FR","52.22Z","PRD",30,"GCO2E_EUR",2022,3
"EEIO_US","FR","52.23Z","FD",33,"GCO2E_EUR",2022,3
"EEIO_US","FR","52.23Z","GVA",15,"GCO2E_EUR",2022,3
"EEIO_US","FR","52.23Z","IC",45,"GCO2E_EUR",2022,3
"EEIO_US","FR","52.23Z","PRD",30,"GCO2E_EUR",2022,3
"EEIO_US","FR","52.24A","FD",33,"GCO2E_EUR",2022,3
"EEIO_US","FR","52.24A","GVA",15,"GCO2E_EUR",2022,3
"EEIO_US","FR","52.24A","IC",45,"GCO2E_EUR",2022,3
"EEIO_US","FR","52.24A","PRD",30,"GCO2E_EUR",2022,3
"EEIO_US","FR","52.24B","FD",33,"GCO2E_EUR",2022,3
"EEIO_US","FR","52.24B","GVA",15,"GCO2E_EUR",2022,3
"EEIO_US","FR","52.24B","IC",45,"GCO2E_EUR",2022,3
"EEIO_US","FR","52.24B","PRD",30,"GCO2E_EUR",2022,3
"EEIO_US","FR","52.29A","FD",67,"GCO2E_EUR",2022,2
"EEIO_US","FR","52.29A","GVA",70,"GCO2E_EUR",2022,2
"EEIO_US","FR","52.29A","IC",62,"GCO2E_EUR",2022,2
"EEIO_US","FR","52.29A","PRD",67,"GCO2E_EUR",2022,2
"EEIO_US","FR","52.29B","FD",33,"GCO2E_EUR",2022,3
"EEIO_US","FR","52.29B","GVA",15,"GCO2E_EUR",2022,3
"EEIO_US","FR","52.29B","IC",45,"GCO2E_EUR",2022,3
"EEIO_US","FR","52.29B","PRD",30,"GCO2E_EUR",2022,3
"EEIO_US","FR","53.10Z","FD",21,"GCO2E_EUR",2022,1
"EEIO_US","FR","53.10Z","GVA",0,"GCO2E_EUR",2022,1
"EEIO_US","FR","53.10Z","IC",111,"GCO2E_EUR",2022,1
"EEIO_US","FR","53.10Z","PRD",21,"GCO2E_EUR",2022,1
"EEIO_US","FR","53.20Z","FD",67,"GCO2E_EUR",2022,2
"EEIO_US","FR","53.20Z","GVA",70,"GCO2E_EUR",2022,2
"EEIO_US","FR","53.20Z","IC",62,"GCO2E_EUR",2022,2
"EEIO_US","FR","53.20Z","PRD",67,"GCO2E_EUR",2022,2
"EEIO_US","FR","55.10Z","FD",30,"GCO2E_EUR",2022,3
"EEIO_US","FR","55.10Z","GVA",29,"GCO2E_EUR",2022,3
"EEIO_US","FR","55.10Z","IC",33,"GCO2E_EUR",2022,3
"EEIO_US","FR","55.10Z","PRD",30,"GCO2E_EUR",2022,3
"EEIO_US","FR","55.20Z","FD",30,"GCO2E_EUR",2022,3
"EEIO_US","FR","55.20Z","GVA",29,"GCO2E_EUR",2022,3
"EEIO_US","FR","55.20Z","IC",33,"GCO2E_EUR",2022,3
"EEIO_US","FR","55.20Z","PRD",30,"GCO2E_EUR",2022,3
"EEIO_US","FR","55.30Z","FD",30,"GCO2E_EUR",2022,3
"EEIO_US","FR","55.30Z","GVA",29,"GCO2E_EUR",2022,3
"EEIO_US","FR","55.30Z","IC",33,"GCO2E_EUR",2022,3
"EEIO_US","FR","55.30Z","PRD",30,"GCO2E_EUR",2022,3
"EEIO_US","FR","55.90Z","FD",30,"GCO2E_EUR",2022,3
"EEIO_US","FR","55.90Z","GVA",29,"GCO2E_EUR",2022,3
"EEIO_US","FR","55.90Z","IC",33,"GCO2E_EUR",2022,3
"EEIO_US","FR","55.90Z","PRD",30,"GCO2E_EUR",2022,3
"EEIO_US","FR","56.10A","FD",21,"GCO2E_EUR",2022,1
"EEIO_US","FR","56.10A","GVA",26,"GCO2E_EUR",2022,1
"EEIO_US","FR","56.10A","IC",13,"GCO2E_EUR",2022,1
"EEIO_US","FR","56.10A","PRD",21,"GCO2E_EUR",2022,1
"EEIO_US","FR","56.10B","FD",30,"GCO2E_EUR",2022,3
"EEIO_US","FR","56.10B","GVA",22,"GCO2E_EUR",2022,3
"EEIO_US","FR","56.10B","IC",45,"GCO2E_EUR",2022,3
"EEIO_US","FR","56.10B","PRD",30,"GCO2E_EUR",2022,3
"EEIO_US","FR","56.10C","FD",50,"GCO2E_EUR",2022,1
"EEIO_US","FR","56.10C","GVA",41,"GCO2E_EUR",2022,1
"EEIO_US","FR","56.10C","IC",58,"GCO2E_EUR",2022,1
"EEIO_US","FR","56.10C","PRD",50,"GCO2E_EUR",2022,1
"EEIO_US","FR","56.21Z","FD",30,"GCO2E_EUR",2022,3
"EEIO_US","FR","56.21Z","GVA",22,"GCO2E_EUR",2022,3
"EEIO_US","FR","56.21Z","IC",45,"GCO2E_EUR",2022,3
"EEIO_US","FR","56.21Z","PRD",30,"GCO2E_EUR",2022,3
"EEIO_US","FR","56.29A","FD",30,"GCO2E_EUR",2022,3
"EEIO_US","FR","56.29A","GVA",22,"GCO2E_EUR",2022,3
"EEIO_US","FR","56.29A","IC",45,"GCO2E_EUR",2022,3
"EEIO_US","FR","56.29A","PRD",30,"GCO2E_EUR",2022,3
"EEIO_US","FR","56.29B","FD",30,"GCO2E_EUR",2022,3
"EEIO_US","FR","56.29B","GVA",22,"GCO2E_EUR",2022,3
"EEIO_US","FR","56.29B","IC",45,"GCO2E_EUR",2022,3
"EEIO_US","FR","56.29B","PRD",30,"GCO2E_EUR",2022,3
"EEIO_US","FR","56.30Z","FD",30,"GCO2E_EUR",2022,3
"EEIO_US","FR","56.30Z","GVA",22,"GCO2E_EUR",2022,3
"EEIO_US","FR","56.30Z","IC",45,"GCO2E_EUR",2022,3
"EEIO_US","FR","56.30Z","PRD",30,"GCO2E_EUR",2022,3
"EEIO_US","FR","58.11Z","FD",24,"GCO2E_EUR",2022,1
"EEIO_US","FR","58.11Z","GVA",20,"GCO2E_EUR",2022,1
"EEIO_US","FR","58.11Z","IC",28,"GCO2E_EUR",2022,1
"EEIO_US","FR","58.11Z","PRD",24,"GCO2E_EUR",2022,1
"EEIO_US","FR","58.12Z","FD",20,"GCO2E_EUR",2022,2
"EEIO_US","FR","58.12Z","GVA",16,"GCO2E_EUR",2022,2
"EEIO_US","FR","58.12Z","IC",25,"GCO2E_EUR",2022,2
"EEIO_US","FR","58.12Z","PRD",20,"GCO2E_EUR",2022,2
"EEIO_US","FR","58.13Z","FD",25,"GCO2E_EUR",2022,1
"EEIO_US","FR","58.13Z","GVA",19,"GCO2E_EUR",2022,1
"EEIO_US","FR","58.13Z","IC",37,"GCO2E_EUR",2022,1
"EEIO_US","FR","58.13Z","PRD",25,"GCO2E_EUR",2022,1
"EEIO_US","FR","58.14Z","FD",14,"GCO2E_EUR",2022,1
"EEIO_US","FR","58.14Z","GVA",4,"GCO2E_EUR",2022,1
"EEIO_US","FR","58.14Z","IC",31,"GCO2E_EUR",2022,1
"EEIO_US","FR","58.14Z","PRD",14,"GCO2E_EUR",2022,1
"EEIO_US","FR","58.19Z","FD",20,"GCO2E_EUR",2022,2
"EEIO_US","FR","58.19Z","GVA",16,"GCO2E_EUR",2022,2
"EEIO_US","FR","58.19Z","IC",25,"GCO2E_EUR",2022,2
"EEIO_US","FR","58.19Z","PRD",20,"GCO2E_EUR",2022,2
"EEIO_US","FR","58.21Z","FD",8,"GCO2E_EUR",2022,2
"EEIO_US","FR","58.21Z","GVA",3,"GCO2E_EUR",2022,2
"EEIO_US","FR","58.21Z","IC",16,"GCO2E_EUR",2022,2
"EEIO_US","FR","58.21Z","PRD",8,"GCO2E_EUR",2022,2
"EEIO_US","FR","58.29A","FD",8,"GCO2E_EUR",2022,2
"EEIO_US","FR","58.29A","GVA",3,"GCO2E_EUR",2022,2
"EEIO_US","FR","58.29A","IC",16,"GCO2E_EUR",2022,2
"EEIO_US","FR","58.29A","PRD",8,"GCO2E_EUR",2022,2
"EEIO_US","FR","58.29B","FD",8,"GCO2E_EUR",2022,2
"EEIO_US","FR","58.29B","GVA",3,"GCO2E_EUR",2022,2
"EEIO_US","FR","58.29B","IC",16,"GCO2E_EUR",2022,2
"EEIO_US","FR","58.29B","PRD",8,"GCO2E_EUR",2022,2
"EEIO_US","FR","58.29C","FD",8,"GCO2E_EUR",2022,2
"EEIO_US","FR","58.29C","GVA",3,"GCO2E_EUR",2022,2
"EEIO_US","FR","58.29C","IC",16,"GCO2E_EUR",2022,2
"EEIO_US","FR","58.29C","PRD",8,"GCO2E_EUR",2022,2
"EEIO_US","FR","59.11A","FD",8,"GCO2E_EUR",2022,3
"EEIO_US","FR","59.11A","GVA",0,"GCO2E_EUR",2022,3
"EEIO_US","FR","59.11A","IC",18,"GCO2E_EUR",2022,3
"EEIO_US","FR","59.11A","PRD",7,"GCO2E_EUR",2022,3
"EEIO_US","FR","59.11B","FD",8,"GCO2E_EUR",2022,3
"EEIO_US","FR","59.11B","GVA",0,"GCO2E_EUR",2022,3
"EEIO_US","FR","59.11B","IC",18,"GCO2E_EUR",2022,3
"EEIO_US","FR","59.11B","PRD",7,"GCO2E_EUR",2022,3
"EEIO_US","FR","59.11C","FD",8,"GCO2E_EUR",2022,3
"EEIO_US","FR","59.11C","GVA",0,"GCO2E_EUR",2022,3
"EEIO_US","FR","59.11C","IC",18,"GCO2E_EUR",2022,3
"EEIO_US","FR","59.11C","PRD",7,"GCO2E_EUR",2022,3
"EEIO_US","FR","59.12Z","FD",8,"GCO2E_EUR",2022,3
"EEIO_US","FR","59.12Z","GVA",0,"GCO2E_EUR",2022,3
"EEIO_US","FR","59.12Z","IC",18,"GCO2E_EUR",2022,3
"EEIO_US","FR","59.12Z","PRD",7,"GCO2E_EUR",2022,3
"EEIO_US","FR","59.13A","FD",8,"GCO2E_EUR",2022,3
"EEIO_US","FR","59.13A","GVA",0,"GCO2E_EUR",2022,3
"EEIO_US","FR","59.13A","IC",18,"GCO2E_EUR",2022,3
"EEIO_US","FR","59.13A","PRD",7,"GCO2E_EUR",2022,3
"EEIO_US","FR","59.13B","FD",8,"GCO2E_EUR",2022,3
"EEIO_US","FR","59.13B","GVA",0,"GCO2E_EUR",2022,3
"EEIO_US","FR","59.13B","IC",18,"GCO2E_EUR",2022,3
"EEIO_US","FR","59.13B","PRD",7,"GCO2E_EUR",2022,3
"EEIO_US","FR","59.14Z","FD",8,"GCO2E_EUR",2022,3
"EEIO_US","FR","59.14Z","GVA",0,"GCO2E_EUR",2022,3
"EEIO_US","FR","59.14Z","IC",18,"GCO2E_EUR",2022,3
"EEIO_US","FR","59.14Z","PRD",7,"GCO2E_EUR",2022,3
"EEIO_US","FR","59.20Z","FD",6,"GCO2E_EUR",2022,1
"EEIO_US","FR","59.20Z","GVA",0,"GCO2E_EUR",2022,1
"EEIO_US","FR","59.20Z","IC",21,"GCO2E_EUR",2022,1
"EEIO_US","FR","59.20Z","PRD",5,"GCO2E_EUR",2022,1
"EEIO_US","FR","60.10Z","FD",12,"GCO2E_EUR",2022,3
"EEIO_US","FR","60.10Z","GVA",10,"GCO2E_EUR",2022,3
"EEIO_US","FR","60.10Z","IC",7,"GCO2E_EUR",2022,3
"EEIO_US","FR","60.10Z","PRD",9,"GCO2E_EUR",2022,3
"EEIO_US","FR","60.20A","FD",12,"GCO2E_EUR",2022,3
"EEIO_US","FR","60.20A","GVA",10,"GCO2E_EUR",2022,3
"EEIO_US","FR","60.20A","IC",7,"GCO2E_EUR",2022,3
"EEIO_US","FR","60.20A","PRD",9,"GCO2E_EUR",2022,3
"EEIO_US","FR","60.20B","FD",15,"GCO2E_EUR",2022,3
"EEIO_US","FR","60.20B","GVA",12,"GCO2E_EUR",2022,3
"EEIO_US","FR","60.20B","IC",15,"GCO2E_EUR",2022,3
"EEIO_US","FR","60.20B","PRD",13,"GCO2E_EUR",2022,3
"EEIO_US","FR","61.10Z","FD",16,"GCO2E_EUR",2022,1
"EEIO_US","FR","61.10Z","GVA",8,"GCO2E_EUR",2022,1
"EEIO_US","FR","61.10Z","IC",24,"GCO2E_EUR",2022,1
"EEIO_US","FR","61.10Z","PRD",15,"GCO2E_EUR",2022,1
"EEIO_US","FR","61.20Z","FD",20,"GCO2E_EUR",2022,1
"EEIO_US","FR","61.20Z","GVA",9,"GCO2E_EUR",2022,1
"EEIO_US","FR","61.20Z","IC",34,"GCO2E_EUR",2022,1
"EEIO_US","FR","61.20Z","PRD",20,"GCO2E_EUR",2022,1
"EEIO_US","FR","61.30Z","FD",26,"GCO2E_EUR",2022,3
"EEIO_US","FR","61.30Z","GVA",17,"GCO2E_EUR",2022,3
"EEIO_US","FR","61.30Z","IC",35,"GCO2E_EUR",2022,3
"EEIO_US","FR","61.30Z","PRD",26,"GCO2E_EUR",2022,3
"EEIO_US","FR","61.90Z","FD",26,"GCO2E_EUR",2022,3
"EEIO_US","FR","61.90Z","GVA",17,"GCO2E_EUR",2022,3
"EEIO_US","FR","61.90Z","IC",35,"GCO2E_EUR",2022,3
"EEIO_US","FR","61.90Z","PRD",26,"GCO2E_EUR",2022,3
"EEIO_US","FR","62.01Z","FD",15,"GCO2E_EUR",2022,1
"EEIO_US","FR","62.01Z","GVA",9,"GCO2E_EUR",2022,1
"EEIO_US","FR","62.01Z","IC",33,"GCO2E_EUR",2022,1
"EEIO_US","FR","62.01Z","PRD",15,"GCO2E_EUR",2022,1
"EEIO_US","FR","62.02A","FD",10,"GCO2E_EUR",2022,2
"EEIO_US","FR","62.02A","GVA",6,"GCO2E_EUR",2022,2
"EEIO_US","FR","62.02A","IC",18,"GCO2E_EUR",2022,2
"EEIO_US","FR","62.02A","PRD",10,"GCO2E_EUR",2022,2
"EEIO_US","FR","62.02B","FD",26,"GCO2E_EUR",2022,3
"EEIO_US","FR","62.02B","GVA",3,"GCO2E_EUR",2022,3
"EEIO_US","FR","62.02B","IC",68,"GCO2E_EUR",2022,3
"EEIO_US","FR","62.02B","PRD",26,"GCO2E_EUR",2022,3
"EEIO_US","FR","62.03Z","FD",26,"GCO2E_EUR",2022,3
"EEIO_US","FR","62.03Z","GVA",3,"GCO2E_EUR",2022,3
"EEIO_US","FR","62.03Z","IC",68,"GCO2E_EUR",2022,3
"EEIO_US","FR","62.03Z","PRD",26,"GCO2E_EUR",2022,3
"EEIO_US","FR","62.09Z","FD",26,"GCO2E_EUR",2022,3
"EEIO_US","FR","62.09Z","GVA",3,"GCO2E_EUR",2022,3
"EEIO_US","FR","62.09Z","IC",68,"GCO2E_EUR",2022,3
"EEIO_US","FR","62.09Z","PRD",26,"GCO2E_EUR",2022,3
"EEIO_US","FR","63.11Z","FD",22,"GCO2E_EUR",2022,1
"EEIO_US","FR","63.11Z","GVA",3,"GCO2E_EUR",2022,1
"EEIO_US","FR","63.11Z","IC",44,"GCO2E_EUR",2022,1
"EEIO_US","FR","63.11Z","PRD",21,"GCO2E_EUR",2022,1
"EEIO_US","FR","63.12Z","FD",15,"GCO2E_EUR",2022,1
"EEIO_US","FR","63.12Z","GVA",0,"GCO2E_EUR",2022,1
"EEIO_US","FR","63.12Z","IC",37,"GCO2E_EUR",2022,1
"EEIO_US","FR","63.12Z","PRD",15,"GCO2E_EUR",2022,1
"EEIO_US","FR","63.91Z","FD",12,"GCO2E_EUR",2022,3
"EEIO_US","FR","63.91Z","GVA",11,"GCO2E_EUR",2022,3
"EEIO_US","FR","63.91Z","IC",31,"GCO2E_EUR",2022,3
"EEIO_US","FR","63.91Z","PRD",12,"GCO2E_EUR",2022,3
"EEIO_US","FR","63.99Z","FD",12,"GCO2E_EUR",2022,3
"EEIO_US","FR","63.99Z","GVA",11,"GCO2E_EUR",2022,3
"EEIO_US","FR","63.99Z","IC",31,"GCO2E_EUR",2022,3
"EEIO_US","FR","63.99Z","PRD",12,"GCO2E_EUR",2022,3
"EEIO_US","FR","64.11Z","FD",19,"GCO2E_EUR",2022,2
"EEIO_US","FR","64.11Z","GVA",8,"GCO2E_EUR",2022,2
"EEIO_US","FR","64.11Z","IC",37,"GCO2E_EUR",2022,2
"EEIO_US","FR","64.11Z","PRD",18,"GCO2E_EUR",2022,2
"EEIO_US","FR","64.19Z","FD",19,"GCO2E_EUR",2022,2
"EEIO_US","FR","64.19Z","GVA",8,"GCO2E_EUR",2022,2
"EEIO_US","FR","64.19Z","IC",37,"GCO2E_EUR",2022,2
"EEIO_US","FR","64.19Z","PRD",18,"GCO2E_EUR",2022,2
"EEIO_US","FR","64.20Z","FD",16,"GCO2E_EUR",2022,2
"EEIO_US","FR","64.20Z","GVA",4,"GCO2E_EUR",2022,2
"EEIO_US","FR","64.20Z","IC",39,"GCO2E_EUR",2022,2
"EEIO_US","FR","64.20Z","PRD",16,"GCO2E_EUR",2022,2
"EEIO_US","FR","64.30Z","FD",60,"GCO2E_EUR",2022,3
"EEIO_US","FR","64.30Z","GVA",772,"GCO2E_EUR",2022,3
"EEIO_US","FR","64.30Z","IC",23,"GCO2E_EUR",2022,3
"EEIO_US","FR","64.30Z","PRD",56,"GCO2E_EUR",2022,3
"EEIO_US","FR","64.91Z","FD",23,"GCO2E_EUR",2022,2
"EEIO_US","FR","64.91Z","GVA",9,"GCO2E_EUR",2022,2
"EEIO_US","FR","64.91Z","IC",37,"GCO2E_EUR",2022,2
"EEIO_US","FR","64.91Z","PRD",22,"GCO2E_EUR",2022,2
"EEIO_US","FR","64.92Z","FD",23,"GCO2E_EUR",2022,2
"EEIO_US","FR","64.92Z","GVA",9,"GCO2E_EUR",2022,2
"EEIO_US","FR","64.92Z","IC",37,"GCO2E_EUR",2022,2
"EEIO_US","FR","64.92Z","PRD",22,"GCO2E_EUR",2022,2
"EEIO_US","FR","64.99Z","FD",16,"GCO2E_EUR",2022,3
"EEIO_US","FR","64.99Z","GVA",3,"GCO2E_EUR",2022,3
"EEIO_US","FR","64.99Z","IC",34,"GCO2E_EUR",2022,3
"EEIO_US","FR","64.99Z","PRD",16,"GCO2E_EUR",2022,3
"EEIO_US","FR","65.11Z","FD",16,"GCO2E_EUR",2022,1
"EEIO_US","FR","65.11Z","GVA",0,"GCO2E_EUR",2022,1
"EEIO_US","FR","65.11Z","IC",40,"GCO2E_EUR",2022,1
"EEIO_US","FR","65.11Z","PRD",16,"GCO2E_EUR",2022,1
"EEIO_US","FR","65.12Z","FD",8,"GCO2E_EUR",2022,3
"EEIO_US","FR","65.12Z","GVA",0,"GCO2E_EUR",2022,3
"EEIO_US","FR","65.12Z","IC",16,"GCO2E_EUR",2022,3
"EEIO_US","FR","65.12Z","PRD",8,"GCO2E_EUR",2022,3
"EEIO_US","FR","65.20Z","FD",8,"GCO2E_EUR",2022,3
"EEIO_US","FR","65.20Z","GVA",0,"GCO2E_EUR",2022,3
"EEIO_US","FR","65.20Z","IC",16,"GCO2E_EUR",2022,3
"EEIO_US","FR","65.20Z","PRD",8,"GCO2E_EUR",2022,3
"EEIO_US","FR","65.30Z","FD",60,"GCO2E_EUR",2022,3
"EEIO_US","FR","65.30Z","GVA",772,"GCO2E_EUR",2022,3
"EEIO_US","FR","65.30Z","IC",23,"GCO2E_EUR",2022,3
"EEIO_US","FR","65.30Z","PRD",56,"GCO2E_EUR",2022,3
"EEIO_US","FR","66.11Z","FD",10,"GCO2E_EUR",2022,3
"EEIO_US","FR","66.11Z","GVA",1,"GCO2E_EUR",2022,3
"EEIO_US","FR","66.11Z","IC",28,"GCO2E_EUR",2022,3
"EEIO_US","FR","66.11Z","PRD",10,"GCO2E_EUR",2022,3
"EEIO_US","FR","66.12Z","FD",10,"GCO2E_EUR",2022,3
"EEIO_US","FR","66.12Z","GVA",1,"GCO2E_EUR",2022,3
"EEIO_US","FR","66.12Z","IC",28,"GCO2E_EUR",2022,3
"EEIO_US","FR","66.12Z","PRD",10,"GCO2E_EUR",2022,3
"EEIO_US","FR","66.19A","FD",60,"GCO2E_EUR",2022,3
"EEIO_US","FR","66.19A","GVA",772,"GCO2E_EUR",2022,3
"EEIO_US","FR","66.19A","IC",23,"GCO2E_EUR",2022,3
"EEIO_US","FR","66.19A","PRD",56,"GCO2E_EUR",2022,3
"EEIO_US","FR","66.19B","FD",23,"GCO2E_EUR",2022,3
"EEIO_US","FR","66.19B","GVA",5,"GCO2E_EUR",2022,3
"EEIO_US","FR","66.19B","IC",41,"GCO2E_EUR",2022,3
"EEIO_US","FR","66.19B","PRD",22,"GCO2E_EUR",2022,3
"EEIO_US","FR","66.21Z","FD",8,"GCO2E_EUR",2022,3
"EEIO_US","FR","66.21Z","GVA",0,"GCO2E_EUR",2022,3
"EEIO_US","FR","66.21Z","IC",16,"GCO2E_EUR",2022,3
"EEIO_US","FR","66.21Z","PRD",8,"GCO2E_EUR",2022,3
"EEIO_US","FR","66.22Z","FD",8,"GCO2E_EUR",2022,3
"EEIO_US","FR","66.22Z","GVA",0,"GCO2E_EUR",2022,3
"EEIO_US","FR","66.22Z","IC",16,"GCO2E_EUR",2022,3
"EEIO_US","FR","66.22Z","PRD",8,"GCO2E_EUR",2022,3
"EEIO_US","FR","66.29Z","FD",8,"GCO2E_EUR",2022,3
"EEIO_US","FR","66.29Z","GVA",0,"GCO2E_EUR",2022,3
"EEIO_US","FR","66.29Z","IC",16,"GCO2E_EUR",2022,3
"EEIO_US","FR","66.29Z","PRD",8,"GCO2E_EUR",2022,3
"EEIO_US","FR","66.30Z","FD",23,"GCO2E_EUR",2022,3
"EEIO_US","FR","66.30Z","GVA",5,"GCO2E_EUR",2022,3
"EEIO_US","FR","66.30Z","IC",41,"GCO2E_EUR",2022,3
"EEIO_US","FR","66.30Z","PRD",22,"GCO2E_EUR",2022,3
"EEIO_US","FR","68.10Z","FD",53,"GCO2E_EUR",2022,4
"EEIO_US","FR","68.10Z","GVA",11,"GCO2E_EUR",2022,4
"EEIO_US","FR","68.10Z","IC",69,"GCO2E_EUR",2022,4
"EEIO_US","FR","68.10Z","PRD",45,"GCO2E_EUR",2022,4
"EEIO_US","FR","68.20A","FD",4,"GCO2E_EUR",2022,1
"EEIO_US","FR","68.20A","GVA",1,"GCO2E_EUR",2022,1
"EEIO_US","FR","68.20A","IC",48,"GCO2E_EUR",2022,1
"EEIO_US","FR","68.20A","PRD",4,"GCO2E_EUR",2022,1
"EEIO_US","FR","68.20B","FD",53,"GCO2E_EUR",2022,4
"EEIO_US","FR","68.20B","GVA",11,"GCO2E_EUR",2022,4
"EEIO_US","FR","68.20B","IC",69,"GCO2E_EUR",2022,4
"EEIO_US","FR","68.20B","PRD",45,"GCO2E_EUR",2022,4
"EEIO_US","FR","68.31Z","FD",53,"GCO2E_EUR",2022,4
"EEIO_US","FR","68.31Z","GVA",11,"GCO2E_EUR",2022,4
"EEIO_US","FR","68.31Z","IC",69,"GCO2E_EUR",2022,4
"EEIO_US","FR","68.31Z","PRD",45,"GCO2E_EUR",2022,4
"EEIO_US","FR","68.32A","FD",53,"GCO2E_EUR",2022,4
"EEIO_US","FR","68.32A","GVA",11,"GCO2E_EUR",2022,4
"EEIO_US","FR","68.32A","IC",69,"GCO2E_EUR",2022,4
"EEIO_US","FR","68.32A","PRD",45,"GCO2E_EUR",2022,4
"EEIO_US","FR","68.32B","FD",53,"GCO2E_EUR",2022,4
"EEIO_US","FR","68.32B","GVA",11,"GCO2E_EUR",2022,4
"EEIO_US","FR","68.32B","IC",69,"GCO2E_EUR",2022,4
"EEIO_US","FR","68.32B","PRD",45,"GCO2E_EUR",2022,4
"EEIO_US","FR","69.10Z","FD",12,"GCO2E_EUR",2022,1
"EEIO_US","FR","69.10Z","GVA",2,"GCO2E_EUR",2022,1
"EEIO_US","FR","69.10Z","IC",41,"GCO2E_EUR",2022,1
"EEIO_US","FR","69.10Z","PRD",11,"GCO2E_EUR",2022,1
"EEIO_US","FR","69.20Z","FD",18,"GCO2E_EUR",2022,1
"EEIO_US","FR","69.20Z","GVA",7,"GCO2E_EUR",2022,1
"EEIO_US","FR","69.20Z","IC",49,"GCO2E_EUR",2022,1
"EEIO_US","FR","69.20Z","PRD",18,"GCO2E_EUR",2022,1
"EEIO_US","FR","70.10Z","FD",16,"GCO2E_EUR",2022,2
"EEIO_US","FR","70.10Z","GVA",4,"GCO2E_EUR",2022,2
"EEIO_US","FR","70.10Z","IC",39,"GCO2E_EUR",2022,2
"EEIO_US","FR","70.10Z","PRD",16,"GCO2E_EUR",2022,2
"EEIO_US","FR","70.21Z","FD",27,"GCO2E_EUR",2022,3
"EEIO_US","FR","70.21Z","GVA",17,"GCO2E_EUR",2022,3
"EEIO_US","FR","70.21Z","IC",47,"GCO2E_EUR",2022,3
"EEIO_US","FR","70.21Z","PRD",26,"GCO2E_EUR",2022,3
"EEIO_US","FR","70.22Z","FD",18,"GCO2E_EUR",2022,1
"EEIO_US","FR","70.22Z","GVA",7,"GCO2E_EUR",2022,1
"EEIO_US","FR","70.22Z","IC",40,"GCO2E_EUR",2022,1
"EEIO_US","FR","70.22Z","PRD",17,"GCO2E_EUR",2022,1
"EEIO_US","FR","71.11Z","FD",33,"GCO2E_EUR",2022,3
"EEIO_US","FR","71.11Z","GVA",17,"GCO2E_EUR",2022,3
"EEIO_US","FR","71.11Z","IC",56,"GCO2E_EUR",2022,3
"EEIO_US","FR","71.11Z","PRD",31,"GCO2E_EUR",2022,3
"EEIO_US","FR","71.12A","FD",33,"GCO2E_EUR",2022,3
"EEIO_US","FR","71.12A","GVA",17,"GCO2E_EUR",2022,3
"EEIO_US","FR","71.12A","IC",56,"GCO2E_EUR",2022,3
"EEIO_US","FR","71.12A","PRD",31,"GCO2E_EUR",2022,3
"EEIO_US","FR","71.12B","FD",30,"GCO2E_EUR",2022,3
"EEIO_US","FR","71.12B","GVA",15,"GCO2E_EUR",2022,3
"EEIO_US","FR","71.12B","IC",52,"GCO2E_EUR",2022,3
"EEIO_US","FR","71.12B","PRD",29,"GCO2E_EUR",2022,3
"EEIO_US","FR","71.20A","FD",39,"GCO2E_EUR",2022,2
"EEIO_US","FR","71.20A","GVA",46,"GCO2E_EUR",2022,2
"EEIO_US","FR","71.20A","IC",26,"GCO2E_EUR",2022,2
"EEIO_US","FR","71.20A","PRD",39,"GCO2E_EUR",2022,2
"EEIO_US","FR","71.20B","FD",33,"GCO2E_EUR",2022,3
"EEIO_US","FR","71.20B","GVA",17,"GCO2E_EUR",2022,3
"EEIO_US","FR","71.20B","IC",56,"GCO2E_EUR",2022,3
"EEIO_US","FR","71.20B","PRD",31,"GCO2E_EUR",2022,3
"EEIO_US","FR","72.11Z","FD",33,"GCO2E_EUR",2022,4
"EEIO_US","FR","72.11Z","GVA",6,"GCO2E_EUR",2022,4
"EEIO_US","FR","72.11Z","IC",57,"GCO2E_EUR",2022,4
"EEIO_US","FR","72.11Z","PRD",33,"GCO2E_EUR",2022,4
"EEIO_US","FR","72.19Z","FD",33,"GCO2E_EUR",2022,4
"EEIO_US","FR","72.19Z","GVA",6,"GCO2E_EUR",2022,4
"EEIO_US","FR","72.19Z","IC",57,"GCO2E_EUR",2022,4
"EEIO_US","FR","72.19Z","PRD",33,"GCO2E_EUR",2022,4
"EEIO_US","FR","72.20Z","FD",33,"GCO2E_EUR",2022,4
"EEIO_US","FR","72.20Z","GVA",6,"GCO2E_EUR",2022,4
"EEIO_US","FR","72.20Z","IC",57,"GCO2E_EUR",2022,4
"EEIO_US","FR","72.20Z","PRD",33,"GCO2E_EUR",2022,4
"EEIO_US","FR","73.11Z","FD",27,"GCO2E_EUR",2022,3
"EEIO_US","FR","73.11Z","GVA",17,"GCO2E_EUR",2022,3
"EEIO_US","FR","73.11Z","IC",47,"GCO2E_EUR",2022,3
"EEIO_US","FR","73.11Z","PRD",26,"GCO2E_EUR",2022,3
"EEIO_US","FR","73.12Z","FD",27,"GCO2E_EUR",2022,3
"EEIO_US","FR","73.12Z","GVA",17,"GCO2E_EUR",2022,3
"EEIO_US","FR","73.12Z","IC",47,"GCO2E_EUR",2022,3
"EEIO_US","FR","73.12Z","PRD",26,"GCO2E_EUR",2022,3
"EEIO_US","FR","73.20Z","FD",20,"GCO2E_EUR",2022,3
"EEIO_US","FR","73.20Z","GVA",4,"GCO2E_EUR",2022,3
"EEIO_US","FR","73.20Z","IC",46,"GCO2E_EUR",2022,3
"EEIO_US","FR","73.20Z","PRD",19,"GCO2E_EUR",2022,3
"EEIO_US","FR","74.10Z","FD",20,"GCO2E_EUR",2022,1
"EEIO_US","FR","74.10Z","GVA",4,"GCO2E_EUR",2022,1
"EEIO_US","FR","74.10Z","IC",56,"GCO2E_EUR",2022,1
"EEIO_US","FR","74.10Z","PRD",20,"GCO2E_EUR",2022,1
"EEIO_US","FR","74.20Z","FD",23,"GCO2E_EUR",2022,1
"EEIO_US","FR","74.20Z","GVA",3,"GCO2E_EUR",2022,1
"EEIO_US","FR","74.20Z","IC",54,"GCO2E_EUR",2022,1
"EEIO_US","FR","74.20Z","PRD",23,"GCO2E_EUR",2022,1
"EEIO_US","FR","74.30Z","FD",20,"GCO2E_EUR",2022,3
"EEIO_US","FR","74.30Z","GVA",4,"GCO2E_EUR",2022,3
"EEIO_US","FR","74.30Z","IC",46,"GCO2E_EUR",2022,3
"EEIO_US","FR","74.30Z","PRD",19,"GCO2E_EUR",2022,3
"EEIO_US","FR","74.90A","FD",33,"GCO2E_EUR",2022,3
"EEIO_US","FR","74.90A","GVA",17,"GCO2E_EUR",2022,3
"EEIO_US","FR","74.90A","IC",56,"GCO2E_EUR",2022,3
"EEIO_US","FR","74.90A","PRD",31,"GCO2E_EUR",2022,3
"EEIO_US","FR","74.90B","FD",24,"GCO2E_EUR",2022,3
"EEIO_US","FR","74.90B","GVA",9,"GCO2E_EUR",2022,3
"EEIO_US","FR","74.90B","IC",47,"GCO2E_EUR",2022,3
"EEIO_US","FR","74.90B","PRD",23,"GCO2E_EUR",2022,3
"EEIO_US","FR","75.00Z","FD",28,"GCO2E_EUR",2022,1
"EEIO_US","FR","75.00Z","GVA",3,"GCO2E_EUR",2022,1
"EEIO_US","FR","75.00Z","IC",86,"GCO2E_EUR",2022,1
"EEIO_US","FR","75.00Z","PRD",28,"GCO2E_EUR",2022,1
"EEIO_US","FR","77.11A","FD",184,"GCO2E_EUR",2022,2
"EEIO_US","FR","77.11A","GVA",299,"GCO2E_EUR",2022,2
"EEIO_US","FR","77.11A","IC",39,"GCO2E_EUR",2022,2
"EEIO_US","FR","77.11A","PRD",183,"GCO2E_EUR",2022,2
"EEIO_US","FR","77.11B","FD",184,"GCO2E_EUR",2022,2
"EEIO_US","FR","77.11B","GVA",299,"GCO2E_EUR",2022,2
"EEIO_US","FR","77.11B","IC",39,"GCO2E_EUR",2022,2
"EEIO_US","FR","77.11B","PRD",183,"GCO2E_EUR",2022,2
"EEIO_US","FR","77.12Z","FD",184,"GCO2E_EUR",2022,2
"EEIO_US","FR","77.12Z","GVA",299,"GCO2E_EUR",2022,2
"EEIO_US","FR","77.12Z","IC",39,"GCO2E_EUR",2022,2
"EEIO_US","FR","77.12Z","PRD",183,"GCO2E_EUR",2022,2
"EEIO_US","FR","77.21Z","FD",91,"GCO2E_EUR",2022,3
"EEIO_US","FR","77.21Z","GVA",122,"GCO2E_EUR",2022,3
"EEIO_US","FR","77.21Z","IC",44,"GCO2E_EUR",2022,3
"EEIO_US","FR","77.21Z","PRD",91,"GCO2E_EUR",2022,3
"EEIO_US","FR","77.22Z","FD",91,"GCO2E_EUR",2022,3
"EEIO_US","FR","77.22Z","GVA",122,"GCO2E_EUR",2022,3
"EEIO_US","FR","77.22Z","IC",44,"GCO2E_EUR",2022,3
"EEIO_US","FR","77.22Z","PRD",91,"GCO2E_EUR",2022,3
"EEIO_US","FR","77.29Z","FD",91,"GCO2E_EUR",2022,3
"EEIO_US","FR","77.29Z","GVA",122,"GCO2E_EUR",2022,3
"EEIO_US","FR","77.29Z","IC",44,"GCO2E_EUR",2022,3
"EEIO_US","FR","77.29Z","PRD",91,"GCO2E_EUR",2022,3
"EEIO_US","FR","77.31Z","FD",124,"GCO2E_EUR",2022,3
"EEIO_US","FR","77.31Z","GVA",165,"GCO2E_EUR",2022,3
"EEIO_US","FR","77.31Z","IC",60,"GCO2E_EUR",2022,3
"EEIO_US","FR","77.31Z","PRD",122,"GCO2E_EUR",2022,3
"EEIO_US","FR","77.32Z","FD",124,"GCO2E_EUR",2022,3
"EEIO_US","FR","77.32Z","GVA",165,"GCO2E_EUR",2022,3
"EEIO_US","FR","77.32Z","IC",60,"GCO2E_EUR",2022,3
"EEIO_US","FR","77.32Z","PRD",122,"GCO2E_EUR",2022,3
"EEIO_US","FR","77.33Z","FD",124,"GCO2E_EUR",2022,3
"EEIO_US","FR","77.33Z","GVA",165,"GCO2E_EUR",2022,3
"EEIO_US","FR","77.33Z","IC",60,"GCO2E_EUR",2022,3
"EEIO_US","FR","77.33Z","PRD",122,"GCO2E_EUR",2022,3
"EEIO_US","FR","77.34Z","FD",124,"GCO2E_EUR",2022,3
"EEIO_US","FR","77.34Z","GVA",165,"GCO2E_EUR",2022,3
"EEIO_US","FR","77.34Z","IC",60,"GCO2E_EUR",2022,3
"EEIO_US","FR","77.34Z","PRD",122,"GCO2E_EUR",2022,3
"EEIO_US","FR","77.35Z","FD",124,"GCO2E_EUR",2022,3
"EEIO_US","FR","77.35Z","GVA",165,"GCO2E_EUR",2022,3
"EEIO_US","FR","77.35Z","IC",60,"GCO2E_EUR",2022,3
"EEIO_US","FR","77.35Z","PRD",122,"GCO2E_EUR",2022,3
"EEIO_US","FR","77.39Z","FD",124,"GCO2E_EUR",2022,3
"EEIO_US","FR","77.39Z","GVA",165,"GCO2E_EUR",2022,3
"EEIO_US","FR","77.39Z","IC",60,"GCO2E_EUR",2022,3
"EEIO_US","FR","77.39Z","PRD",122,"GCO2E_EUR",2022,3
"EEIO_US","FR","77.40Z","FD",18,"GCO2E_EUR",2022,1
"EEIO_US","FR","77.40Z","GVA",8,"GCO2E_EUR",2022,1
"EEIO_US","FR","77.40Z","IC",37,"GCO2E_EUR",2022,1
"EEIO_US","FR","77.40Z","PRD",18,"GCO2E_EUR",2022,1
"EEIO_US","FR","78.10Z","FD",24,"GCO2E_EUR",2022,4
"EEIO_US","FR","78.10Z","GVA",13,"GCO2E_EUR",2022,4
"EEIO_US","FR","78.10Z","IC",38,"GCO2E_EUR",2022,4
"EEIO_US","FR","78.10Z","PRD",22,"GCO2E_EUR",2022,4
"EEIO_US","FR","78.20Z","FD",24,"GCO2E_EUR",2022,4
"EEIO_US","FR","78.20Z","GVA",13,"GCO2E_EUR",2022,4
"EEIO_US","FR","78.20Z","IC",38,"GCO2E_EUR",2022,4
"EEIO_US","FR","78.20Z","PRD",22,"GCO2E_EUR",2022,4
"EEIO_US","FR","78.30Z","FD",24,"GCO2E_EUR",2022,4
"EEIO_US","FR","78.30Z","GVA",13,"GCO2E_EUR",2022,4
"EEIO_US","FR","78.30Z","IC",38,"GCO2E_EUR",2022,4
"EEIO_US","FR","78.30Z","PRD",22,"GCO2E_EUR",2022,4
"EEIO_US","FR","79.11Z","FD",29,"GCO2E_EUR",2022,4
"EEIO_US","FR","79.11Z","GVA",12,"GCO2E_EUR",2022,4
"EEIO_US","FR","79.11Z","IC",42,"GCO2E_EUR",2022,4
"EEIO_US","FR","79.11Z","PRD",29,"GCO2E_EUR",2022,4
"EEIO_US","FR","79.12Z","FD",29,"GCO2E_EUR",2022,4
"EEIO_US","FR","79.12Z","GVA",12,"GCO2E_EUR",2022,4
"EEIO_US","FR","79.12Z","IC",42,"GCO2E_EUR",2022,4
"EEIO_US","FR","79.12Z","PRD",29,"GCO2E_EUR",2022,4
"EEIO_US","FR","79.90Z","FD",29,"GCO2E_EUR",2022,4
"EEIO_US","FR","79.90Z","GVA",12,"GCO2E_EUR",2022,4
"EEIO_US","FR","79.90Z","IC",42,"GCO2E_EUR",2022,4
"EEIO_US","FR","79.90Z","PRD",29,"GCO2E_EUR",2022,4
"EEIO_US","FR","80.10Z","FD",24,"GCO2E_EUR",2022,3
"EEIO_US","FR","80.10Z","GVA",8,"GCO2E_EUR",2022,3
"EEIO_US","FR","80.10Z","IC",53,"GCO2E_EUR",2022,3
"EEIO_US","FR","80.10Z","PRD",23,"GCO2E_EUR",2022,3
"EEIO_US","FR","80.20Z","FD",24,"GCO2E_EUR",2022,3
"EEIO_US","FR","80.20Z","GVA",8,"GCO2E_EUR",2022,3
"EEIO_US","FR","80.20Z","IC",53,"GCO2E_EUR",2022,3
"EEIO_US","FR","80.20Z","PRD",23,"GCO2E_EUR",2022,3
"EEIO_US","FR","80.30Z","FD",24,"GCO2E_EUR",2022,3
"EEIO_US","FR","80.30Z","GVA",8,"GCO2E_EUR",2022,3
"EEIO_US","FR","80.30Z","IC",53,"GCO2E_EUR",2022,3
"EEIO_US","FR","80.30Z","PRD",23,"GCO2E_EUR",2022,3
"EEIO_US","FR","81.10Z","FD",91,"GCO2E_EUR",2022,1
"EEIO_US","FR","81.10Z","GVA",26,"GCO2E_EUR",2022,1
"EEIO_US","FR","81.10Z","IC",145,"GCO2E_EUR",2022,1
"EEIO_US","FR","81.10Z","PRD",91,"GCO2E_EUR",2022,1
"EEIO_US","FR","81.21Z","FD",69,"GCO2E_EUR",2022,3
"EEIO_US","FR","81.21Z","GVA",50,"GCO2E_EUR",2022,3
"EEIO_US","FR","81.21Z","IC",88,"GCO2E_EUR",2022,3
"EEIO_US","FR","81.21Z","PRD",68,"GCO2E_EUR",2022,3
"EEIO_US","FR","81.22Z","FD",69,"GCO2E_EUR",2022,3
"EEIO_US","FR","81.22Z","GVA",50,"GCO2E_EUR",2022,3
"EEIO_US","FR","81.22Z","IC",88,"GCO2E_EUR",2022,3
"EEIO_US","FR","81.22Z","PRD",68,"GCO2E_EUR",2022,3
"EEIO_US","FR","81.29A","FD",69,"GCO2E_EUR",2022,3
"EEIO_US","FR","81.29A","GVA",50,"GCO2E_EUR",2022,3
"EEIO_US","FR","81.29A","IC",88,"GCO2E_EUR",2022,3
"EEIO_US","FR","81.29A","PRD",68,"GCO2E_EUR",2022,3
"EEIO_US","FR","81.29B","FD",69,"GCO2E_EUR",2022,3
"EEIO_US","FR","81.29B","GVA",50,"GCO2E_EUR",2022,3
"EEIO_US","FR","81.29B","IC",88,"GCO2E_EUR",2022,3
"EEIO_US","FR","81.29B","PRD",68,"GCO2E_EUR",2022,3
"EEIO_US","FR","81.30Z","FD",69,"GCO2E_EUR",2022,3
"EEIO_US","FR","81.30Z","GVA",50,"GCO2E_EUR",2022,3
"EEIO_US","FR","81.30Z","IC",88,"GCO2E_EUR",2022,3
"EEIO_US","FR","81.30Z","PRD",68,"GCO2E_EUR",2022,3
"EEIO_US","FR","82.11Z","FD",23,"GCO2E_EUR",2022,1
"EEIO_US","FR","82.11Z","GVA",4,"GCO2E_EUR",2022,1
"EEIO_US","FR","82.11Z","IC",55,"GCO2E_EUR",2022,1
"EEIO_US","FR","82.11Z","PRD",23,"GCO2E_EUR",2022,1
"EEIO_US","FR","82.19Z","FD",26,"GCO2E_EUR",2022,3
"EEIO_US","FR","82.19Z","GVA",5,"GCO2E_EUR",2022,3
"EEIO_US","FR","82.19Z","IC",50,"GCO2E_EUR",2022,3
"EEIO_US","FR","82.19Z","PRD",26,"GCO2E_EUR",2022,3
"EEIO_US","FR","82.20Z","FD",26,"GCO2E_EUR",2022,3
"EEIO_US","FR","82.20Z","GVA",5,"GCO2E_EUR",2022,3
"EEIO_US","FR","82.20Z","IC",50,"GCO2E_EUR",2022,3
"EEIO_US","FR","82.20Z","PRD",26,"GCO2E_EUR",2022,3
"EEIO_US","FR","82.30Z","FD",34,"GCO2E_EUR",2022,3
"EEIO_US","FR","82.30Z","GVA",18,"GCO2E_EUR",2022,3
"EEIO_US","FR","82.30Z","IC",53,"GCO2E_EUR",2022,3
"EEIO_US","FR","82.30Z","PRD",34,"GCO2E_EUR",2022,3
"EEIO_US","FR","82.91Z","FD",26,"GCO2E_EUR",2022,3
"EEIO_US","FR","82.91Z","GVA",5,"GCO2E_EUR",2022,3
"EEIO_US","FR","82.91Z","IC",50,"GCO2E_EUR",2022,3
"EEIO_US","FR","82.91Z","PRD",26,"GCO2E_EUR",2022,3
"EEIO_US","FR","82.92Z","FD",34,"GCO2E_EUR",2022,3
"EEIO_US","FR","82.92Z","GVA",18,"GCO2E_EUR",2022,3
"EEIO_US","FR","82.92Z","IC",53,"GCO2E_EUR",2022,3
"EEIO_US","FR","82.92Z","PRD",34,"GCO2E_EUR",2022,3
"EEIO_US","FR","82.99Z","FD",34,"GCO2E_EUR",2022,3
"EEIO_US","FR","82.99Z","GVA",18,"GCO2E_EUR",2022,3
"EEIO_US","FR","82.99Z","IC",53,"GCO2E_EUR",2022,3
"EEIO_US","FR","82.99Z","PRD",34,"GCO2E_EUR",2022,3
"EEIO_US","FR","85.10Z","FD",82,"GCO2E_EUR",2022,3
"EEIO_US","FR","85.10Z","GVA",84,"GCO2E_EUR",2022,3
"EEIO_US","FR","85.10Z","IC",77,"GCO2E_EUR",2022,3
"EEIO_US","FR","85.10Z","PRD",82,"GCO2E_EUR",2022,3
"EEIO_US","FR","85.20Z","FD",82,"GCO2E_EUR",2022,3
"EEIO_US","FR","85.20Z","GVA",84,"GCO2E_EUR",2022,3
"EEIO_US","FR","85.20Z","IC",77,"GCO2E_EUR",2022,3
"EEIO_US","FR","85.20Z","PRD",82,"GCO2E_EUR",2022,3
"EEIO_US","FR","85.31Z","FD",82,"GCO2E_EUR",2022,3
"EEIO_US","FR","85.31Z","GVA",84,"GCO2E_EUR",2022,3
"EEIO_US","FR","85.31Z","IC",77,"GCO2E_EUR",2022,3
"EEIO_US","FR","85.31Z","PRD",82,"GCO2E_EUR",2022,3
"EEIO_US","FR","85.32Z","FD",82,"GCO2E_EUR",2022,3
"EEIO_US","FR","85.32Z","GVA",84,"GCO2E_EUR",2022,3
"EEIO_US","FR","85.32Z","IC",77,"GCO2E_EUR",2022,3
"EEIO_US","FR","85.32Z","PRD",82,"GCO2E_EUR",2022,3
"EEIO_US","FR","85.41Z","FD",21,"GCO2E_EUR",2022,3
"EEIO_US","FR","85.41Z","GVA",18,"GCO2E_EUR",2022,3
"EEIO_US","FR","85.41Z","IC",24,"GCO2E_EUR",2022,3
"EEIO_US","FR","85.41Z","PRD",21,"GCO2E_EUR",2022,3
"EEIO_US","FR","85.42Z","FD",44,"GCO2E_EUR",2022,1
"EEIO_US","FR","85.42Z","GVA",32,"GCO2E_EUR",2022,1
"EEIO_US","FR","85.42Z","IC",74,"GCO2E_EUR",2022,1
"EEIO_US","FR","85.42Z","PRD",44,"GCO2E_EUR",2022,1
"EEIO_US","FR","85.51Z","FD",21,"GCO2E_EUR",2022,3
"EEIO_US","FR","85.51Z","GVA",18,"GCO2E_EUR",2022,3
"EEIO_US","FR","85.51Z","IC",24,"GCO2E_EUR",2022,3
"EEIO_US","FR","85.51Z","PRD",21,"GCO2E_EUR",2022,3
"EEIO_US","FR","85.52Z","FD",21,"GCO2E_EUR",2022,3
"EEIO_US","FR","85.52Z","GVA",18,"GCO2E_EUR",2022,3
"EEIO_US","FR","85.52Z","IC",24,"GCO2E_EUR",2022,3
"EEIO_US","FR","85.52Z","PRD",21,"GCO2E_EUR",2022,3
"EEIO_US","FR","85.53Z","FD",21,"GCO2E_EUR",2022,3
"EEIO_US","FR","85.53Z","GVA",18,"GCO2E_EUR",2022,3
"EEIO_US","FR","85.53Z","IC",24,"GCO2E_EUR",2022,3
"EEIO_US","FR","85.53Z","PRD",21,"GCO2E_EUR",2022,3
"EEIO_US","FR","85.59A","FD",21,"GCO2E_EUR",2022,3
"EEIO_US","FR","85.59A","GVA",18,"GCO2E_EUR",2022,3
"EEIO_US","FR","85.59A","IC",24,"GCO2E_EUR",2022,3
"EEIO_US","FR","85.59A","PRD",21,"GCO2E_EUR",2022,3
"EEIO_US","FR","85.59B","FD",21,"GCO2E_EUR",2022,3
"EEIO_US","FR","85.59B","GVA",18,"GCO2E_EUR",2022,3
"EEIO_US","FR","85.59B","IC",24,"GCO2E_EUR",2022,3
"EEIO_US","FR","85.59B","PRD",21,"GCO2E_EUR",2022,3
"EEIO_US","FR","85.60Z","FD",21,"GCO2E_EUR",2022,3
"EEIO_US","FR","85.60Z","GVA",18,"GCO2E_EUR",2022,3
"EEIO_US","FR","85.60Z","IC",24,"GCO2E_EUR",2022,3
"EEIO_US","FR","85.60Z","PRD",21,"GCO2E_EUR",2022,3
"EEIO_US","FR","86.10Z","FD",33,"GCO2E_EUR",2022,1
"EEIO_US","FR","86.10Z","GVA",30,"GCO2E_EUR",2022,1
"EEIO_US","FR","86.10Z","IC",36,"GCO2E_EUR",2022,1
"EEIO_US","FR","86.10Z","PRD",33,"GCO2E_EUR",2022,1
"EEIO_US","FR","86.21Z","FD",23,"GCO2E_EUR",2022,2
"EEIO_US","FR","86.21Z","GVA",14,"GCO2E_EUR",2022,2
"EEIO_US","FR","86.21Z","IC",38,"GCO2E_EUR",2022,2
"EEIO_US","FR","86.21Z","PRD",23,"GCO2E_EUR",2022,2
"EEIO_US","FR","86.22A","FD",21,"GCO2E_EUR",2022,2
"EEIO_US","FR","86.22A","GVA",10,"GCO2E_EUR",2022,2
"EEIO_US","FR","86.22A","IC",46,"GCO2E_EUR",2022,2
"EEIO_US","FR","86.22A","PRD",21,"GCO2E_EUR",2022,2
"EEIO_US","FR","86.22B","FD",23,"GCO2E_EUR",2022,2
"EEIO_US","FR","86.22B","GVA",14,"GCO2E_EUR",2022,2
"EEIO_US","FR","86.22B","IC",38,"GCO2E_EUR",2022,2
"EEIO_US","FR","86.22B","PRD",23,"GCO2E_EUR",2022,2
"EEIO_US","FR","86.22C","FD",23,"GCO2E_EUR",2022,2
"EEIO_US","FR","86.22C","GVA",14,"GCO2E_EUR",2022,2
"EEIO_US","FR","86.22C","IC",38,"GCO2E_EUR",2022,2
"EEIO_US","FR","86.22C","PRD",23,"GCO2E_EUR",2022,2
"EEIO_US","FR","86.23Z","FD",10,"GCO2E_EUR",2022,1
"EEIO_US","FR","86.23Z","GVA",5,"GCO2E_EUR",2022,1
"EEIO_US","FR","86.23Z","IC",26,"GCO2E_EUR",2022,1
"EEIO_US","FR","86.23Z","PRD",10,"GCO2E_EUR",2022,1
"EEIO_US","FR","86.90A","FD",62,"GCO2E_EUR",2022,3
"EEIO_US","FR","86.90A","GVA",62,"GCO2E_EUR",2022,3
"EEIO_US","FR","86.90A","IC",63,"GCO2E_EUR",2022,3
"EEIO_US","FR","86.90A","PRD",62,"GCO2E_EUR",2022,3
"EEIO_US","FR","86.90B","FD",19,"GCO2E_EUR",2022,1
"EEIO_US","FR","86.90B","GVA",6,"GCO2E_EUR",2022,1
"EEIO_US","FR","86.90B","IC",54,"GCO2E_EUR",2022,1
"EEIO_US","FR","86.90B","PRD",19,"GCO2E_EUR",2022,1
"EEIO_US","FR","86.90C","FD",62,"GCO2E_EUR",2022,3
"EEIO_US","FR","86.90C","GVA",62,"GCO2E_EUR",2022,3
"EEIO_US","FR","86.90C","IC",63,"GCO2E_EUR",2022,3
"EEIO_US","FR","86.90C","PRD",62,"GCO2E_EUR",2022,3
"EEIO_US","FR","86.90D","FD",19,"GCO2E_EUR",2022,3
"EEIO_US","FR","86.90D","GVA",16,"GCO2E_EUR",2022,3
"EEIO_US","FR","86.90D","IC",29,"GCO2E_EUR",2022,3
"EEIO_US","FR","86.90D","PRD",19,"GCO2E_EUR",2022,3
"EEIO_US","FR","86.90E","FD",28,"GCO2E_EUR",2022,3
"EEIO_US","FR","86.90E","GVA",17,"GCO2E_EUR",2022,3
"EEIO_US","FR","86.90E","IC",58,"GCO2E_EUR",2022,3
"EEIO_US","FR","86.90E","PRD",28,"GCO2E_EUR",2022,3
"EEIO_US","FR","86.90F","FD",22,"GCO2E_EUR",2022,3
"EEIO_US","FR","86.90F","GVA",15,"GCO2E_EUR",2022,3
"EEIO_US","FR","86.90F","IC",39,"GCO2E_EUR",2022,3
"EEIO_US","FR","86.90F","PRD",22,"GCO2E_EUR",2022,3
"EEIO_US","FR","87.10A","FD",59,"GCO2E_EUR",2022,3
"EEIO_US","FR","87.10A","GVA",68,"GCO2E_EUR",2022,3
"EEIO_US","FR","87.10A","IC",45,"GCO2E_EUR",2022,3
"EEIO_US","FR","87.10A","PRD",59,"GCO2E_EUR",2022,3
"EEIO_US","FR","87.10B","FD",60,"GCO2E_EUR",2022,3
"EEIO_US","FR","87.10B","GVA",65,"GCO2E_EUR",2022,3
"EEIO_US","FR","87.10B","IC",50,"GCO2E_EUR",2022,3
"EEIO_US","FR","87.10B","PRD",60,"GCO2E_EUR",2022,3
"EEIO_US","FR","87.10C","FD",60,"GCO2E_EUR",2022,3
"EEIO_US","FR","87.10C","GVA",65,"GCO2E_EUR",2022,3
"EEIO_US","FR","87.10C","IC",50,"GCO2E_EUR",2022,3
"EEIO_US","FR","87.10C","PRD",60,"GCO2E_EUR",2022,3
"EEIO_US","FR","87.20A","FD",60,"GCO2E_EUR",2022,3
"EEIO_US","FR","87.20A","GVA",65,"GCO2E_EUR",2022,3
"EEIO_US","FR","87.20A","IC",50,"GCO2E_EUR",2022,3
"EEIO_US","FR","87.20A","PRD",60,"GCO2E_EUR",2022,3
"EEIO_US","FR","87.20B","FD",60,"GCO2E_EUR",2022,3
"EEIO_US","FR","87.20B","GVA",65,"GCO2E_EUR",2022,3
"EEIO_US","FR","87.20B","IC",50,"GCO2E_EUR",2022,3
"EEIO_US","FR","87.20B","PRD",60,"GCO2E_EUR",2022,3
"EEIO_US","FR","87.30A","FD",59,"GCO2E_EUR",2022,3
"EEIO_US","FR","87.30A","GVA",68,"GCO2E_EUR",2022,3
"EEIO_US","FR","87.30A","IC",45,"GCO2E_EUR",2022,3
"EEIO_US","FR","87.30A","PRD",59,"GCO2E_EUR",2022,3
"EEIO_US","FR","87.30B","FD",60,"GCO2E_EUR",2022,3
"EEIO_US","FR","87.30B","GVA",65,"GCO2E_EUR",2022,3
"EEIO_US","FR","87.30B","IC",50,"GCO2E_EUR",2022,3
"EEIO_US","FR","87.30B","PRD",60,"GCO2E_EUR",2022,3
"EEIO_US","FR","87.90A","FD",48,"GCO2E_EUR",2022,3
"EEIO_US","FR","87.90A","GVA",45,"GCO2E_EUR",2022,3
"EEIO_US","FR","87.90A","IC",54,"GCO2E_EUR",2022,3
"EEIO_US","FR","87.90A","PRD",48,"GCO2E_EUR",2022,3
"EEIO_US","FR","87.90B","FD",61,"GCO2E_EUR",2022,3
"EEIO_US","FR","87.90B","GVA",63,"GCO2E_EUR",2022,3
"EEIO_US","FR","87.90B","IC",57,"GCO2E_EUR",2022,3
"EEIO_US","FR","87.90B","PRD",61,"GCO2E_EUR",2022,3
"EEIO_US","FR","88.10A","FD",37,"GCO2E_EUR",2022,3
"EEIO_US","FR","88.10A","GVA",25,"GCO2E_EUR",2022,3
"EEIO_US","FR","88.10A","IC",58,"GCO2E_EUR",2022,3
"EEIO_US","FR","88.10A","PRD",37,"GCO2E_EUR",2022,3
"EEIO_US","FR","88.10B","FD",37,"GCO2E_EUR",2022,3
"EEIO_US","FR","88.10B","GVA",25,"GCO2E_EUR",2022,3
"EEIO_US","FR","88.10B","IC",58,"GCO2E_EUR",2022,3
"EEIO_US","FR","88.10B","PRD",37,"GCO2E_EUR",2022,3
"EEIO_US","FR","88.10C","FD",63,"GCO2E_EUR",2022,3
"EEIO_US","FR","88.10C","GVA",62,"GCO2E_EUR",2022,3
"EEIO_US","FR","88.10C","IC",64,"GCO2E_EUR",2022,3
"EEIO_US","FR","88.10C","PRD",63,"GCO2E_EUR",2022,3
"EEIO_US","FR","88.91A","FD",94,"GCO2E_EUR",2022,1
"EEIO_US","FR","88.91A","GVA",108,"GCO2E_EUR",2022,1
"EEIO_US","FR","88.91A","IC",76,"GCO2E_EUR",2022,1
"EEIO_US","FR","88.91A","PRD",94,"GCO2E_EUR",2022,1
"EEIO_US","FR","88.91B","FD",37,"GCO2E_EUR",2022,3
"EEIO_US","FR","88.91B","GVA",25,"GCO2E_EUR",2022,3
"EEIO_US","FR","88.91B","IC",58,"GCO2E_EUR",2022,3
"EEIO_US","FR","88.91B","PRD",37,"GCO2E_EUR",2022,3
"EEIO_US","FR","88.99A","FD",37,"GCO2E_EUR",2022,3
"EEIO_US","FR","88.99A","GVA",25,"GCO2E_EUR",2022,3
"EEIO_US","FR","88.99A","IC",58,"GCO2E_EUR",2022,3
"EEIO_US","FR","88.99A","PRD",37,"GCO2E_EUR",2022,3
"EEIO_US","FR","88.99B","FD",37,"GCO2E_EUR",2022,3
"EEIO_US","FR","88.99B","GVA",25,"GCO2E_EUR",2022,3
"EEIO_US","FR","88.99B","IC",58,"GCO2E_EUR",2022,3
"EEIO_US","FR","88.99B","PRD",37,"GCO2E_EUR",2022,3
"EEIO_US","FR","90.01Z","FD",16,"GCO2E_EUR",2022,1
"EEIO_US","FR","90.01Z","GVA",6,"GCO2E_EUR",2022,1
"EEIO_US","FR","90.01Z","IC",29,"GCO2E_EUR",2022,1
"EEIO_US","FR","90.01Z","PRD",16,"GCO2E_EUR",2022,1
"EEIO_US","FR","90.02Z","FD",18,"GCO2E_EUR",2022,3
"EEIO_US","FR","90.02Z","GVA",8,"GCO2E_EUR",2022,3
"EEIO_US","FR","90.02Z","IC",27,"GCO2E_EUR",2022,3
"EEIO_US","FR","90.02Z","PRD",17,"GCO2E_EUR",2022,3
"EEIO_US","FR","90.03A","FD",6,"GCO2E_EUR",2022,2
"EEIO_US","FR","90.03A","GVA",0,"GCO2E_EUR",2022,2
"EEIO_US","FR","90.03A","IC",20,"GCO2E_EUR",2022,2
"EEIO_US","FR","90.03A","PRD",6,"GCO2E_EUR",2022,2
"EEIO_US","FR","90.03B","FD",6,"GCO2E_EUR",2022,2
"EEIO_US","FR","90.03B","GVA",0,"GCO2E_EUR",2022,2
"EEIO_US","FR","90.03B","IC",20,"GCO2E_EUR",2022,2
"EEIO_US","FR","90.03B","PRD",6,"GCO2E_EUR",2022,2
"EEIO_US","FR","90.04Z","FD",18,"GCO2E_EUR",2022,3
"EEIO_US","FR","90.04Z","GVA",8,"GCO2E_EUR",2022,3
"EEIO_US","FR","90.04Z","IC",27,"GCO2E_EUR",2022,3
"EEIO_US","FR","90.04Z","PRD",17,"GCO2E_EUR",2022,3
"EEIO_US","FR","91.01Z","FD",12,"GCO2E_EUR",2022,3
"EEIO_US","FR","91.01Z","GVA",11,"GCO2E_EUR",2022,3
"EEIO_US","FR","91.01Z","IC",31,"GCO2E_EUR",2022,3
"EEIO_US","FR","91.01Z","PRD",12,"GCO2E_EUR",2022,3
"EEIO_US","FR","91.02Z","FD",28,"GCO2E_EUR",2022,3
"EEIO_US","FR","91.02Z","GVA",22,"GCO2E_EUR",2022,3
"EEIO_US","FR","91.02Z","IC",35,"GCO2E_EUR",2022,3
"EEIO_US","FR","91.02Z","PRD",28,"GCO2E_EUR",2022,3
"EEIO_US","FR","91.03Z","FD",28,"GCO2E_EUR",2022,3
"EEIO_US","FR","91.03Z","GVA",22,"GCO2E_EUR",2022,3
"EEIO_US","FR","91.03Z","IC",35,"GCO2E_EUR",2022,3
"EEIO_US","FR","91.03Z","PRD",28,"GCO2E_EUR",2022,3
"EEIO_US","FR","91.04Z","FD",28,"GCO2E_EUR",2022,3
"EEIO_US","FR","91.04Z","GVA",22,"GCO2E_EUR",2022,3
"EEIO_US","FR","91.04Z","IC",35,"GCO2E_EUR",2022,3
"EEIO_US","FR","91.04Z","PRD",28,"GCO2E_EUR",2022,3
"EEIO_US","FR","92.00Z","FD",53,"GCO2E_EUR",2022,1
"EEIO_US","FR","92.00Z","GVA",50,"GCO2E_EUR",2022,1
"EEIO_US","FR","92.00Z","IC",58,"GCO2E_EUR",2022,1
"EEIO_US","FR","92.00Z","PRD",53,"GCO2E_EUR",2022,1
"EEIO_US","FR","93.11Z","FD",18,"GCO2E_EUR",2022,3
"EEIO_US","FR","93.11Z","GVA",8,"GCO2E_EUR",2022,3
"EEIO_US","FR","93.11Z","IC",27,"GCO2E_EUR",2022,3
"EEIO_US","FR","93.11Z","PRD",17,"GCO2E_EUR",2022,3
"EEIO_US","FR","93.12Z","FD",14,"GCO2E_EUR",2022,3
"EEIO_US","FR","93.12Z","GVA",9,"GCO2E_EUR",2022,3
"EEIO_US","FR","93.12Z","IC",26,"GCO2E_EUR",2022,3
"EEIO_US","FR","93.12Z","PRD",13,"GCO2E_EUR",2022,3
"EEIO_US","FR","93.13Z","FD",111,"GCO2E_EUR",2022,3
"EEIO_US","FR","93.13Z","GVA",139,"GCO2E_EUR",2022,3
"EEIO_US","FR","93.13Z","IC",77,"GCO2E_EUR",2022,3
"EEIO_US","FR","93.13Z","PRD",111,"GCO2E_EUR",2022,3
"EEIO_US","FR","93.19Z","FD",16,"GCO2E_EUR",2022,3
"EEIO_US","FR","93.19Z","GVA",8,"GCO2E_EUR",2022,3
"EEIO_US","FR","93.19Z","IC",27,"GCO2E_EUR",2022,3
"EEIO_US","FR","93.19Z","PRD",15,"GCO2E_EUR",2022,3
"EEIO_US","FR","93.21Z","FD",39,"GCO2E_EUR",2022,1
"EEIO_US","FR","93.21Z","GVA",20,"GCO2E_EUR",2022,1
"EEIO_US","FR","93.21Z","IC",79,"GCO2E_EUR",2022,1
"EEIO_US","FR","93.21Z","PRD",39,"GCO2E_EUR",2022,1
"EEIO_US","FR","93.29Z","FD",75,"GCO2E_EUR",2022,3
"EEIO_US","FR","93.29Z","GVA",79,"GCO2E_EUR",2022,3
"EEIO_US","FR","93.29Z","IC",78,"GCO2E_EUR",2022,3
"EEIO_US","FR","93.29Z","PRD",75,"GCO2E_EUR",2022,3
"EEIO_US","FR","94.11Z","FD",31,"GCO2E_EUR",2022,2
"EEIO_US","FR","94.11Z","GVA",25,"GCO2E_EUR",2022,2
"EEIO_US","FR","94.11Z","IC",41,"GCO2E_EUR",2022,2
"EEIO_US","FR","94.11Z","PRD",31,"GCO2E_EUR",2022,2
"EEIO_US","FR","94.12Z","FD",31,"GCO2E_EUR",2022,2
"EEIO_US","FR","94.12Z","GVA",25,"GCO2E_EUR",2022,2
"EEIO_US","FR","94.12Z","IC",41,"GCO2E_EUR",2022,2
"EEIO_US","FR","94.12Z","PRD",31,"GCO2E_EUR",2022,2
"EEIO_US","FR","94.20Z","FD",31,"GCO2E_EUR",2022,2
"EEIO_US","FR","94.20Z","GVA",25,"GCO2E_EUR",2022,2
"EEIO_US","FR","94.20Z","IC",41,"GCO2E_EUR",2022,2
"EEIO_US","FR","94.20Z","PRD",31,"GCO2E_EUR",2022,2
"EEIO_US","FR","94.91Z","FD",15,"GCO2E_EUR",2022,1
"EEIO_US","FR","94.91Z","GVA",12,"GCO2E_EUR",2022,1
"EEIO_US","FR","94.91Z","IC",20,"GCO2E_EUR",2022,1
"EEIO_US","FR","94.91Z","PRD",15,"GCO2E_EUR",2022,1
"EEIO_US","FR","94.92Z","FD",20,"GCO2E_EUR",2022,2
"EEIO_US","FR","94.92Z","GVA",14,"GCO2E_EUR",2022,2
"EEIO_US","FR","94.92Z","IC",32,"GCO2E_EUR",2022,2
"EEIO_US","FR","94.92Z","PRD",20,"GCO2E_EUR",2022,2
"EEIO_US","FR","94.99Z","FD",20,"GCO2E_EUR",2022,3
"EEIO_US","FR","94.99Z","GVA",14,"GCO2E_EUR",2022,3
"EEIO_US","FR","94.99Z","IC",32,"GCO2E_EUR",2022,3
"EEIO_US","FR","94.99Z","PRD",20,"GCO2E_EUR",2022,3
"EEIO_US","FR","95.11Z","FD",17,"GCO2E_EUR",2022,2
"EEIO_US","FR","95.11Z","GVA",11,"GCO2E_EUR",2022,2
"EEIO_US","FR","95.11Z","IC",27,"GCO2E_EUR",2022,2
"EEIO_US","FR","95.11Z","PRD",16,"GCO2E_EUR",2022,2
"EEIO_US","FR","95.12Z","FD",17,"GCO2E_EUR",2022,2
"EEIO_US","FR","95.12Z","GVA",11,"GCO2E_EUR",2022,2
"EEIO_US","FR","95.12Z","IC",27,"GCO2E_EUR",2022,2
"EEIO_US","FR","95.12Z","PRD",16,"GCO2E_EUR",2022,2
"EEIO_US","FR","95.21Z","FD",17,"GCO2E_EUR",2022,2
"EEIO_US","FR","95.21Z","GVA",11,"GCO2E_EUR",2022,2
"EEIO_US","FR","95.21Z","IC",27,"GCO2E_EUR",2022,2
"EEIO_US","FR","95.21Z","PRD",16,"GCO2E_EUR",2022,2
"EEIO_US","FR","95.22Z","FD",45,"GCO2E_EUR",2022,3
"EEIO_US","FR","95.22Z","GVA",46,"GCO2E_EUR",2022,3
"EEIO_US","FR","95.22Z","IC",43,"GCO2E_EUR",2022,3
"EEIO_US","FR","95.22Z","PRD",45,"GCO2E_EUR",2022,3
"EEIO_US","FR","95.23Z","FD",45,"GCO2E_EUR",2022,3
"EEIO_US","FR","95.23Z","GVA",46,"GCO2E_EUR",2022,3
"EEIO_US","FR","95.23Z","IC",43,"GCO2E_EUR",2022,3
"EEIO_US","FR","95.23Z","PRD",45,"GCO2E_EUR",2022,3
"EEIO_US","FR","95.24Z","FD",45,"GCO2E_EUR",2022,3
"EEIO_US","FR","95.24Z","GVA",46,"GCO2E_EUR",2022,3
"EEIO_US","FR","95.24Z","IC",43,"GCO2E_EUR",2022,3
"EEIO_US","FR","95.24Z","PRD",45,"GCO2E_EUR",2022,3
"EEIO_US","FR","95.25Z","FD",45,"GCO2E_EUR",2022,3
"EEIO_US","FR","95.25Z","GVA",46,"GCO2E_EUR",2022,3
"EEIO_US","FR","95.25Z","IC",43,"GCO2E_EUR",2022,3
"EEIO_US","FR","95.25Z","PRD",45,"GCO2E_EUR",2022,3
"EEIO_US","FR","95.29Z","FD",45,"GCO2E_EUR",2022,3
"EEIO_US","FR","95.29Z","GVA",46,"GCO2E_EUR",2022,3
"EEIO_US","FR","95.29Z","IC",43,"GCO2E_EUR",2022,3
"EEIO_US","FR","95.29Z","PRD",45,"GCO2E_EUR",2022,3
"EEIO_US","FR","96.01A","FD",107,"GCO2E_EUR",2022,2
"EEIO_US","FR","96.01A","GVA",143,"GCO2E_EUR",2022,2
"EEIO_US","FR","96.01A","IC",33,"GCO2E_EUR",2022,2
"EEIO_US","FR","96.01A","PRD",106,"GCO2E_EUR",2022,2
"EEIO_US","FR","96.01B","FD",107,"GCO2E_EUR",2022,2
"EEIO_US","FR","96.01B","GVA",143,"GCO2E_EUR",2022,2
"EEIO_US","FR","96.01B","IC",33,"GCO2E_EUR",2022,2
"EEIO_US","FR","96.01B","PRD",106,"GCO2E_EUR",2022,2
"EEIO_US","FR","96.02A","FD",39,"GCO2E_EUR",2022,3
"EEIO_US","FR","96.02A","GVA",33,"GCO2E_EUR",2022,3
"EEIO_US","FR","96.02A","IC",46,"GCO2E_EUR",2022,3
"EEIO_US","FR","96.02A","PRD",39,"GCO2E_EUR",2022,3
"EEIO_US","FR","96.02B","FD",39,"GCO2E_EUR",2022,3
"EEIO_US","FR","96.02B","GVA",33,"GCO2E_EUR",2022,3
"EEIO_US","FR","96.02B","IC",46,"GCO2E_EUR",2022,3
"EEIO_US","FR","96.02B","PRD",39,"GCO2E_EUR",2022,3
"EEIO_US","FR","96.03Z","FD",11,"GCO2E_EUR",2022,1
"EEIO_US","FR","96.03Z","GVA",6,"GCO2E_EUR",2022,1
"EEIO_US","FR","96.03Z","IC",28,"GCO2E_EUR",2022,1
"EEIO_US","FR","96.03Z","PRD",11,"GCO2E_EUR",2022,1
"EEIO_US","FR","96.04Z","FD",39,"GCO2E_EUR",2022,3
"EEIO_US","FR","96.04Z","GVA",33,"GCO2E_EUR",2022,3
"EEIO_US","FR","96.04Z","IC",46,"GCO2E_EUR",2022,3
"EEIO_US","FR","96.04Z","PRD",39,"GCO2E_EUR",2022,3
"EEIO_US","FR","96.09Z","FD",39,"GCO2E_EUR",2022,3
"EEIO_US","FR","96.09Z","GVA",59,"GCO2E_EUR",2022,3
"EEIO_US","FR","96.09Z","IC",15,"GCO2E_EUR",2022,3
"EEIO_US","FR","96.09Z","PRD",39,"GCO2E_EUR",2022,3
"EEIO_US","FR","97.00Z","FD",0,"GCO2E_EUR",2022,1
"EEIO_US","FR","97.00Z","GVA",0,"GCO2E_EUR",2022,1
"EEIO_US","FR","97.00Z","IC",NA,"GCO2E_EUR",2022,1
"EEIO_US","FR","97.00Z","PRD",0,"GCO2E_EUR",2022,1
