"eeio_model","country","code_ape_a732","aggregate","fpt","unit","year","accuracy_mapping_a732"
"EEIO_CANADA","FR","01.11Z","FD",859,"GCO2E_EUR",2022,3
"EEIO_CANADA","FR","01.11Z","GVA",1132,"GCO2E_EUR",2022,3
"EEIO_CANADA","FR","01.11Z","IC",108,"GCO2E_EUR",2022,3
"EEIO_CANADA","FR","01.11Z","PRD",819,"GCO2E_EUR",2022,3
"EEIO_CANADA","FR","01.12Z","FD",859,"GCO2E_EUR",2022,3
"EEIO_CANADA","FR","01.12Z","GVA",1132,"GCO2E_EUR",2022,3
"EEIO_CANADA","FR","01.12Z","IC",108,"GCO2E_EUR",2022,3
"EEIO_CANADA","FR","01.12Z","PRD",819,"GCO2E_EUR",2022,3
"EEIO_CANADA","FR","01.13Z","FD",859,"GCO2E_EUR",2022,3
"EEIO_CANADA","FR","01.13Z","GVA",1132,"GCO2E_EUR",2022,3
"EEIO_CANADA","FR","01.13Z","IC",108,"GCO2E_EUR",2022,3
"EEIO_CANADA","FR","01.13Z","PRD",819,"GCO2E_EUR",2022,3
"EEIO_CANADA","FR","01.14Z","FD",859,"GCO2E_EUR",2022,3
"EEIO_CANADA","FR","01.14Z","GVA",1132,"GCO2E_EUR",2022,3
"EEIO_CANADA","FR","01.14Z","IC",108,"GCO2E_EUR",2022,3
"EEIO_CANADA","FR","01.14Z","PRD",819,"GCO2E_EUR",2022,3
"EEIO_CANADA","FR","01.15Z","FD",859,"GCO2E_EUR",2022,3
"EEIO_CANADA","FR","01.15Z","GVA",1132,"GCO2E_EUR",2022,3
"EEIO_CANADA","FR","01.15Z","IC",108,"GCO2E_EUR",2022,3
"EEIO_CANADA","FR","01.15Z","PRD",819,"GCO2E_EUR",2022,3
"EEIO_CANADA","FR","01.16Z","FD",859,"GCO2E_EUR",2022,3
"EEIO_CANADA","FR","01.16Z","GVA",1132,"GCO2E_EUR",2022,3
"EEIO_CANADA","FR","01.16Z","IC",108,"GCO2E_EUR",2022,3
"EEIO_CANADA","FR","01.16Z","PRD",819,"GCO2E_EUR",2022,3
"EEIO_CANADA","FR","01.19Z","FD",859,"GCO2E_EUR",2022,3
"EEIO_CANADA","FR","01.19Z","GVA",1132,"GCO2E_EUR",2022,3
"EEIO_CANADA","FR","01.19Z","IC",108,"GCO2E_EUR",2022,3
"EEIO_CANADA","FR","01.19Z","PRD",819,"GCO2E_EUR",2022,3
"EEIO_CANADA","FR","01.21Z","FD",859,"GCO2E_EUR",2022,3
"EEIO_CANADA","FR","01.21Z","GVA",1132,"GCO2E_EUR",2022,3
"EEIO_CANADA","FR","01.21Z","IC",108,"GCO2E_EUR",2022,3
"EEIO_CANADA","FR","01.21Z","PRD",819,"GCO2E_EUR",2022,3
"EEIO_CANADA","FR","01.22Z","FD",859,"GCO2E_EUR",2022,3
"EEIO_CANADA","FR","01.22Z","GVA",1132,"GCO2E_EUR",2022,3
"EEIO_CANADA","FR","01.22Z","IC",108,"GCO2E_EUR",2022,3
"EEIO_CANADA","FR","01.22Z","PRD",819,"GCO2E_EUR",2022,3
"EEIO_CANADA","FR","01.23Z","FD",859,"GCO2E_EUR",2022,3
"EEIO_CANADA","FR","01.23Z","GVA",1132,"GCO2E_EUR",2022,3
"EEIO_CANADA","FR","01.23Z","IC",108,"GCO2E_EUR",2022,3
"EEIO_CANADA","FR","01.23Z","PRD",819,"GCO2E_EUR",2022,3
"EEIO_CANADA","FR","01.24Z","FD",859,"GCO2E_EUR",2022,3
"EEIO_CANADA","FR","01.24Z","GVA",1132,"GCO2E_EUR",2022,3
"EEIO_CANADA","FR","01.24Z","IC",108,"GCO2E_EUR",2022,3
"EEIO_CANADA","FR","01.24Z","PRD",819,"GCO2E_EUR",2022,3
"EEIO_CANADA","FR","01.25Z","FD",859,"GCO2E_EUR",2022,3
"EEIO_CANADA","FR","01.25Z","GVA",1132,"GCO2E_EUR",2022,3
"EEIO_CANADA","FR","01.25Z","IC",108,"GCO2E_EUR",2022,3
"EEIO_CANADA","FR","01.25Z","PRD",819,"GCO2E_EUR",2022,3
"EEIO_CANADA","FR","01.26Z","FD",859,"GCO2E_EUR",2022,3
"EEIO_CANADA","FR","01.26Z","GVA",1132,"GCO2E_EUR",2022,3
"EEIO_CANADA","FR","01.26Z","IC",108,"GCO2E_EUR",2022,3
"EEIO_CANADA","FR","01.26Z","PRD",819,"GCO2E_EUR",2022,3
"EEIO_CANADA","FR","01.27Z","FD",859,"GCO2E_EUR",2022,3
"EEIO_CANADA","FR","01.27Z","GVA",1132,"GCO2E_EUR",2022,3
"EEIO_CANADA","FR","01.27Z","IC",108,"GCO2E_EUR",2022,3
"EEIO_CANADA","FR","01.27Z","PRD",819,"GCO2E_EUR",2022,3
"EEIO_CANADA","FR","01.28Z","FD",859,"GCO2E_EUR",2022,3
"EEIO_CANADA","FR","01.28Z","GVA",1132,"GCO2E_EUR",2022,3
"EEIO_CANADA","FR","01.28Z","IC",108,"GCO2E_EUR",2022,3
"EEIO_CANADA","FR","01.28Z","PRD",819,"GCO2E_EUR",2022,3
"EEIO_CANADA","FR","01.29Z","FD",859,"GCO2E_EUR",2022,3
"EEIO_CANADA","FR","01.29Z","GVA",1132,"GCO2E_EUR",2022,3
"EEIO_CANADA","FR","01.29Z","IC",108,"GCO2E_EUR",2022,3
"EEIO_CANADA","FR","01.29Z","PRD",819,"GCO2E_EUR",2022,3
"EEIO_CANADA","FR","01.30Z","FD",859,"GCO2E_EUR",2022,3
"EEIO_CANADA","FR","01.30Z","GVA",1132,"GCO2E_EUR",2022,3
"EEIO_CANADA","FR","01.30Z","IC",108,"GCO2E_EUR",2022,3
"EEIO_CANADA","FR","01.30Z","PRD",819,"GCO2E_EUR",2022,3
"EEIO_CANADA","FR","01.41Z","FD",859,"GCO2E_EUR",2022,3
"EEIO_CANADA","FR","01.41Z","GVA",1132,"GCO2E_EUR",2022,3
"EEIO_CANADA","FR","01.41Z","IC",108,"GCO2E_EUR",2022,3
"EEIO_CANADA","FR","01.41Z","PRD",819,"GCO2E_EUR",2022,3
"EEIO_CANADA","FR","01.42Z","FD",859,"GCO2E_EUR",2022,3
"EEIO_CANADA","FR","01.42Z","GVA",1132,"GCO2E_EUR",2022,3
"EEIO_CANADA","FR","01.42Z","IC",108,"GCO2E_EUR",2022,3
"EEIO_CANADA","FR","01.42Z","PRD",819,"GCO2E_EUR",2022,3
"EEIO_CANADA","FR","01.43Z","FD",859,"GCO2E_EUR",2022,3
"EEIO_CANADA","FR","01.43Z","GVA",1132,"GCO2E_EUR",2022,3
"EEIO_CANADA","FR","01.43Z","IC",108,"GCO2E_EUR",2022,3
"EEIO_CANADA","FR","01.43Z","PRD",819,"GCO2E_EUR",2022,3
"EEIO_CANADA","FR","01.44Z","FD",859,"GCO2E_EUR",2022,3
"EEIO_CANADA","FR","01.44Z","GVA",1132,"GCO2E_EUR",2022,3
"EEIO_CANADA","FR","01.44Z","IC",108,"GCO2E_EUR",2022,3
"EEIO_CANADA","FR","01.44Z","PRD",819,"GCO2E_EUR",2022,3
"EEIO_CANADA","FR","01.45Z","FD",859,"GCO2E_EUR",2022,3
"EEIO_CANADA","FR","01.45Z","GVA",1132,"GCO2E_EUR",2022,3
"EEIO_CANADA","FR","01.45Z","IC",108,"GCO2E_EUR",2022,3
"EEIO_CANADA","FR","01.45Z","PRD",819,"GCO2E_EUR",2022,3
"EEIO_CANADA","FR","01.46Z","FD",859,"GCO2E_EUR",2022,3
"EEIO_CANADA","FR","01.46Z","GVA",1132,"GCO2E_EUR",2022,3
"EEIO_CANADA","FR","01.46Z","IC",108,"GCO2E_EUR",2022,3
"EEIO_CANADA","FR","01.46Z","PRD",819,"GCO2E_EUR",2022,3
"EEIO_CANADA","FR","01.47Z","FD",859,"GCO2E_EUR",2022,3
"EEIO_CANADA","FR","01.47Z","GVA",1132,"GCO2E_EUR",2022,3
"EEIO_CANADA","FR","01.47Z","IC",108,"GCO2E_EUR",2022,3
"EEIO_CANADA","FR","01.47Z","PRD",819,"GCO2E_EUR",2022,3
"EEIO_CANADA","FR","01.49Z","FD",859,"GCO2E_EUR",2022,3
"EEIO_CANADA","FR","01.49Z","GVA",1132,"GCO2E_EUR",2022,3
"EEIO_CANADA","FR","01.49Z","IC",108,"GCO2E_EUR",2022,3
"EEIO_CANADA","FR","01.49Z","PRD",819,"GCO2E_EUR",2022,3
"EEIO_CANADA","FR","01.50Z","FD",859,"GCO2E_EUR",2022,3
"EEIO_CANADA","FR","01.50Z","GVA",1132,"GCO2E_EUR",2022,3
"EEIO_CANADA","FR","01.50Z","IC",108,"GCO2E_EUR",2022,3
"EEIO_CANADA","FR","01.50Z","PRD",819,"GCO2E_EUR",2022,3
"EEIO_CANADA","FR","01.61Z","FD",176,"GCO2E_EUR",2022,3
"EEIO_CANADA","FR","01.61Z","GVA",191,"GCO2E_EUR",2022,3
"EEIO_CANADA","FR","01.61Z","IC",109,"GCO2E_EUR",2022,3
"EEIO_CANADA","FR","01.61Z","PRD",176,"GCO2E_EUR",2022,3
"EEIO_CANADA","FR","01.62Z","FD",176,"GCO2E_EUR",2022,3
"EEIO_CANADA","FR","01.62Z","GVA",191,"GCO2E_EUR",2022,3
"EEIO_CANADA","FR","01.62Z","IC",109,"GCO2E_EUR",2022,3
"EEIO_CANADA","FR","01.62Z","PRD",176,"GCO2E_EUR",2022,3
"EEIO_CANADA","FR","01.63Z","FD",176,"GCO2E_EUR",2022,3
"EEIO_CANADA","FR","01.63Z","GVA",191,"GCO2E_EUR",2022,3
"EEIO_CANADA","FR","01.63Z","IC",109,"GCO2E_EUR",2022,3
"EEIO_CANADA","FR","01.63Z","PRD",176,"GCO2E_EUR",2022,3
"EEIO_CANADA","FR","01.64Z","FD",176,"GCO2E_EUR",2022,3
"EEIO_CANADA","FR","01.64Z","GVA",191,"GCO2E_EUR",2022,3
"EEIO_CANADA","FR","01.64Z","IC",109,"GCO2E_EUR",2022,3
"EEIO_CANADA","FR","01.64Z","PRD",176,"GCO2E_EUR",2022,3
"EEIO_CANADA","FR","01.70Z","FD",376,"GCO2E_EUR",2022,3
"EEIO_CANADA","FR","01.70Z","GVA",445,"GCO2E_EUR",2022,3
"EEIO_CANADA","FR","01.70Z","IC",42,"GCO2E_EUR",2022,3
"EEIO_CANADA","FR","01.70Z","PRD",376,"GCO2E_EUR",2022,3
"EEIO_CANADA","FR","02.10Z","FD",106,"GCO2E_EUR",2022,3
"EEIO_CANADA","FR","02.10Z","GVA",117,"GCO2E_EUR",2022,3
"EEIO_CANADA","FR","02.10Z","IC",77,"GCO2E_EUR",2022,3
"EEIO_CANADA","FR","02.10Z","PRD",106,"GCO2E_EUR",2022,3
"EEIO_CANADA","FR","02.20Z","FD",106,"GCO2E_EUR",2022,3
"EEIO_CANADA","FR","02.20Z","GVA",117,"GCO2E_EUR",2022,3
"EEIO_CANADA","FR","02.20Z","IC",77,"GCO2E_EUR",2022,3
"EEIO_CANADA","FR","02.20Z","PRD",106,"GCO2E_EUR",2022,3
"EEIO_CANADA","FR","02.30Z","FD",106,"GCO2E_EUR",2022,3
"EEIO_CANADA","FR","02.30Z","GVA",117,"GCO2E_EUR",2022,3
"EEIO_CANADA","FR","02.30Z","IC",77,"GCO2E_EUR",2022,3
"EEIO_CANADA","FR","02.30Z","PRD",106,"GCO2E_EUR",2022,3
"EEIO_CANADA","FR","02.40Z","FD",176,"GCO2E_EUR",2022,3
"EEIO_CANADA","FR","02.40Z","GVA",191,"GCO2E_EUR",2022,3
"EEIO_CANADA","FR","02.40Z","IC",109,"GCO2E_EUR",2022,3
"EEIO_CANADA","FR","02.40Z","PRD",176,"GCO2E_EUR",2022,3
"EEIO_CANADA","FR","03.11Z","FD",376,"GCO2E_EUR",2022,3
"EEIO_CANADA","FR","03.11Z","GVA",445,"GCO2E_EUR",2022,3
"EEIO_CANADA","FR","03.11Z","IC",42,"GCO2E_EUR",2022,3
"EEIO_CANADA","FR","03.11Z","PRD",376,"GCO2E_EUR",2022,3
"EEIO_CANADA","FR","03.12Z","FD",376,"GCO2E_EUR",2022,3
"EEIO_CANADA","FR","03.12Z","GVA",445,"GCO2E_EUR",2022,3
"EEIO_CANADA","FR","03.12Z","IC",42,"GCO2E_EUR",2022,3
"EEIO_CANADA","FR","03.12Z","PRD",376,"GCO2E_EUR",2022,3
"EEIO_CANADA","FR","03.21Z","FD",376,"GCO2E_EUR",2022,3
"EEIO_CANADA","FR","03.21Z","GVA",445,"GCO2E_EUR",2022,3
"EEIO_CANADA","FR","03.21Z","IC",42,"GCO2E_EUR",2022,3
"EEIO_CANADA","FR","03.21Z","PRD",376,"GCO2E_EUR",2022,3
"EEIO_CANADA","FR","03.22Z","FD",376,"GCO2E_EUR",2022,3
"EEIO_CANADA","FR","03.22Z","GVA",445,"GCO2E_EUR",2022,3
"EEIO_CANADA","FR","03.22Z","IC",42,"GCO2E_EUR",2022,3
"EEIO_CANADA","FR","03.22Z","PRD",376,"GCO2E_EUR",2022,3
"EEIO_CANADA","FR","05.10Z","FD",36,"GCO2E_EUR",2022,2
"EEIO_CANADA","FR","05.10Z","GVA",34,"GCO2E_EUR",2022,2
"EEIO_CANADA","FR","05.10Z","IC",47,"GCO2E_EUR",2022,2
"EEIO_CANADA","FR","05.10Z","PRD",36,"GCO2E_EUR",2022,2
"EEIO_CANADA","FR","05.20Z","FD",36,"GCO2E_EUR",2022,2
"EEIO_CANADA","FR","05.20Z","GVA",34,"GCO2E_EUR",2022,2
"EEIO_CANADA","FR","05.20Z","IC",47,"GCO2E_EUR",2022,2
"EEIO_CANADA","FR","05.20Z","PRD",36,"GCO2E_EUR",2022,2
"EEIO_CANADA","FR","06.10Z","FD",63,"GCO2E_EUR",2022,2
"EEIO_CANADA","FR","06.10Z","GVA",66,"GCO2E_EUR",2022,2
"EEIO_CANADA","FR","06.10Z","IC",38,"GCO2E_EUR",2022,2
"EEIO_CANADA","FR","06.10Z","PRD",61,"GCO2E_EUR",2022,2
"EEIO_CANADA","FR","06.20Z","FD",63,"GCO2E_EUR",2022,2
"EEIO_CANADA","FR","06.20Z","GVA",66,"GCO2E_EUR",2022,2
"EEIO_CANADA","FR","06.20Z","IC",38,"GCO2E_EUR",2022,2
"EEIO_CANADA","FR","06.20Z","PRD",61,"GCO2E_EUR",2022,2
"EEIO_CANADA","FR","07.10Z","FD",18,"GCO2E_EUR",2022,2
"EEIO_CANADA","FR","07.10Z","GVA",13,"GCO2E_EUR",2022,2
"EEIO_CANADA","FR","07.10Z","IC",44,"GCO2E_EUR",2022,2
"EEIO_CANADA","FR","07.10Z","PRD",18,"GCO2E_EUR",2022,2
"EEIO_CANADA","FR","07.21Z","FD",18,"GCO2E_EUR",2022,2
"EEIO_CANADA","FR","07.21Z","GVA",13,"GCO2E_EUR",2022,2
"EEIO_CANADA","FR","07.21Z","IC",44,"GCO2E_EUR",2022,2
"EEIO_CANADA","FR","07.21Z","PRD",18,"GCO2E_EUR",2022,2
"EEIO_CANADA","FR","07.29Z","FD",25,"GCO2E_EUR",2022,2
"EEIO_CANADA","FR","07.29Z","GVA",17,"GCO2E_EUR",2022,2
"EEIO_CANADA","FR","07.29Z","IC",93,"GCO2E_EUR",2022,2
"EEIO_CANADA","FR","07.29Z","PRD",25,"GCO2E_EUR",2022,2
"EEIO_CANADA","FR","08.11Z","FD",25,"GCO2E_EUR",2022,2
"EEIO_CANADA","FR","08.11Z","GVA",17,"GCO2E_EUR",2022,2
"EEIO_CANADA","FR","08.11Z","IC",93,"GCO2E_EUR",2022,2
"EEIO_CANADA","FR","08.11Z","PRD",25,"GCO2E_EUR",2022,2
"EEIO_CANADA","FR","08.12Z","FD",25,"GCO2E_EUR",2022,2
"EEIO_CANADA","FR","08.12Z","GVA",17,"GCO2E_EUR",2022,2
"EEIO_CANADA","FR","08.12Z","IC",93,"GCO2E_EUR",2022,2
"EEIO_CANADA","FR","08.12Z","PRD",25,"GCO2E_EUR",2022,2
"EEIO_CANADA","FR","08.91Z","FD",25,"GCO2E_EUR",2022,2
"EEIO_CANADA","FR","08.91Z","GVA",17,"GCO2E_EUR",2022,2
"EEIO_CANADA","FR","08.91Z","IC",93,"GCO2E_EUR",2022,2
"EEIO_CANADA","FR","08.91Z","PRD",25,"GCO2E_EUR",2022,2
"EEIO_CANADA","FR","08.92Z","FD",36,"GCO2E_EUR",2022,2
"EEIO_CANADA","FR","08.92Z","GVA",34,"GCO2E_EUR",2022,2
"EEIO_CANADA","FR","08.92Z","IC",47,"GCO2E_EUR",2022,2
"EEIO_CANADA","FR","08.92Z","PRD",36,"GCO2E_EUR",2022,2
"EEIO_CANADA","FR","08.93Z","FD",25,"GCO2E_EUR",2022,3
"EEIO_CANADA","FR","08.93Z","GVA",17,"GCO2E_EUR",2022,3
"EEIO_CANADA","FR","08.93Z","IC",93,"GCO2E_EUR",2022,3
"EEIO_CANADA","FR","08.93Z","PRD",25,"GCO2E_EUR",2022,3
"EEIO_CANADA","FR","08.99Z","FD",25,"GCO2E_EUR",2022,3
"EEIO_CANADA","FR","08.99Z","GVA",17,"GCO2E_EUR",2022,3
"EEIO_CANADA","FR","08.99Z","IC",93,"GCO2E_EUR",2022,3
"EEIO_CANADA","FR","08.99Z","PRD",25,"GCO2E_EUR",2022,3
"EEIO_CANADA","FR","09.10Z","FD",30,"GCO2E_EUR",2022,2
"EEIO_CANADA","FR","09.10Z","GVA",22,"GCO2E_EUR",2022,2
"EEIO_CANADA","FR","09.10Z","IC",68,"GCO2E_EUR",2022,2
"EEIO_CANADA","FR","09.10Z","PRD",30,"GCO2E_EUR",2022,2
"EEIO_CANADA","FR","09.90Z","FD",30,"GCO2E_EUR",2022,2
"EEIO_CANADA","FR","09.90Z","GVA",22,"GCO2E_EUR",2022,2
"EEIO_CANADA","FR","09.90Z","IC",68,"GCO2E_EUR",2022,2
"EEIO_CANADA","FR","09.90Z","PRD",30,"GCO2E_EUR",2022,2
"EEIO_CANADA","FR","10.11Z","FD",157,"GCO2E_EUR",2022,2
"EEIO_CANADA","FR","10.11Z","GVA",56,"GCO2E_EUR",2022,2
"EEIO_CANADA","FR","10.11Z","IC",319,"GCO2E_EUR",2022,2
"EEIO_CANADA","FR","10.11Z","PRD",153,"GCO2E_EUR",2022,2
"EEIO_CANADA","FR","10.12Z","FD",157,"GCO2E_EUR",2022,2
"EEIO_CANADA","FR","10.12Z","GVA",56,"GCO2E_EUR",2022,2
"EEIO_CANADA","FR","10.12Z","IC",319,"GCO2E_EUR",2022,2
"EEIO_CANADA","FR","10.12Z","PRD",153,"GCO2E_EUR",2022,2
"EEIO_CANADA","FR","10.13A","FD",157,"GCO2E_EUR",2022,2
"EEIO_CANADA","FR","10.13A","GVA",56,"GCO2E_EUR",2022,2
"EEIO_CANADA","FR","10.13A","IC",319,"GCO2E_EUR",2022,2
"EEIO_CANADA","FR","10.13A","PRD",153,"GCO2E_EUR",2022,2
"EEIO_CANADA","FR","10.13B","FD",157,"GCO2E_EUR",2022,2
"EEIO_CANADA","FR","10.13B","GVA",56,"GCO2E_EUR",2022,2
"EEIO_CANADA","FR","10.13B","IC",319,"GCO2E_EUR",2022,2
"EEIO_CANADA","FR","10.13B","PRD",153,"GCO2E_EUR",2022,2
"EEIO_CANADA","FR","10.20Z","FD",62,"GCO2E_EUR",2022,1
"EEIO_CANADA","FR","10.20Z","GVA",30,"GCO2E_EUR",2022,1
"EEIO_CANADA","FR","10.20Z","IC",108,"GCO2E_EUR",2022,1
"EEIO_CANADA","FR","10.20Z","PRD",60,"GCO2E_EUR",2022,1
"EEIO_CANADA","FR","10.31Z","FD",137,"GCO2E_EUR",2022,2
"EEIO_CANADA","FR","10.31Z","GVA",100,"GCO2E_EUR",2022,2
"EEIO_CANADA","FR","10.31Z","IC",196,"GCO2E_EUR",2022,2
"EEIO_CANADA","FR","10.31Z","PRD",134,"GCO2E_EUR",2022,2
"EEIO_CANADA","FR","10.32Z","FD",137,"GCO2E_EUR",2022,2
"EEIO_CANADA","FR","10.32Z","GVA",100,"GCO2E_EUR",2022,2
"EEIO_CANADA","FR","10.32Z","IC",196,"GCO2E_EUR",2022,2
"EEIO_CANADA","FR","10.32Z","PRD",134,"GCO2E_EUR",2022,2
"EEIO_CANADA","FR","10.39A","FD",137,"GCO2E_EUR",2022,2
"EEIO_CANADA","FR","10.39A","GVA",100,"GCO2E_EUR",2022,2
"EEIO_CANADA","FR","10.39A","IC",196,"GCO2E_EUR",2022,2
"EEIO_CANADA","FR","10.39A","PRD",134,"GCO2E_EUR",2022,2
"EEIO_CANADA","FR","10.39B","FD",137,"GCO2E_EUR",2022,2
"EEIO_CANADA","FR","10.39B","GVA",100,"GCO2E_EUR",2022,2
"EEIO_CANADA","FR","10.39B","IC",196,"GCO2E_EUR",2022,2
"EEIO_CANADA","FR","10.39B","PRD",134,"GCO2E_EUR",2022,2
"EEIO_CANADA","FR","10.41A","FD",103,"GCO2E_EUR",2022,3
"EEIO_CANADA","FR","10.41A","GVA",79,"GCO2E_EUR",2022,3
"EEIO_CANADA","FR","10.41A","IC",135,"GCO2E_EUR",2022,3
"EEIO_CANADA","FR","10.41A","PRD",100,"GCO2E_EUR",2022,3
"EEIO_CANADA","FR","10.41B","FD",103,"GCO2E_EUR",2022,3
"EEIO_CANADA","FR","10.41B","GVA",79,"GCO2E_EUR",2022,3
"EEIO_CANADA","FR","10.41B","IC",135,"GCO2E_EUR",2022,3
"EEIO_CANADA","FR","10.41B","PRD",100,"GCO2E_EUR",2022,3
"EEIO_CANADA","FR","10.42Z","FD",103,"GCO2E_EUR",2022,3
"EEIO_CANADA","FR","10.42Z","GVA",79,"GCO2E_EUR",2022,3
"EEIO_CANADA","FR","10.42Z","IC",135,"GCO2E_EUR",2022,3
"EEIO_CANADA","FR","10.42Z","PRD",100,"GCO2E_EUR",2022,3
"EEIO_CANADA","FR","10.51A","FD",175,"GCO2E_EUR",2022,2
"EEIO_CANADA","FR","10.51A","GVA",50,"GCO2E_EUR",2022,2
"EEIO_CANADA","FR","10.51A","IC",371,"GCO2E_EUR",2022,2
"EEIO_CANADA","FR","10.51A","PRD",168,"GCO2E_EUR",2022,2
"EEIO_CANADA","FR","10.51B","FD",175,"GCO2E_EUR",2022,2
"EEIO_CANADA","FR","10.51B","GVA",50,"GCO2E_EUR",2022,2
"EEIO_CANADA","FR","10.51B","IC",371,"GCO2E_EUR",2022,2
"EEIO_CANADA","FR","10.51B","PRD",168,"GCO2E_EUR",2022,2
"EEIO_CANADA","FR","10.51C","FD",175,"GCO2E_EUR",2022,2
"EEIO_CANADA","FR","10.51C","GVA",50,"GCO2E_EUR",2022,2
"EEIO_CANADA","FR","10.51C","IC",371,"GCO2E_EUR",2022,2
"EEIO_CANADA","FR","10.51C","PRD",168,"GCO2E_EUR",2022,2
"EEIO_CANADA","FR","10.51D","FD",175,"GCO2E_EUR",2022,2
"EEIO_CANADA","FR","10.51D","GVA",50,"GCO2E_EUR",2022,2
"EEIO_CANADA","FR","10.51D","IC",371,"GCO2E_EUR",2022,2
"EEIO_CANADA","FR","10.51D","PRD",168,"GCO2E_EUR",2022,2
"EEIO_CANADA","FR","10.52Z","FD",175,"GCO2E_EUR",2022,2
"EEIO_CANADA","FR","10.52Z","GVA",50,"GCO2E_EUR",2022,2
"EEIO_CANADA","FR","10.52Z","IC",371,"GCO2E_EUR",2022,2
"EEIO_CANADA","FR","10.52Z","PRD",168,"GCO2E_EUR",2022,2
"EEIO_CANADA","FR","10.61A","FD",103,"GCO2E_EUR",2022,3
"EEIO_CANADA","FR","10.61A","GVA",79,"GCO2E_EUR",2022,3
"EEIO_CANADA","FR","10.61A","IC",135,"GCO2E_EUR",2022,3
"EEIO_CANADA","FR","10.61A","PRD",100,"GCO2E_EUR",2022,3
"EEIO_CANADA","FR","10.61B","FD",103,"GCO2E_EUR",2022,3
"EEIO_CANADA","FR","10.61B","GVA",79,"GCO2E_EUR",2022,3
"EEIO_CANADA","FR","10.61B","IC",135,"GCO2E_EUR",2022,3
"EEIO_CANADA","FR","10.61B","PRD",100,"GCO2E_EUR",2022,3
"EEIO_CANADA","FR","10.62Z","FD",103,"GCO2E_EUR",2022,3
"EEIO_CANADA","FR","10.62Z","GVA",79,"GCO2E_EUR",2022,3
"EEIO_CANADA","FR","10.62Z","IC",135,"GCO2E_EUR",2022,3
"EEIO_CANADA","FR","10.62Z","PRD",100,"GCO2E_EUR",2022,3
"EEIO_CANADA","FR","10.71A","FD",103,"GCO2E_EUR",2022,3
"EEIO_CANADA","FR","10.71A","GVA",79,"GCO2E_EUR",2022,3
"EEIO_CANADA","FR","10.71A","IC",135,"GCO2E_EUR",2022,3
"EEIO_CANADA","FR","10.71A","PRD",100,"GCO2E_EUR",2022,3
"EEIO_CANADA","FR","10.71B","FD",103,"GCO2E_EUR",2022,3
"EEIO_CANADA","FR","10.71B","GVA",79,"GCO2E_EUR",2022,3
"EEIO_CANADA","FR","10.71B","IC",135,"GCO2E_EUR",2022,3
"EEIO_CANADA","FR","10.71B","PRD",100,"GCO2E_EUR",2022,3
"EEIO_CANADA","FR","10.71C","FD",103,"GCO2E_EUR",2022,3
"EEIO_CANADA","FR","10.71C","GVA",79,"GCO2E_EUR",2022,3
"EEIO_CANADA","FR","10.71C","IC",135,"GCO2E_EUR",2022,3
"EEIO_CANADA","FR","10.71C","PRD",100,"GCO2E_EUR",2022,3
"EEIO_CANADA","FR","10.71D","FD",103,"GCO2E_EUR",2022,3
"EEIO_CANADA","FR","10.71D","GVA",79,"GCO2E_EUR",2022,3
"EEIO_CANADA","FR","10.71D","IC",135,"GCO2E_EUR",2022,3
"EEIO_CANADA","FR","10.71D","PRD",100,"GCO2E_EUR",2022,3
"EEIO_CANADA","FR","10.72Z","FD",103,"GCO2E_EUR",2022,3
"EEIO_CANADA","FR","10.72Z","GVA",79,"GCO2E_EUR",2022,3
"EEIO_CANADA","FR","10.72Z","IC",135,"GCO2E_EUR",2022,3
"EEIO_CANADA","FR","10.72Z","PRD",100,"GCO2E_EUR",2022,3
"EEIO_CANADA","FR","10.73Z","FD",103,"GCO2E_EUR",2022,3
"EEIO_CANADA","FR","10.73Z","GVA",79,"GCO2E_EUR",2022,3
"EEIO_CANADA","FR","10.73Z","IC",135,"GCO2E_EUR",2022,3
"EEIO_CANADA","FR","10.73Z","PRD",100,"GCO2E_EUR",2022,3
"EEIO_CANADA","FR","10.81Z","FD",128,"GCO2E_EUR",2022,3
"EEIO_CANADA","FR","10.81Z","GVA",134,"GCO2E_EUR",2022,3
"EEIO_CANADA","FR","10.81Z","IC",88,"GCO2E_EUR",2022,3
"EEIO_CANADA","FR","10.81Z","PRD",119,"GCO2E_EUR",2022,3
"EEIO_CANADA","FR","10.82Z","FD",128,"GCO2E_EUR",2022,3
"EEIO_CANADA","FR","10.82Z","GVA",134,"GCO2E_EUR",2022,3
"EEIO_CANADA","FR","10.82Z","IC",88,"GCO2E_EUR",2022,3
"EEIO_CANADA","FR","10.82Z","PRD",119,"GCO2E_EUR",2022,3
"EEIO_CANADA","FR","10.83Z","FD",103,"GCO2E_EUR",2022,3
"EEIO_CANADA","FR","10.83Z","GVA",79,"GCO2E_EUR",2022,3
"EEIO_CANADA","FR","10.83Z","IC",135,"GCO2E_EUR",2022,3
"EEIO_CANADA","FR","10.83Z","PRD",100,"GCO2E_EUR",2022,3
"EEIO_CANADA","FR","10.84Z","FD",103,"GCO2E_EUR",2022,3
"EEIO_CANADA","FR","10.84Z","GVA",79,"GCO2E_EUR",2022,3
"EEIO_CANADA","FR","10.84Z","IC",135,"GCO2E_EUR",2022,3
"EEIO_CANADA","FR","10.84Z","PRD",100,"GCO2E_EUR",2022,3
"EEIO_CANADA","FR","10.85Z","FD",103,"GCO2E_EUR",2022,3
"EEIO_CANADA","FR","10.85Z","GVA",79,"GCO2E_EUR",2022,3
"EEIO_CANADA","FR","10.85Z","IC",135,"GCO2E_EUR",2022,3
"EEIO_CANADA","FR","10.85Z","PRD",100,"GCO2E_EUR",2022,3
"EEIO_CANADA","FR","10.86Z","FD",103,"GCO2E_EUR",2022,3
"EEIO_CANADA","FR","10.86Z","GVA",79,"GCO2E_EUR",2022,3
"EEIO_CANADA","FR","10.86Z","IC",135,"GCO2E_EUR",2022,3
"EEIO_CANADA","FR","10.86Z","PRD",100,"GCO2E_EUR",2022,3
"EEIO_CANADA","FR","10.89Z","FD",103,"GCO2E_EUR",2022,3
"EEIO_CANADA","FR","10.89Z","GVA",79,"GCO2E_EUR",2022,3
"EEIO_CANADA","FR","10.89Z","IC",135,"GCO2E_EUR",2022,3
"EEIO_CANADA","FR","10.89Z","PRD",100,"GCO2E_EUR",2022,3
"EEIO_CANADA","FR","10.91Z","FD",136,"GCO2E_EUR",2022,2
"EEIO_CANADA","FR","10.91Z","GVA",69,"GCO2E_EUR",2022,2
"EEIO_CANADA","FR","10.91Z","IC",224,"GCO2E_EUR",2022,2
"EEIO_CANADA","FR","10.91Z","PRD",134,"GCO2E_EUR",2022,2
"EEIO_CANADA","FR","10.92Z","FD",136,"GCO2E_EUR",2022,2
"EEIO_CANADA","FR","10.92Z","GVA",69,"GCO2E_EUR",2022,2
"EEIO_CANADA","FR","10.92Z","IC",224,"GCO2E_EUR",2022,2
"EEIO_CANADA","FR","10.92Z","PRD",134,"GCO2E_EUR",2022,2
"EEIO_CANADA","FR","11.01Z","FD",105,"GCO2E_EUR",2022,2
"EEIO_CANADA","FR","11.01Z","GVA",112,"GCO2E_EUR",2022,2
"EEIO_CANADA","FR","11.01Z","IC",84,"GCO2E_EUR",2022,2
"EEIO_CANADA","FR","11.01Z","PRD",104,"GCO2E_EUR",2022,2
"EEIO_CANADA","FR","11.02A","FD",105,"GCO2E_EUR",2022,2
"EEIO_CANADA","FR","11.02A","GVA",112,"GCO2E_EUR",2022,2
"EEIO_CANADA","FR","11.02A","IC",84,"GCO2E_EUR",2022,2
"EEIO_CANADA","FR","11.02A","PRD",104,"GCO2E_EUR",2022,2
"EEIO_CANADA","FR","11.02B","FD",105,"GCO2E_EUR",2022,2
"EEIO_CANADA","FR","11.02B","GVA",112,"GCO2E_EUR",2022,2
"EEIO_CANADA","FR","11.02B","IC",84,"GCO2E_EUR",2022,2
"EEIO_CANADA","FR","11.02B","PRD",104,"GCO2E_EUR",2022,2
"EEIO_CANADA","FR","11.03Z","FD",105,"GCO2E_EUR",2022,2
"EEIO_CANADA","FR","11.03Z","GVA",112,"GCO2E_EUR",2022,2
"EEIO_CANADA","FR","11.03Z","IC",84,"GCO2E_EUR",2022,2
"EEIO_CANADA","FR","11.03Z","PRD",104,"GCO2E_EUR",2022,2
"EEIO_CANADA","FR","11.04Z","FD",105,"GCO2E_EUR",2022,2
"EEIO_CANADA","FR","11.04Z","GVA",112,"GCO2E_EUR",2022,2
"EEIO_CANADA","FR","11.04Z","IC",84,"GCO2E_EUR",2022,2
"EEIO_CANADA","FR","11.04Z","PRD",104,"GCO2E_EUR",2022,2
"EEIO_CANADA","FR","11.05Z","FD",99,"GCO2E_EUR",2022,1
"EEIO_CANADA","FR","11.05Z","GVA",113,"GCO2E_EUR",2022,1
"EEIO_CANADA","FR","11.05Z","IC",59,"GCO2E_EUR",2022,1
"EEIO_CANADA","FR","11.05Z","PRD",99,"GCO2E_EUR",2022,1
"EEIO_CANADA","FR","11.06Z","FD",103,"GCO2E_EUR",2022,3
"EEIO_CANADA","FR","11.06Z","GVA",79,"GCO2E_EUR",2022,3
"EEIO_CANADA","FR","11.06Z","IC",135,"GCO2E_EUR",2022,3
"EEIO_CANADA","FR","11.06Z","PRD",100,"GCO2E_EUR",2022,3
"EEIO_CANADA","FR","11.07A","FD",53,"GCO2E_EUR",2022,2
"EEIO_CANADA","FR","11.07A","GVA",55,"GCO2E_EUR",2022,2
"EEIO_CANADA","FR","11.07A","IC",48,"GCO2E_EUR",2022,2
"EEIO_CANADA","FR","11.07A","PRD",53,"GCO2E_EUR",2022,2
"EEIO_CANADA","FR","11.07B","FD",53,"GCO2E_EUR",2022,2
"EEIO_CANADA","FR","11.07B","GVA",55,"GCO2E_EUR",2022,2
"EEIO_CANADA","FR","11.07B","IC",48,"GCO2E_EUR",2022,2
"EEIO_CANADA","FR","11.07B","PRD",53,"GCO2E_EUR",2022,2
"EEIO_CANADA","FR","12.00Z","FD",34,"GCO2E_EUR",2022,2
"EEIO_CANADA","FR","12.00Z","GVA",20,"GCO2E_EUR",2022,2
"EEIO_CANADA","FR","12.00Z","IC",75,"GCO2E_EUR",2022,2
"EEIO_CANADA","FR","12.00Z","PRD",34,"GCO2E_EUR",2022,2
"EEIO_CANADA","FR","13.10Z","FD",39,"GCO2E_EUR",2022,3
"EEIO_CANADA","FR","13.10Z","GVA",48,"GCO2E_EUR",2022,3
"EEIO_CANADA","FR","13.10Z","IC",15,"GCO2E_EUR",2022,3
"EEIO_CANADA","FR","13.10Z","PRD",38,"GCO2E_EUR",2022,3
"EEIO_CANADA","FR","13.20Z","FD",39,"GCO2E_EUR",2022,3
"EEIO_CANADA","FR","13.20Z","GVA",48,"GCO2E_EUR",2022,3
"EEIO_CANADA","FR","13.20Z","IC",15,"GCO2E_EUR",2022,3
"EEIO_CANADA","FR","13.20Z","PRD",38,"GCO2E_EUR",2022,3
"EEIO_CANADA","FR","13.30Z","FD",39,"GCO2E_EUR",2022,3
"EEIO_CANADA","FR","13.30Z","GVA",48,"GCO2E_EUR",2022,3
"EEIO_CANADA","FR","13.30Z","IC",15,"GCO2E_EUR",2022,3
"EEIO_CANADA","FR","13.30Z","PRD",38,"GCO2E_EUR",2022,3
"EEIO_CANADA","FR","13.91Z","FD",39,"GCO2E_EUR",2022,3
"EEIO_CANADA","FR","13.91Z","GVA",48,"GCO2E_EUR",2022,3
"EEIO_CANADA","FR","13.91Z","IC",15,"GCO2E_EUR",2022,3
"EEIO_CANADA","FR","13.91Z","PRD",38,"GCO2E_EUR",2022,3
"EEIO_CANADA","FR","13.92Z","FD",39,"GCO2E_EUR",2022,3
"EEIO_CANADA","FR","13.92Z","GVA",48,"GCO2E_EUR",2022,3
"EEIO_CANADA","FR","13.92Z","IC",15,"GCO2E_EUR",2022,3
"EEIO_CANADA","FR","13.92Z","PRD",38,"GCO2E_EUR",2022,3
"EEIO_CANADA","FR","13.93Z","FD",39,"GCO2E_EUR",2022,3
"EEIO_CANADA","FR","13.93Z","GVA",48,"GCO2E_EUR",2022,3
"EEIO_CANADA","FR","13.93Z","IC",15,"GCO2E_EUR",2022,3
"EEIO_CANADA","FR","13.93Z","PRD",38,"GCO2E_EUR",2022,3
"EEIO_CANADA","FR","13.94Z","FD",39,"GCO2E_EUR",2022,3
"EEIO_CANADA","FR","13.94Z","GVA",48,"GCO2E_EUR",2022,3
"EEIO_CANADA","FR","13.94Z","IC",15,"GCO2E_EUR",2022,3
"EEIO_CANADA","FR","13.94Z","PRD",38,"GCO2E_EUR",2022,3
"EEIO_CANADA","FR","13.95Z","FD",39,"GCO2E_EUR",2022,3
"EEIO_CANADA","FR","13.95Z","GVA",48,"GCO2E_EUR",2022,3
"EEIO_CANADA","FR","13.95Z","IC",15,"GCO2E_EUR",2022,3
"EEIO_CANADA","FR","13.95Z","PRD",38,"GCO2E_EUR",2022,3
"EEIO_CANADA","FR","13.96Z","FD",39,"GCO2E_EUR",2022,3
"EEIO_CANADA","FR","13.96Z","GVA",48,"GCO2E_EUR",2022,3
"EEIO_CANADA","FR","13.96Z","IC",15,"GCO2E_EUR",2022,3
"EEIO_CANADA","FR","13.96Z","PRD",38,"GCO2E_EUR",2022,3
"EEIO_CANADA","FR","13.99Z","FD",39,"GCO2E_EUR",2022,3
"EEIO_CANADA","FR","13.99Z","GVA",48,"GCO2E_EUR",2022,3
"EEIO_CANADA","FR","13.99Z","IC",15,"GCO2E_EUR",2022,3
"EEIO_CANADA","FR","13.99Z","PRD",38,"GCO2E_EUR",2022,3
"EEIO_CANADA","FR","14.11Z","FD",16,"GCO2E_EUR",2022,3
"EEIO_CANADA","FR","14.11Z","GVA",17,"GCO2E_EUR",2022,3
"EEIO_CANADA","FR","14.11Z","IC",11,"GCO2E_EUR",2022,3
"EEIO_CANADA","FR","14.11Z","PRD",16,"GCO2E_EUR",2022,3
"EEIO_CANADA","FR","14.12Z","FD",16,"GCO2E_EUR",2022,3
"EEIO_CANADA","FR","14.12Z","GVA",17,"GCO2E_EUR",2022,3
"EEIO_CANADA","FR","14.12Z","IC",11,"GCO2E_EUR",2022,3
"EEIO_CANADA","FR","14.12Z","PRD",16,"GCO2E_EUR",2022,3
"EEIO_CANADA","FR","14.13Z","FD",16,"GCO2E_EUR",2022,3
"EEIO_CANADA","FR","14.13Z","GVA",17,"GCO2E_EUR",2022,3
"EEIO_CANADA","FR","14.13Z","IC",11,"GCO2E_EUR",2022,3
"EEIO_CANADA","FR","14.13Z","PRD",16,"GCO2E_EUR",2022,3
"EEIO_CANADA","FR","14.14Z","FD",16,"GCO2E_EUR",2022,3
"EEIO_CANADA","FR","14.14Z","GVA",17,"GCO2E_EUR",2022,3
"EEIO_CANADA","FR","14.14Z","IC",11,"GCO2E_EUR",2022,3
"EEIO_CANADA","FR","14.14Z","PRD",16,"GCO2E_EUR",2022,3
"EEIO_CANADA","FR","14.19Z","FD",16,"GCO2E_EUR",2022,3
"EEIO_CANADA","FR","14.19Z","GVA",17,"GCO2E_EUR",2022,3
"EEIO_CANADA","FR","14.19Z","IC",11,"GCO2E_EUR",2022,3
"EEIO_CANADA","FR","14.19Z","PRD",16,"GCO2E_EUR",2022,3
"EEIO_CANADA","FR","14.20Z","FD",16,"GCO2E_EUR",2022,3
"EEIO_CANADA","FR","14.20Z","GVA",17,"GCO2E_EUR",2022,3
"EEIO_CANADA","FR","14.20Z","IC",11,"GCO2E_EUR",2022,3
"EEIO_CANADA","FR","14.20Z","PRD",16,"GCO2E_EUR",2022,3
"EEIO_CANADA","FR","14.31Z","FD",16,"GCO2E_EUR",2022,3
"EEIO_CANADA","FR","14.31Z","GVA",17,"GCO2E_EUR",2022,3
"EEIO_CANADA","FR","14.31Z","IC",11,"GCO2E_EUR",2022,3
"EEIO_CANADA","FR","14.31Z","PRD",16,"GCO2E_EUR",2022,3
"EEIO_CANADA","FR","14.39Z","FD",16,"GCO2E_EUR",2022,3
"EEIO_CANADA","FR","14.39Z","GVA",17,"GCO2E_EUR",2022,3
"EEIO_CANADA","FR","14.39Z","IC",11,"GCO2E_EUR",2022,3
"EEIO_CANADA","FR","14.39Z","PRD",16,"GCO2E_EUR",2022,3
"EEIO_CANADA","FR","15.11Z","FD",16,"GCO2E_EUR",2022,3
"EEIO_CANADA","FR","15.11Z","GVA",17,"GCO2E_EUR",2022,3
"EEIO_CANADA","FR","15.11Z","IC",11,"GCO2E_EUR",2022,3
"EEIO_CANADA","FR","15.11Z","PRD",16,"GCO2E_EUR",2022,3
"EEIO_CANADA","FR","15.12Z","FD",16,"GCO2E_EUR",2022,3
"EEIO_CANADA","FR","15.12Z","GVA",17,"GCO2E_EUR",2022,3
"EEIO_CANADA","FR","15.12Z","IC",11,"GCO2E_EUR",2022,3
"EEIO_CANADA","FR","15.12Z","PRD",16,"GCO2E_EUR",2022,3
"EEIO_CANADA","FR","15.20Z","FD",16,"GCO2E_EUR",2022,3
"EEIO_CANADA","FR","15.20Z","GVA",17,"GCO2E_EUR",2022,3
"EEIO_CANADA","FR","15.20Z","IC",11,"GCO2E_EUR",2022,3
"EEIO_CANADA","FR","15.20Z","PRD",16,"GCO2E_EUR",2022,3
"EEIO_CANADA","FR","16.10A","FD",29,"GCO2E_EUR",2022,3
"EEIO_CANADA","FR","16.10A","GVA",38,"GCO2E_EUR",2022,3
"EEIO_CANADA","FR","16.10A","IC",10,"GCO2E_EUR",2022,3
"EEIO_CANADA","FR","16.10A","PRD",29,"GCO2E_EUR",2022,3
"EEIO_CANADA","FR","16.10B","FD",29,"GCO2E_EUR",2022,3
"EEIO_CANADA","FR","16.10B","GVA",38,"GCO2E_EUR",2022,3
"EEIO_CANADA","FR","16.10B","IC",10,"GCO2E_EUR",2022,3
"EEIO_CANADA","FR","16.10B","PRD",29,"GCO2E_EUR",2022,3
"EEIO_CANADA","FR","16.21Z","FD",29,"GCO2E_EUR",2022,3
"EEIO_CANADA","FR","16.21Z","GVA",38,"GCO2E_EUR",2022,3
"EEIO_CANADA","FR","16.21Z","IC",10,"GCO2E_EUR",2022,3
"EEIO_CANADA","FR","16.21Z","PRD",29,"GCO2E_EUR",2022,3
"EEIO_CANADA","FR","16.22Z","FD",29,"GCO2E_EUR",2022,3
"EEIO_CANADA","FR","16.22Z","GVA",38,"GCO2E_EUR",2022,3
"EEIO_CANADA","FR","16.22Z","IC",10,"GCO2E_EUR",2022,3
"EEIO_CANADA","FR","16.22Z","PRD",29,"GCO2E_EUR",2022,3
"EEIO_CANADA","FR","16.23Z","FD",29,"GCO2E_EUR",2022,3
"EEIO_CANADA","FR","16.23Z","GVA",38,"GCO2E_EUR",2022,3
"EEIO_CANADA","FR","16.23Z","IC",10,"GCO2E_EUR",2022,3
"EEIO_CANADA","FR","16.23Z","PRD",29,"GCO2E_EUR",2022,3
"EEIO_CANADA","FR","16.24Z","FD",29,"GCO2E_EUR",2022,3
"EEIO_CANADA","FR","16.24Z","GVA",38,"GCO2E_EUR",2022,3
"EEIO_CANADA","FR","16.24Z","IC",10,"GCO2E_EUR",2022,3
"EEIO_CANADA","FR","16.24Z","PRD",29,"GCO2E_EUR",2022,3
"EEIO_CANADA","FR","16.29Z","FD",29,"GCO2E_EUR",2022,3
"EEIO_CANADA","FR","16.29Z","GVA",38,"GCO2E_EUR",2022,3
"EEIO_CANADA","FR","16.29Z","IC",10,"GCO2E_EUR",2022,3
"EEIO_CANADA","FR","16.29Z","PRD",29,"GCO2E_EUR",2022,3
"EEIO_CANADA","FR","17.11Z","FD",203,"GCO2E_EUR",2022,2
"EEIO_CANADA","FR","17.11Z","GVA",292,"GCO2E_EUR",2022,2
"EEIO_CANADA","FR","17.11Z","IC",37,"GCO2E_EUR",2022,2
"EEIO_CANADA","FR","17.11Z","PRD",201,"GCO2E_EUR",2022,2
"EEIO_CANADA","FR","17.12Z","FD",203,"GCO2E_EUR",2022,2
"EEIO_CANADA","FR","17.12Z","GVA",292,"GCO2E_EUR",2022,2
"EEIO_CANADA","FR","17.12Z","IC",37,"GCO2E_EUR",2022,2
"EEIO_CANADA","FR","17.12Z","PRD",201,"GCO2E_EUR",2022,2
"EEIO_CANADA","FR","17.21A","FD",21,"GCO2E_EUR",2022,3
"EEIO_CANADA","FR","17.21A","GVA",7,"GCO2E_EUR",2022,3
"EEIO_CANADA","FR","17.21A","IC",50,"GCO2E_EUR",2022,3
"EEIO_CANADA","FR","17.21A","PRD",21,"GCO2E_EUR",2022,3
"EEIO_CANADA","FR","17.21B","FD",21,"GCO2E_EUR",2022,3
"EEIO_CANADA","FR","17.21B","GVA",7,"GCO2E_EUR",2022,3
"EEIO_CANADA","FR","17.21B","IC",50,"GCO2E_EUR",2022,3
"EEIO_CANADA","FR","17.21B","PRD",21,"GCO2E_EUR",2022,3
"EEIO_CANADA","FR","17.21C","FD",21,"GCO2E_EUR",2022,3
"EEIO_CANADA","FR","17.21C","GVA",7,"GCO2E_EUR",2022,3
"EEIO_CANADA","FR","17.21C","IC",50,"GCO2E_EUR",2022,3
"EEIO_CANADA","FR","17.21C","PRD",21,"GCO2E_EUR",2022,3
"EEIO_CANADA","FR","17.22Z","FD",21,"GCO2E_EUR",2022,3
"EEIO_CANADA","FR","17.22Z","GVA",7,"GCO2E_EUR",2022,3
"EEIO_CANADA","FR","17.22Z","IC",50,"GCO2E_EUR",2022,3
"EEIO_CANADA","FR","17.22Z","PRD",21,"GCO2E_EUR",2022,3
"EEIO_CANADA","FR","17.23Z","FD",21,"GCO2E_EUR",2022,3
"EEIO_CANADA","FR","17.23Z","GVA",7,"GCO2E_EUR",2022,3
"EEIO_CANADA","FR","17.23Z","IC",50,"GCO2E_EUR",2022,3
"EEIO_CANADA","FR","17.23Z","PRD",21,"GCO2E_EUR",2022,3
"EEIO_CANADA","FR","17.24Z","FD",21,"GCO2E_EUR",2022,3
"EEIO_CANADA","FR","17.24Z","GVA",7,"GCO2E_EUR",2022,3
"EEIO_CANADA","FR","17.24Z","IC",50,"GCO2E_EUR",2022,3
"EEIO_CANADA","FR","17.24Z","PRD",21,"GCO2E_EUR",2022,3
"EEIO_CANADA","FR","17.29Z","FD",21,"GCO2E_EUR",2022,3
"EEIO_CANADA","FR","17.29Z","GVA",7,"GCO2E_EUR",2022,3
"EEIO_CANADA","FR","17.29Z","IC",50,"GCO2E_EUR",2022,3
"EEIO_CANADA","FR","17.29Z","PRD",21,"GCO2E_EUR",2022,3
"EEIO_CANADA","FR","18.11Z","FD",48,"GCO2E_EUR",2022,3
"EEIO_CANADA","FR","18.11Z","GVA",38,"GCO2E_EUR",2022,3
"EEIO_CANADA","FR","18.11Z","IC",73,"GCO2E_EUR",2022,3
"EEIO_CANADA","FR","18.11Z","PRD",48,"GCO2E_EUR",2022,3
"EEIO_CANADA","FR","18.12Z","FD",48,"GCO2E_EUR",2022,3
"EEIO_CANADA","FR","18.12Z","GVA",38,"GCO2E_EUR",2022,3
"EEIO_CANADA","FR","18.12Z","IC",73,"GCO2E_EUR",2022,3
"EEIO_CANADA","FR","18.12Z","PRD",48,"GCO2E_EUR",2022,3
"EEIO_CANADA","FR","18.13Z","FD",48,"GCO2E_EUR",2022,3
"EEIO_CANADA","FR","18.13Z","GVA",38,"GCO2E_EUR",2022,3
"EEIO_CANADA","FR","18.13Z","IC",73,"GCO2E_EUR",2022,3
"EEIO_CANADA","FR","18.13Z","PRD",48,"GCO2E_EUR",2022,3
"EEIO_CANADA","FR","18.14Z","FD",48,"GCO2E_EUR",2022,3
"EEIO_CANADA","FR","18.14Z","GVA",38,"GCO2E_EUR",2022,3
"EEIO_CANADA","FR","18.14Z","IC",73,"GCO2E_EUR",2022,3
"EEIO_CANADA","FR","18.14Z","PRD",48,"GCO2E_EUR",2022,3
"EEIO_CANADA","FR","18.20Z","FD",18,"GCO2E_EUR",2022,3
"EEIO_CANADA","FR","18.20Z","GVA",20,"GCO2E_EUR",2022,3
"EEIO_CANADA","FR","18.20Z","IC",13,"GCO2E_EUR",2022,3
"EEIO_CANADA","FR","18.20Z","PRD",18,"GCO2E_EUR",2022,3
"EEIO_CANADA","FR","19.10Z","FD",196,"GCO2E_EUR",2022,4
"EEIO_CANADA","FR","19.10Z","GVA",296,"GCO2E_EUR",2022,4
"EEIO_CANADA","FR","19.10Z","IC",36,"GCO2E_EUR",2022,4
"EEIO_CANADA","FR","19.10Z","PRD",192,"GCO2E_EUR",2022,4
"EEIO_CANADA","FR","19.20Z","FD",196,"GCO2E_EUR",2022,4
"EEIO_CANADA","FR","19.20Z","GVA",296,"GCO2E_EUR",2022,4
"EEIO_CANADA","FR","19.20Z","IC",36,"GCO2E_EUR",2022,4
"EEIO_CANADA","FR","19.20Z","PRD",192,"GCO2E_EUR",2022,4
"EEIO_CANADA","FR","20.11Z","FD",484,"GCO2E_EUR",2022,3
"EEIO_CANADA","FR","20.11Z","GVA",710,"GCO2E_EUR",2022,3
"EEIO_CANADA","FR","20.11Z","IC",90,"GCO2E_EUR",2022,3
"EEIO_CANADA","FR","20.11Z","PRD",478,"GCO2E_EUR",2022,3
"EEIO_CANADA","FR","20.12Z","FD",484,"GCO2E_EUR",2022,3
"EEIO_CANADA","FR","20.12Z","GVA",710,"GCO2E_EUR",2022,3
"EEIO_CANADA","FR","20.12Z","IC",90,"GCO2E_EUR",2022,3
"EEIO_CANADA","FR","20.12Z","PRD",478,"GCO2E_EUR",2022,3
"EEIO_CANADA","FR","20.13A","FD",484,"GCO2E_EUR",2022,3
"EEIO_CANADA","FR","20.13A","GVA",710,"GCO2E_EUR",2022,3
"EEIO_CANADA","FR","20.13A","IC",90,"GCO2E_EUR",2022,3
"EEIO_CANADA","FR","20.13A","PRD",478,"GCO2E_EUR",2022,3
"EEIO_CANADA","FR","20.13B","FD",484,"GCO2E_EUR",2022,3
"EEIO_CANADA","FR","20.13B","GVA",710,"GCO2E_EUR",2022,3
"EEIO_CANADA","FR","20.13B","IC",90,"GCO2E_EUR",2022,3
"EEIO_CANADA","FR","20.13B","PRD",478,"GCO2E_EUR",2022,3
"EEIO_CANADA","FR","20.14Z","FD",484,"GCO2E_EUR",2022,3
"EEIO_CANADA","FR","20.14Z","GVA",710,"GCO2E_EUR",2022,3
"EEIO_CANADA","FR","20.14Z","IC",90,"GCO2E_EUR",2022,3
"EEIO_CANADA","FR","20.14Z","PRD",478,"GCO2E_EUR",2022,3
"EEIO_CANADA","FR","20.15Z","FD",609,"GCO2E_EUR",2022,1
"EEIO_CANADA","FR","20.15Z","GVA",782,"GCO2E_EUR",2022,1
"EEIO_CANADA","FR","20.15Z","IC",75,"GCO2E_EUR",2022,1
"EEIO_CANADA","FR","20.15Z","PRD",568,"GCO2E_EUR",2022,1
"EEIO_CANADA","FR","20.16Z","FD",33,"GCO2E_EUR",2022,3
"EEIO_CANADA","FR","20.16Z","GVA",36,"GCO2E_EUR",2022,3
"EEIO_CANADA","FR","20.16Z","IC",25,"GCO2E_EUR",2022,3
"EEIO_CANADA","FR","20.16Z","PRD",33,"GCO2E_EUR",2022,3
"EEIO_CANADA","FR","20.17Z","FD",40,"GCO2E_EUR",2022,2
"EEIO_CANADA","FR","20.17Z","GVA",49,"GCO2E_EUR",2022,2
"EEIO_CANADA","FR","20.17Z","IC",18,"GCO2E_EUR",2022,2
"EEIO_CANADA","FR","20.17Z","PRD",39,"GCO2E_EUR",2022,2
"EEIO_CANADA","FR","20.20Z","FD",609,"GCO2E_EUR",2022,1
"EEIO_CANADA","FR","20.20Z","GVA",782,"GCO2E_EUR",2022,1
"EEIO_CANADA","FR","20.20Z","IC",75,"GCO2E_EUR",2022,1
"EEIO_CANADA","FR","20.20Z","PRD",568,"GCO2E_EUR",2022,1
"EEIO_CANADA","FR","20.30Z","FD",89,"GCO2E_EUR",2022,3
"EEIO_CANADA","FR","20.30Z","GVA",73,"GCO2E_EUR",2022,3
"EEIO_CANADA","FR","20.30Z","IC",112,"GCO2E_EUR",2022,3
"EEIO_CANADA","FR","20.30Z","PRD",87,"GCO2E_EUR",2022,3
"EEIO_CANADA","FR","20.41Z","FD",89,"GCO2E_EUR",2022,3
"EEIO_CANADA","FR","20.41Z","GVA",73,"GCO2E_EUR",2022,3
"EEIO_CANADA","FR","20.41Z","IC",112,"GCO2E_EUR",2022,3
"EEIO_CANADA","FR","20.41Z","PRD",87,"GCO2E_EUR",2022,3
"EEIO_CANADA","FR","20.42Z","FD",89,"GCO2E_EUR",2022,3
"EEIO_CANADA","FR","20.42Z","GVA",73,"GCO2E_EUR",2022,3
"EEIO_CANADA","FR","20.42Z","IC",112,"GCO2E_EUR",2022,3
"EEIO_CANADA","FR","20.42Z","PRD",87,"GCO2E_EUR",2022,3
"EEIO_CANADA","FR","20.51Z","FD",89,"GCO2E_EUR",2022,3
"EEIO_CANADA","FR","20.51Z","GVA",73,"GCO2E_EUR",2022,3
"EEIO_CANADA","FR","20.51Z","IC",112,"GCO2E_EUR",2022,3
"EEIO_CANADA","FR","20.51Z","PRD",87,"GCO2E_EUR",2022,3
"EEIO_CANADA","FR","20.52Z","FD",89,"GCO2E_EUR",2022,3
"EEIO_CANADA","FR","20.52Z","GVA",73,"GCO2E_EUR",2022,3
"EEIO_CANADA","FR","20.52Z","IC",112,"GCO2E_EUR",2022,3
"EEIO_CANADA","FR","20.52Z","PRD",87,"GCO2E_EUR",2022,3
"EEIO_CANADA","FR","20.53Z","FD",89,"GCO2E_EUR",2022,3
"EEIO_CANADA","FR","20.53Z","GVA",73,"GCO2E_EUR",2022,3
"EEIO_CANADA","FR","20.53Z","IC",112,"GCO2E_EUR",2022,3
"EEIO_CANADA","FR","20.53Z","PRD",87,"GCO2E_EUR",2022,3
"EEIO_CANADA","FR","20.59Z","FD",89,"GCO2E_EUR",2022,3
"EEIO_CANADA","FR","20.59Z","GVA",73,"GCO2E_EUR",2022,3
"EEIO_CANADA","FR","20.59Z","IC",112,"GCO2E_EUR",2022,3
"EEIO_CANADA","FR","20.59Z","PRD",87,"GCO2E_EUR",2022,3
"EEIO_CANADA","FR","20.60Z","FD",89,"GCO2E_EUR",2022,3
"EEIO_CANADA","FR","20.60Z","GVA",73,"GCO2E_EUR",2022,3
"EEIO_CANADA","FR","20.60Z","IC",112,"GCO2E_EUR",2022,3
"EEIO_CANADA","FR","20.60Z","PRD",87,"GCO2E_EUR",2022,3
"EEIO_CANADA","FR","21.10Z","FD",43,"GCO2E_EUR",2022,2
"EEIO_CANADA","FR","21.10Z","GVA",42,"GCO2E_EUR",2022,2
"EEIO_CANADA","FR","21.10Z","IC",41,"GCO2E_EUR",2022,2
"EEIO_CANADA","FR","21.10Z","PRD",42,"GCO2E_EUR",2022,2
"EEIO_CANADA","FR","21.20Z","FD",43,"GCO2E_EUR",2022,2
"EEIO_CANADA","FR","21.20Z","GVA",42,"GCO2E_EUR",2022,2
"EEIO_CANADA","FR","21.20Z","IC",41,"GCO2E_EUR",2022,2
"EEIO_CANADA","FR","21.20Z","PRD",42,"GCO2E_EUR",2022,2
"EEIO_CANADA","FR","22.11Z","FD",40,"GCO2E_EUR",2022,2
"EEIO_CANADA","FR","22.11Z","GVA",49,"GCO2E_EUR",2022,2
"EEIO_CANADA","FR","22.11Z","IC",18,"GCO2E_EUR",2022,2
"EEIO_CANADA","FR","22.11Z","PRD",39,"GCO2E_EUR",2022,2
"EEIO_CANADA","FR","22.19Z","FD",40,"GCO2E_EUR",2022,2
"EEIO_CANADA","FR","22.19Z","GVA",49,"GCO2E_EUR",2022,2
"EEIO_CANADA","FR","22.19Z","IC",18,"GCO2E_EUR",2022,2
"EEIO_CANADA","FR","22.19Z","PRD",39,"GCO2E_EUR",2022,2
"EEIO_CANADA","FR","22.21Z","FD",33,"GCO2E_EUR",2022,3
"EEIO_CANADA","FR","22.21Z","GVA",36,"GCO2E_EUR",2022,3
"EEIO_CANADA","FR","22.21Z","IC",25,"GCO2E_EUR",2022,3
"EEIO_CANADA","FR","22.21Z","PRD",33,"GCO2E_EUR",2022,3
"EEIO_CANADA","FR","22.22Z","FD",33,"GCO2E_EUR",2022,3
"EEIO_CANADA","FR","22.22Z","GVA",36,"GCO2E_EUR",2022,3
"EEIO_CANADA","FR","22.22Z","IC",25,"GCO2E_EUR",2022,3
"EEIO_CANADA","FR","22.22Z","PRD",33,"GCO2E_EUR",2022,3
"EEIO_CANADA","FR","22.23Z","FD",33,"GCO2E_EUR",2022,3
"EEIO_CANADA","FR","22.23Z","GVA",36,"GCO2E_EUR",2022,3
"EEIO_CANADA","FR","22.23Z","IC",25,"GCO2E_EUR",2022,3
"EEIO_CANADA","FR","22.23Z","PRD",33,"GCO2E_EUR",2022,3
"EEIO_CANADA","FR","22.29A","FD",33,"GCO2E_EUR",2022,3
"EEIO_CANADA","FR","22.29A","GVA",36,"GCO2E_EUR",2022,3
"EEIO_CANADA","FR","22.29A","IC",25,"GCO2E_EUR",2022,3
"EEIO_CANADA","FR","22.29A","PRD",33,"GCO2E_EUR",2022,3
"EEIO_CANADA","FR","22.29B","FD",33,"GCO2E_EUR",2022,3
"EEIO_CANADA","FR","22.29B","GVA",36,"GCO2E_EUR",2022,3
"EEIO_CANADA","FR","22.29B","IC",25,"GCO2E_EUR",2022,3
"EEIO_CANADA","FR","22.29B","PRD",33,"GCO2E_EUR",2022,3
"EEIO_CANADA","FR","23.11Z","FD",308,"GCO2E_EUR",2022,3
"EEIO_CANADA","FR","23.11Z","GVA",427,"GCO2E_EUR",2022,3
"EEIO_CANADA","FR","23.11Z","IC",18,"GCO2E_EUR",2022,3
"EEIO_CANADA","FR","23.11Z","PRD",305,"GCO2E_EUR",2022,3
"EEIO_CANADA","FR","23.12Z","FD",308,"GCO2E_EUR",2022,3
"EEIO_CANADA","FR","23.12Z","GVA",427,"GCO2E_EUR",2022,3
"EEIO_CANADA","FR","23.12Z","IC",18,"GCO2E_EUR",2022,3
"EEIO_CANADA","FR","23.12Z","PRD",305,"GCO2E_EUR",2022,3
"EEIO_CANADA","FR","23.13Z","FD",308,"GCO2E_EUR",2022,3
"EEIO_CANADA","FR","23.13Z","GVA",427,"GCO2E_EUR",2022,3
"EEIO_CANADA","FR","23.13Z","IC",18,"GCO2E_EUR",2022,3
"EEIO_CANADA","FR","23.13Z","PRD",305,"GCO2E_EUR",2022,3
"EEIO_CANADA","FR","23.14Z","FD",308,"GCO2E_EUR",2022,3
"EEIO_CANADA","FR","23.14Z","GVA",427,"GCO2E_EUR",2022,3
"EEIO_CANADA","FR","23.14Z","IC",18,"GCO2E_EUR",2022,3
"EEIO_CANADA","FR","23.14Z","PRD",305,"GCO2E_EUR",2022,3
"EEIO_CANADA","FR","23.19Z","FD",308,"GCO2E_EUR",2022,3
"EEIO_CANADA","FR","23.19Z","GVA",427,"GCO2E_EUR",2022,3
"EEIO_CANADA","FR","23.19Z","IC",18,"GCO2E_EUR",2022,3
"EEIO_CANADA","FR","23.19Z","PRD",305,"GCO2E_EUR",2022,3
"EEIO_CANADA","FR","23.20Z","FD",308,"GCO2E_EUR",2022,3
"EEIO_CANADA","FR","23.20Z","GVA",427,"GCO2E_EUR",2022,3
"EEIO_CANADA","FR","23.20Z","IC",18,"GCO2E_EUR",2022,3
"EEIO_CANADA","FR","23.20Z","PRD",305,"GCO2E_EUR",2022,3
"EEIO_CANADA","FR","23.31Z","FD",308,"GCO2E_EUR",2022,3
"EEIO_CANADA","FR","23.31Z","GVA",427,"GCO2E_EUR",2022,3
"EEIO_CANADA","FR","23.31Z","IC",18,"GCO2E_EUR",2022,3
"EEIO_CANADA","FR","23.31Z","PRD",305,"GCO2E_EUR",2022,3
"EEIO_CANADA","FR","23.32Z","FD",308,"GCO2E_EUR",2022,3
"EEIO_CANADA","FR","23.32Z","GVA",427,"GCO2E_EUR",2022,3
"EEIO_CANADA","FR","23.32Z","IC",18,"GCO2E_EUR",2022,3
"EEIO_CANADA","FR","23.32Z","PRD",305,"GCO2E_EUR",2022,3
"EEIO_CANADA","FR","23.41Z","FD",308,"GCO2E_EUR",2022,3
"EEIO_CANADA","FR","23.41Z","GVA",427,"GCO2E_EUR",2022,3
"EEIO_CANADA","FR","23.41Z","IC",18,"GCO2E_EUR",2022,3
"EEIO_CANADA","FR","23.41Z","PRD",305,"GCO2E_EUR",2022,3
"EEIO_CANADA","FR","23.42Z","FD",308,"GCO2E_EUR",2022,3
"EEIO_CANADA","FR","23.42Z","GVA",427,"GCO2E_EUR",2022,3
"EEIO_CANADA","FR","23.42Z","IC",18,"GCO2E_EUR",2022,3
"EEIO_CANADA","FR","23.42Z","PRD",305,"GCO2E_EUR",2022,3
"EEIO_CANADA","FR","23.43Z","FD",308,"GCO2E_EUR",2022,3
"EEIO_CANADA","FR","23.43Z","GVA",427,"GCO2E_EUR",2022,3
"EEIO_CANADA","FR","23.43Z","IC",18,"GCO2E_EUR",2022,3
"EEIO_CANADA","FR","23.43Z","PRD",305,"GCO2E_EUR",2022,3
"EEIO_CANADA","FR","23.44Z","FD",308,"GCO2E_EUR",2022,3
"EEIO_CANADA","FR","23.44Z","GVA",427,"GCO2E_EUR",2022,3
"EEIO_CANADA","FR","23.44Z","IC",18,"GCO2E_EUR",2022,3
"EEIO_CANADA","FR","23.44Z","PRD",305,"GCO2E_EUR",2022,3
"EEIO_CANADA","FR","23.49Z","FD",308,"GCO2E_EUR",2022,3
"EEIO_CANADA","FR","23.49Z","GVA",427,"GCO2E_EUR",2022,3
"EEIO_CANADA","FR","23.49Z","IC",18,"GCO2E_EUR",2022,3
"EEIO_CANADA","FR","23.49Z","PRD",305,"GCO2E_EUR",2022,3
"EEIO_CANADA","FR","23.51Z","FD",839,"GCO2E_EUR",2022,3
"EEIO_CANADA","FR","23.51Z","GVA",1170,"GCO2E_EUR",2022,3
"EEIO_CANADA","FR","23.51Z","IC",14,"GCO2E_EUR",2022,3
"EEIO_CANADA","FR","23.51Z","PRD",819,"GCO2E_EUR",2022,3
"EEIO_CANADA","FR","23.52Z","FD",839,"GCO2E_EUR",2022,3
"EEIO_CANADA","FR","23.52Z","GVA",1170,"GCO2E_EUR",2022,3
"EEIO_CANADA","FR","23.52Z","IC",14,"GCO2E_EUR",2022,3
"EEIO_CANADA","FR","23.52Z","PRD",819,"GCO2E_EUR",2022,3
"EEIO_CANADA","FR","23.61Z","FD",839,"GCO2E_EUR",2022,3
"EEIO_CANADA","FR","23.61Z","GVA",1170,"GCO2E_EUR",2022,3
"EEIO_CANADA","FR","23.61Z","IC",14,"GCO2E_EUR",2022,3
"EEIO_CANADA","FR","23.61Z","PRD",819,"GCO2E_EUR",2022,3
"EEIO_CANADA","FR","23.62Z","FD",839,"GCO2E_EUR",2022,3
"EEIO_CANADA","FR","23.62Z","GVA",1170,"GCO2E_EUR",2022,3
"EEIO_CANADA","FR","23.62Z","IC",14,"GCO2E_EUR",2022,3
"EEIO_CANADA","FR","23.62Z","PRD",819,"GCO2E_EUR",2022,3
"EEIO_CANADA","FR","23.63Z","FD",839,"GCO2E_EUR",2022,3
"EEIO_CANADA","FR","23.63Z","GVA",1170,"GCO2E_EUR",2022,3
"EEIO_CANADA","FR","23.63Z","IC",14,"GCO2E_EUR",2022,3
"EEIO_CANADA","FR","23.63Z","PRD",819,"GCO2E_EUR",2022,3
"EEIO_CANADA","FR","23.64Z","FD",839,"GCO2E_EUR",2022,3
"EEIO_CANADA","FR","23.64Z","GVA",1170,"GCO2E_EUR",2022,3
"EEIO_CANADA","FR","23.64Z","IC",14,"GCO2E_EUR",2022,3
"EEIO_CANADA","FR","23.64Z","PRD",819,"GCO2E_EUR",2022,3
"EEIO_CANADA","FR","23.65Z","FD",839,"GCO2E_EUR",2022,3
"EEIO_CANADA","FR","23.65Z","GVA",1170,"GCO2E_EUR",2022,3
"EEIO_CANADA","FR","23.65Z","IC",14,"GCO2E_EUR",2022,3
"EEIO_CANADA","FR","23.65Z","PRD",819,"GCO2E_EUR",2022,3
"EEIO_CANADA","FR","23.69Z","FD",839,"GCO2E_EUR",2022,3
"EEIO_CANADA","FR","23.69Z","GVA",1170,"GCO2E_EUR",2022,3
"EEIO_CANADA","FR","23.69Z","IC",14,"GCO2E_EUR",2022,3
"EEIO_CANADA","FR","23.69Z","PRD",819,"GCO2E_EUR",2022,3
"EEIO_CANADA","FR","23.70Z","FD",308,"GCO2E_EUR",2022,3
"EEIO_CANADA","FR","23.70Z","GVA",427,"GCO2E_EUR",2022,3
"EEIO_CANADA","FR","23.70Z","IC",18,"GCO2E_EUR",2022,3
"EEIO_CANADA","FR","23.70Z","PRD",305,"GCO2E_EUR",2022,3
"EEIO_CANADA","FR","23.91Z","FD",308,"GCO2E_EUR",2022,3
"EEIO_CANADA","FR","23.91Z","GVA",427,"GCO2E_EUR",2022,3
"EEIO_CANADA","FR","23.91Z","IC",18,"GCO2E_EUR",2022,3
"EEIO_CANADA","FR","23.91Z","PRD",305,"GCO2E_EUR",2022,3
"EEIO_CANADA","FR","23.99Z","FD",308,"GCO2E_EUR",2022,3
"EEIO_CANADA","FR","23.99Z","GVA",427,"GCO2E_EUR",2022,3
"EEIO_CANADA","FR","23.99Z","IC",18,"GCO2E_EUR",2022,3
"EEIO_CANADA","FR","23.99Z","PRD",305,"GCO2E_EUR",2022,3
"EEIO_CANADA","FR","24.10Z","FD",477,"GCO2E_EUR",2022,4
"EEIO_CANADA","FR","24.10Z","GVA",714,"GCO2E_EUR",2022,4
"EEIO_CANADA","FR","24.10Z","IC",13,"GCO2E_EUR",2022,4
"EEIO_CANADA","FR","24.10Z","PRD",436,"GCO2E_EUR",2022,4
"EEIO_CANADA","FR","24.20Z","FD",477,"GCO2E_EUR",2022,4
"EEIO_CANADA","FR","24.20Z","GVA",714,"GCO2E_EUR",2022,4
"EEIO_CANADA","FR","24.20Z","IC",13,"GCO2E_EUR",2022,4
"EEIO_CANADA","FR","24.20Z","PRD",436,"GCO2E_EUR",2022,4
"EEIO_CANADA","FR","24.31Z","FD",477,"GCO2E_EUR",2022,4
"EEIO_CANADA","FR","24.31Z","GVA",714,"GCO2E_EUR",2022,4
"EEIO_CANADA","FR","24.31Z","IC",13,"GCO2E_EUR",2022,4
"EEIO_CANADA","FR","24.31Z","PRD",436,"GCO2E_EUR",2022,4
"EEIO_CANADA","FR","24.32Z","FD",477,"GCO2E_EUR",2022,4
"EEIO_CANADA","FR","24.32Z","GVA",714,"GCO2E_EUR",2022,4
"EEIO_CANADA","FR","24.32Z","IC",13,"GCO2E_EUR",2022,4
"EEIO_CANADA","FR","24.32Z","PRD",436,"GCO2E_EUR",2022,4
"EEIO_CANADA","FR","24.33Z","FD",477,"GCO2E_EUR",2022,4
"EEIO_CANADA","FR","24.33Z","GVA",714,"GCO2E_EUR",2022,4
"EEIO_CANADA","FR","24.33Z","IC",13,"GCO2E_EUR",2022,4
"EEIO_CANADA","FR","24.33Z","PRD",436,"GCO2E_EUR",2022,4
"EEIO_CANADA","FR","24.34Z","FD",477,"GCO2E_EUR",2022,4
"EEIO_CANADA","FR","24.34Z","GVA",714,"GCO2E_EUR",2022,4
"EEIO_CANADA","FR","24.34Z","IC",13,"GCO2E_EUR",2022,4
"EEIO_CANADA","FR","24.34Z","PRD",436,"GCO2E_EUR",2022,4
"EEIO_CANADA","FR","24.41Z","FD",477,"GCO2E_EUR",2022,4
"EEIO_CANADA","FR","24.41Z","GVA",714,"GCO2E_EUR",2022,4
"EEIO_CANADA","FR","24.41Z","IC",13,"GCO2E_EUR",2022,4
"EEIO_CANADA","FR","24.41Z","PRD",436,"GCO2E_EUR",2022,4
"EEIO_CANADA","FR","24.42Z","FD",477,"GCO2E_EUR",2022,4
"EEIO_CANADA","FR","24.42Z","GVA",714,"GCO2E_EUR",2022,4
"EEIO_CANADA","FR","24.42Z","IC",13,"GCO2E_EUR",2022,4
"EEIO_CANADA","FR","24.42Z","PRD",436,"GCO2E_EUR",2022,4
"EEIO_CANADA","FR","24.43Z","FD",477,"GCO2E_EUR",2022,4
"EEIO_CANADA","FR","24.43Z","GVA",714,"GCO2E_EUR",2022,4
"EEIO_CANADA","FR","24.43Z","IC",13,"GCO2E_EUR",2022,4
"EEIO_CANADA","FR","24.43Z","PRD",436,"GCO2E_EUR",2022,4
"EEIO_CANADA","FR","24.44Z","FD",477,"GCO2E_EUR",2022,4
"EEIO_CANADA","FR","24.44Z","GVA",714,"GCO2E_EUR",2022,4
"EEIO_CANADA","FR","24.44Z","IC",13,"GCO2E_EUR",2022,4
"EEIO_CANADA","FR","24.44Z","PRD",436,"GCO2E_EUR",2022,4
"EEIO_CANADA","FR","24.45Z","FD",477,"GCO2E_EUR",2022,4
"EEIO_CANADA","FR","24.45Z","GVA",714,"GCO2E_EUR",2022,4
"EEIO_CANADA","FR","24.45Z","IC",13,"GCO2E_EUR",2022,4
"EEIO_CANADA","FR","24.45Z","PRD",436,"GCO2E_EUR",2022,4
"EEIO_CANADA","FR","24.46Z","FD",477,"GCO2E_EUR",2022,4
"EEIO_CANADA","FR","24.46Z","GVA",714,"GCO2E_EUR",2022,4
"EEIO_CANADA","FR","24.46Z","IC",13,"GCO2E_EUR",2022,4
"EEIO_CANADA","FR","24.46Z","PRD",436,"GCO2E_EUR",2022,4
"EEIO_CANADA","FR","24.51Z","FD",477,"GCO2E_EUR",2022,4
"EEIO_CANADA","FR","24.51Z","GVA",714,"GCO2E_EUR",2022,4
"EEIO_CANADA","FR","24.51Z","IC",13,"GCO2E_EUR",2022,4
"EEIO_CANADA","FR","24.51Z","PRD",436,"GCO2E_EUR",2022,4
"EEIO_CANADA","FR","24.52Z","FD",477,"GCO2E_EUR",2022,4
"EEIO_CANADA","FR","24.52Z","GVA",714,"GCO2E_EUR",2022,4
"EEIO_CANADA","FR","24.52Z","IC",13,"GCO2E_EUR",2022,4
"EEIO_CANADA","FR","24.52Z","PRD",436,"GCO2E_EUR",2022,4
"EEIO_CANADA","FR","24.53Z","FD",477,"GCO2E_EUR",2022,4
"EEIO_CANADA","FR","24.53Z","GVA",714,"GCO2E_EUR",2022,4
"EEIO_CANADA","FR","24.53Z","IC",13,"GCO2E_EUR",2022,4
"EEIO_CANADA","FR","24.53Z","PRD",436,"GCO2E_EUR",2022,4
"EEIO_CANADA","FR","24.54Z","FD",477,"GCO2E_EUR",2022,4
"EEIO_CANADA","FR","24.54Z","GVA",714,"GCO2E_EUR",2022,4
"EEIO_CANADA","FR","24.54Z","IC",13,"GCO2E_EUR",2022,4
"EEIO_CANADA","FR","24.54Z","PRD",436,"GCO2E_EUR",2022,4
"EEIO_CANADA","FR","25.11Z","FD",37,"GCO2E_EUR",2022,4
"EEIO_CANADA","FR","25.11Z","GVA",26,"GCO2E_EUR",2022,4
"EEIO_CANADA","FR","25.11Z","IC",64,"GCO2E_EUR",2022,4
"EEIO_CANADA","FR","25.11Z","PRD",37,"GCO2E_EUR",2022,4
"EEIO_CANADA","FR","25.12Z","FD",37,"GCO2E_EUR",2022,4
"EEIO_CANADA","FR","25.12Z","GVA",26,"GCO2E_EUR",2022,4
"EEIO_CANADA","FR","25.12Z","IC",64,"GCO2E_EUR",2022,4
"EEIO_CANADA","FR","25.12Z","PRD",37,"GCO2E_EUR",2022,4
"EEIO_CANADA","FR","25.21Z","FD",37,"GCO2E_EUR",2022,4
"EEIO_CANADA","FR","25.21Z","GVA",26,"GCO2E_EUR",2022,4
"EEIO_CANADA","FR","25.21Z","IC",64,"GCO2E_EUR",2022,4
"EEIO_CANADA","FR","25.21Z","PRD",37,"GCO2E_EUR",2022,4
"EEIO_CANADA","FR","25.29Z","FD",37,"GCO2E_EUR",2022,4
"EEIO_CANADA","FR","25.29Z","GVA",26,"GCO2E_EUR",2022,4
"EEIO_CANADA","FR","25.29Z","IC",64,"GCO2E_EUR",2022,4
"EEIO_CANADA","FR","25.29Z","PRD",37,"GCO2E_EUR",2022,4
"EEIO_CANADA","FR","25.30Z","FD",37,"GCO2E_EUR",2022,4
"EEIO_CANADA","FR","25.30Z","GVA",26,"GCO2E_EUR",2022,4
"EEIO_CANADA","FR","25.30Z","IC",64,"GCO2E_EUR",2022,4
"EEIO_CANADA","FR","25.30Z","PRD",37,"GCO2E_EUR",2022,4
"EEIO_CANADA","FR","25.40Z","FD",37,"GCO2E_EUR",2022,4
"EEIO_CANADA","FR","25.40Z","GVA",26,"GCO2E_EUR",2022,4
"EEIO_CANADA","FR","25.40Z","IC",64,"GCO2E_EUR",2022,4
"EEIO_CANADA","FR","25.40Z","PRD",37,"GCO2E_EUR",2022,4
"EEIO_CANADA","FR","25.50A","FD",37,"GCO2E_EUR",2022,4
"EEIO_CANADA","FR","25.50A","GVA",26,"GCO2E_EUR",2022,4
"EEIO_CANADA","FR","25.50A","IC",64,"GCO2E_EUR",2022,4
"EEIO_CANADA","FR","25.50A","PRD",37,"GCO2E_EUR",2022,4
"EEIO_CANADA","FR","25.50B","FD",37,"GCO2E_EUR",2022,4
"EEIO_CANADA","FR","25.50B","GVA",26,"GCO2E_EUR",2022,4
"EEIO_CANADA","FR","25.50B","IC",64,"GCO2E_EUR",2022,4
"EEIO_CANADA","FR","25.50B","PRD",37,"GCO2E_EUR",2022,4
"EEIO_CANADA","FR","25.61Z","FD",37,"GCO2E_EUR",2022,4
"EEIO_CANADA","FR","25.61Z","GVA",26,"GCO2E_EUR",2022,4
"EEIO_CANADA","FR","25.61Z","IC",64,"GCO2E_EUR",2022,4
"EEIO_CANADA","FR","25.61Z","PRD",37,"GCO2E_EUR",2022,4
"EEIO_CANADA","FR","25.62A","FD",37,"GCO2E_EUR",2022,4
"EEIO_CANADA","FR","25.62A","GVA",26,"GCO2E_EUR",2022,4
"EEIO_CANADA","FR","25.62A","IC",64,"GCO2E_EUR",2022,4
"EEIO_CANADA","FR","25.62A","PRD",37,"GCO2E_EUR",2022,4
"EEIO_CANADA","FR","25.62B","FD",37,"GCO2E_EUR",2022,4
"EEIO_CANADA","FR","25.62B","GVA",26,"GCO2E_EUR",2022,4
"EEIO_CANADA","FR","25.62B","IC",64,"GCO2E_EUR",2022,4
"EEIO_CANADA","FR","25.62B","PRD",37,"GCO2E_EUR",2022,4
"EEIO_CANADA","FR","25.71Z","FD",37,"GCO2E_EUR",2022,4
"EEIO_CANADA","FR","25.71Z","GVA",26,"GCO2E_EUR",2022,4
"EEIO_CANADA","FR","25.71Z","IC",64,"GCO2E_EUR",2022,4
"EEIO_CANADA","FR","25.71Z","PRD",37,"GCO2E_EUR",2022,4
"EEIO_CANADA","FR","25.72Z","FD",37,"GCO2E_EUR",2022,4
"EEIO_CANADA","FR","25.72Z","GVA",26,"GCO2E_EUR",2022,4
"EEIO_CANADA","FR","25.72Z","IC",64,"GCO2E_EUR",2022,4
"EEIO_CANADA","FR","25.72Z","PRD",37,"GCO2E_EUR",2022,4
"EEIO_CANADA","FR","25.73A","FD",37,"GCO2E_EUR",2022,4
"EEIO_CANADA","FR","25.73A","GVA",26,"GCO2E_EUR",2022,4
"EEIO_CANADA","FR","25.73A","IC",64,"GCO2E_EUR",2022,4
"EEIO_CANADA","FR","25.73A","PRD",37,"GCO2E_EUR",2022,4
"EEIO_CANADA","FR","25.73B","FD",37,"GCO2E_EUR",2022,4
"EEIO_CANADA","FR","25.73B","GVA",26,"GCO2E_EUR",2022,4
"EEIO_CANADA","FR","25.73B","IC",64,"GCO2E_EUR",2022,4
"EEIO_CANADA","FR","25.73B","PRD",37,"GCO2E_EUR",2022,4
"EEIO_CANADA","FR","25.91Z","FD",37,"GCO2E_EUR",2022,4
"EEIO_CANADA","FR","25.91Z","GVA",26,"GCO2E_EUR",2022,4
"EEIO_CANADA","FR","25.91Z","IC",64,"GCO2E_EUR",2022,4
"EEIO_CANADA","FR","25.91Z","PRD",37,"GCO2E_EUR",2022,4
"EEIO_CANADA","FR","25.92Z","FD",37,"GCO2E_EUR",2022,4
"EEIO_CANADA","FR","25.92Z","GVA",26,"GCO2E_EUR",2022,4
"EEIO_CANADA","FR","25.92Z","IC",64,"GCO2E_EUR",2022,4
"EEIO_CANADA","FR","25.92Z","PRD",37,"GCO2E_EUR",2022,4
"EEIO_CANADA","FR","25.93Z","FD",37,"GCO2E_EUR",2022,4
"EEIO_CANADA","FR","25.93Z","GVA",26,"GCO2E_EUR",2022,4
"EEIO_CANADA","FR","25.93Z","IC",64,"GCO2E_EUR",2022,4
"EEIO_CANADA","FR","25.93Z","PRD",37,"GCO2E_EUR",2022,4
"EEIO_CANADA","FR","25.94Z","FD",37,"GCO2E_EUR",2022,4
"EEIO_CANADA","FR","25.94Z","GVA",26,"GCO2E_EUR",2022,4
"EEIO_CANADA","FR","25.94Z","IC",64,"GCO2E_EUR",2022,4
"EEIO_CANADA","FR","25.94Z","PRD",37,"GCO2E_EUR",2022,4
"EEIO_CANADA","FR","25.99A","FD",37,"GCO2E_EUR",2022,4
"EEIO_CANADA","FR","25.99A","GVA",26,"GCO2E_EUR",2022,4
"EEIO_CANADA","FR","25.99A","IC",64,"GCO2E_EUR",2022,4
"EEIO_CANADA","FR","25.99A","PRD",37,"GCO2E_EUR",2022,4
"EEIO_CANADA","FR","25.99B","FD",37,"GCO2E_EUR",2022,4
"EEIO_CANADA","FR","25.99B","GVA",26,"GCO2E_EUR",2022,4
"EEIO_CANADA","FR","25.99B","IC",64,"GCO2E_EUR",2022,4
"EEIO_CANADA","FR","25.99B","PRD",37,"GCO2E_EUR",2022,4
"EEIO_CANADA","FR","26.11Z","FD",18,"GCO2E_EUR",2022,4
"EEIO_CANADA","FR","26.11Z","GVA",20,"GCO2E_EUR",2022,4
"EEIO_CANADA","FR","26.11Z","IC",13,"GCO2E_EUR",2022,4
"EEIO_CANADA","FR","26.11Z","PRD",18,"GCO2E_EUR",2022,4
"EEIO_CANADA","FR","26.12Z","FD",18,"GCO2E_EUR",2022,4
"EEIO_CANADA","FR","26.12Z","GVA",20,"GCO2E_EUR",2022,4
"EEIO_CANADA","FR","26.12Z","IC",13,"GCO2E_EUR",2022,4
"EEIO_CANADA","FR","26.12Z","PRD",18,"GCO2E_EUR",2022,4
"EEIO_CANADA","FR","26.20Z","FD",18,"GCO2E_EUR",2022,4
"EEIO_CANADA","FR","26.20Z","GVA",20,"GCO2E_EUR",2022,4
"EEIO_CANADA","FR","26.20Z","IC",13,"GCO2E_EUR",2022,4
"EEIO_CANADA","FR","26.20Z","PRD",18,"GCO2E_EUR",2022,4
"EEIO_CANADA","FR","26.30Z","FD",18,"GCO2E_EUR",2022,4
"EEIO_CANADA","FR","26.30Z","GVA",20,"GCO2E_EUR",2022,4
"EEIO_CANADA","FR","26.30Z","IC",13,"GCO2E_EUR",2022,4
"EEIO_CANADA","FR","26.30Z","PRD",18,"GCO2E_EUR",2022,4
"EEIO_CANADA","FR","26.40Z","FD",18,"GCO2E_EUR",2022,4
"EEIO_CANADA","FR","26.40Z","GVA",20,"GCO2E_EUR",2022,4
"EEIO_CANADA","FR","26.40Z","IC",13,"GCO2E_EUR",2022,4
"EEIO_CANADA","FR","26.40Z","PRD",18,"GCO2E_EUR",2022,4
"EEIO_CANADA","FR","26.51A","FD",18,"GCO2E_EUR",2022,4
"EEIO_CANADA","FR","26.51A","GVA",20,"GCO2E_EUR",2022,4
"EEIO_CANADA","FR","26.51A","IC",13,"GCO2E_EUR",2022,4
"EEIO_CANADA","FR","26.51A","PRD",18,"GCO2E_EUR",2022,4
"EEIO_CANADA","FR","26.51B","FD",18,"GCO2E_EUR",2022,4
"EEIO_CANADA","FR","26.51B","GVA",20,"GCO2E_EUR",2022,4
"EEIO_CANADA","FR","26.51B","IC",13,"GCO2E_EUR",2022,4
"EEIO_CANADA","FR","26.51B","PRD",18,"GCO2E_EUR",2022,4
"EEIO_CANADA","FR","26.52Z","FD",18,"GCO2E_EUR",2022,4
"EEIO_CANADA","FR","26.52Z","GVA",20,"GCO2E_EUR",2022,4
"EEIO_CANADA","FR","26.52Z","IC",13,"GCO2E_EUR",2022,4
"EEIO_CANADA","FR","26.52Z","PRD",18,"GCO2E_EUR",2022,4
"EEIO_CANADA","FR","26.60Z","FD",18,"GCO2E_EUR",2022,4
"EEIO_CANADA","FR","26.60Z","GVA",20,"GCO2E_EUR",2022,4
"EEIO_CANADA","FR","26.60Z","IC",13,"GCO2E_EUR",2022,4
"EEIO_CANADA","FR","26.60Z","PRD",18,"GCO2E_EUR",2022,4
"EEIO_CANADA","FR","26.70Z","FD",18,"GCO2E_EUR",2022,4
"EEIO_CANADA","FR","26.70Z","GVA",20,"GCO2E_EUR",2022,4
"EEIO_CANADA","FR","26.70Z","IC",13,"GCO2E_EUR",2022,4
"EEIO_CANADA","FR","26.70Z","PRD",18,"GCO2E_EUR",2022,4
"EEIO_CANADA","FR","26.80Z","FD",18,"GCO2E_EUR",2022,4
"EEIO_CANADA","FR","26.80Z","GVA",20,"GCO2E_EUR",2022,4
"EEIO_CANADA","FR","26.80Z","IC",13,"GCO2E_EUR",2022,4
"EEIO_CANADA","FR","26.80Z","PRD",18,"GCO2E_EUR",2022,4
"EEIO_CANADA","FR","27.11Z","FD",63,"GCO2E_EUR",2022,4
"EEIO_CANADA","FR","27.11Z","GVA",22,"GCO2E_EUR",2022,4
"EEIO_CANADA","FR","27.11Z","IC",140,"GCO2E_EUR",2022,4
"EEIO_CANADA","FR","27.11Z","PRD",59,"GCO2E_EUR",2022,4
"EEIO_CANADA","FR","27.12Z","FD",63,"GCO2E_EUR",2022,4
"EEIO_CANADA","FR","27.12Z","GVA",22,"GCO2E_EUR",2022,4
"EEIO_CANADA","FR","27.12Z","IC",140,"GCO2E_EUR",2022,4
"EEIO_CANADA","FR","27.12Z","PRD",59,"GCO2E_EUR",2022,4
"EEIO_CANADA","FR","27.20Z","FD",63,"GCO2E_EUR",2022,4
"EEIO_CANADA","FR","27.20Z","GVA",22,"GCO2E_EUR",2022,4
"EEIO_CANADA","FR","27.20Z","IC",140,"GCO2E_EUR",2022,4
"EEIO_CANADA","FR","27.20Z","PRD",59,"GCO2E_EUR",2022,4
"EEIO_CANADA","FR","27.31Z","FD",63,"GCO2E_EUR",2022,4
"EEIO_CANADA","FR","27.31Z","GVA",22,"GCO2E_EUR",2022,4
"EEIO_CANADA","FR","27.31Z","IC",140,"GCO2E_EUR",2022,4
"EEIO_CANADA","FR","27.31Z","PRD",59,"GCO2E_EUR",2022,4
"EEIO_CANADA","FR","27.32Z","FD",63,"GCO2E_EUR",2022,4
"EEIO_CANADA","FR","27.32Z","GVA",22,"GCO2E_EUR",2022,4
"EEIO_CANADA","FR","27.32Z","IC",140,"GCO2E_EUR",2022,4
"EEIO_CANADA","FR","27.32Z","PRD",59,"GCO2E_EUR",2022,4
"EEIO_CANADA","FR","27.33Z","FD",63,"GCO2E_EUR",2022,4
"EEIO_CANADA","FR","27.33Z","GVA",22,"GCO2E_EUR",2022,4
"EEIO_CANADA","FR","27.33Z","IC",140,"GCO2E_EUR",2022,4
"EEIO_CANADA","FR","27.33Z","PRD",59,"GCO2E_EUR",2022,4
"EEIO_CANADA","FR","27.40Z","FD",63,"GCO2E_EUR",2022,4
"EEIO_CANADA","FR","27.40Z","GVA",22,"GCO2E_EUR",2022,4
"EEIO_CANADA","FR","27.40Z","IC",140,"GCO2E_EUR",2022,4
"EEIO_CANADA","FR","27.40Z","PRD",59,"GCO2E_EUR",2022,4
"EEIO_CANADA","FR","27.51Z","FD",63,"GCO2E_EUR",2022,4
"EEIO_CANADA","FR","27.51Z","GVA",22,"GCO2E_EUR",2022,4
"EEIO_CANADA","FR","27.51Z","IC",140,"GCO2E_EUR",2022,4
"EEIO_CANADA","FR","27.51Z","PRD",59,"GCO2E_EUR",2022,4
"EEIO_CANADA","FR","27.52Z","FD",63,"GCO2E_EUR",2022,4
"EEIO_CANADA","FR","27.52Z","GVA",22,"GCO2E_EUR",2022,4
"EEIO_CANADA","FR","27.52Z","IC",140,"GCO2E_EUR",2022,4
"EEIO_CANADA","FR","27.52Z","PRD",59,"GCO2E_EUR",2022,4
"EEIO_CANADA","FR","27.90Z","FD",63,"GCO2E_EUR",2022,4
"EEIO_CANADA","FR","27.90Z","GVA",22,"GCO2E_EUR",2022,4
"EEIO_CANADA","FR","27.90Z","IC",140,"GCO2E_EUR",2022,4
"EEIO_CANADA","FR","27.90Z","PRD",59,"GCO2E_EUR",2022,4
"EEIO_CANADA","FR","28.11Z","FD",20,"GCO2E_EUR",2022,4
"EEIO_CANADA","FR","28.11Z","GVA",17,"GCO2E_EUR",2022,4
"EEIO_CANADA","FR","28.11Z","IC",23,"GCO2E_EUR",2022,4
"EEIO_CANADA","FR","28.11Z","PRD",19,"GCO2E_EUR",2022,4
"EEIO_CANADA","FR","28.12Z","FD",20,"GCO2E_EUR",2022,4
"EEIO_CANADA","FR","28.12Z","GVA",17,"GCO2E_EUR",2022,4
"EEIO_CANADA","FR","28.12Z","IC",23,"GCO2E_EUR",2022,4
"EEIO_CANADA","FR","28.12Z","PRD",19,"GCO2E_EUR",2022,4
"EEIO_CANADA","FR","28.13Z","FD",20,"GCO2E_EUR",2022,4
"EEIO_CANADA","FR","28.13Z","GVA",17,"GCO2E_EUR",2022,4
"EEIO_CANADA","FR","28.13Z","IC",23,"GCO2E_EUR",2022,4
"EEIO_CANADA","FR","28.13Z","PRD",19,"GCO2E_EUR",2022,4
"EEIO_CANADA","FR","28.14Z","FD",20,"GCO2E_EUR",2022,4
"EEIO_CANADA","FR","28.14Z","GVA",17,"GCO2E_EUR",2022,4
"EEIO_CANADA","FR","28.14Z","IC",23,"GCO2E_EUR",2022,4
"EEIO_CANADA","FR","28.14Z","PRD",19,"GCO2E_EUR",2022,4
"EEIO_CANADA","FR","28.15Z","FD",20,"GCO2E_EUR",2022,4
"EEIO_CANADA","FR","28.15Z","GVA",17,"GCO2E_EUR",2022,4
"EEIO_CANADA","FR","28.15Z","IC",23,"GCO2E_EUR",2022,4
"EEIO_CANADA","FR","28.15Z","PRD",19,"GCO2E_EUR",2022,4
"EEIO_CANADA","FR","28.21Z","FD",20,"GCO2E_EUR",2022,4
"EEIO_CANADA","FR","28.21Z","GVA",17,"GCO2E_EUR",2022,4
"EEIO_CANADA","FR","28.21Z","IC",23,"GCO2E_EUR",2022,4
"EEIO_CANADA","FR","28.21Z","PRD",19,"GCO2E_EUR",2022,4
"EEIO_CANADA","FR","28.22Z","FD",20,"GCO2E_EUR",2022,4
"EEIO_CANADA","FR","28.22Z","GVA",17,"GCO2E_EUR",2022,4
"EEIO_CANADA","FR","28.22Z","IC",23,"GCO2E_EUR",2022,4
"EEIO_CANADA","FR","28.22Z","PRD",19,"GCO2E_EUR",2022,4
"EEIO_CANADA","FR","28.23Z","FD",20,"GCO2E_EUR",2022,4
"EEIO_CANADA","FR","28.23Z","GVA",17,"GCO2E_EUR",2022,4
"EEIO_CANADA","FR","28.23Z","IC",23,"GCO2E_EUR",2022,4
"EEIO_CANADA","FR","28.23Z","PRD",19,"GCO2E_EUR",2022,4
"EEIO_CANADA","FR","28.24Z","FD",20,"GCO2E_EUR",2022,4
"EEIO_CANADA","FR","28.24Z","GVA",17,"GCO2E_EUR",2022,4
"EEIO_CANADA","FR","28.24Z","IC",23,"GCO2E_EUR",2022,4
"EEIO_CANADA","FR","28.24Z","PRD",19,"GCO2E_EUR",2022,4
"EEIO_CANADA","FR","28.25Z","FD",20,"GCO2E_EUR",2022,4
"EEIO_CANADA","FR","28.25Z","GVA",17,"GCO2E_EUR",2022,4
"EEIO_CANADA","FR","28.25Z","IC",23,"GCO2E_EUR",2022,4
"EEIO_CANADA","FR","28.25Z","PRD",19,"GCO2E_EUR",2022,4
"EEIO_CANADA","FR","28.29A","FD",20,"GCO2E_EUR",2022,4
"EEIO_CANADA","FR","28.29A","GVA",17,"GCO2E_EUR",2022,4
"EEIO_CANADA","FR","28.29A","IC",23,"GCO2E_EUR",2022,4
"EEIO_CANADA","FR","28.29A","PRD",19,"GCO2E_EUR",2022,4
"EEIO_CANADA","FR","28.29B","FD",20,"GCO2E_EUR",2022,4
"EEIO_CANADA","FR","28.29B","GVA",17,"GCO2E_EUR",2022,4
"EEIO_CANADA","FR","28.29B","IC",23,"GCO2E_EUR",2022,4
"EEIO_CANADA","FR","28.29B","PRD",19,"GCO2E_EUR",2022,4
"EEIO_CANADA","FR","28.30Z","FD",20,"GCO2E_EUR",2022,4
"EEIO_CANADA","FR","28.30Z","GVA",17,"GCO2E_EUR",2022,4
"EEIO_CANADA","FR","28.30Z","IC",23,"GCO2E_EUR",2022,4
"EEIO_CANADA","FR","28.30Z","PRD",19,"GCO2E_EUR",2022,4
"EEIO_CANADA","FR","28.41Z","FD",20,"GCO2E_EUR",2022,4
"EEIO_CANADA","FR","28.41Z","GVA",17,"GCO2E_EUR",2022,4
"EEIO_CANADA","FR","28.41Z","IC",23,"GCO2E_EUR",2022,4
"EEIO_CANADA","FR","28.41Z","PRD",19,"GCO2E_EUR",2022,4
"EEIO_CANADA","FR","28.49Z","FD",20,"GCO2E_EUR",2022,4
"EEIO_CANADA","FR","28.49Z","GVA",17,"GCO2E_EUR",2022,4
"EEIO_CANADA","FR","28.49Z","IC",23,"GCO2E_EUR",2022,4
"EEIO_CANADA","FR","28.49Z","PRD",19,"GCO2E_EUR",2022,4
"EEIO_CANADA","FR","28.91Z","FD",20,"GCO2E_EUR",2022,4
"EEIO_CANADA","FR","28.91Z","GVA",17,"GCO2E_EUR",2022,4
"EEIO_CANADA","FR","28.91Z","IC",23,"GCO2E_EUR",2022,4
"EEIO_CANADA","FR","28.91Z","PRD",19,"GCO2E_EUR",2022,4
"EEIO_CANADA","FR","28.92Z","FD",20,"GCO2E_EUR",2022,4
"EEIO_CANADA","FR","28.92Z","GVA",17,"GCO2E_EUR",2022,4
"EEIO_CANADA","FR","28.92Z","IC",23,"GCO2E_EUR",2022,4
"EEIO_CANADA","FR","28.92Z","PRD",19,"GCO2E_EUR",2022,4
"EEIO_CANADA","FR","28.93Z","FD",20,"GCO2E_EUR",2022,4
"EEIO_CANADA","FR","28.93Z","GVA",17,"GCO2E_EUR",2022,4
"EEIO_CANADA","FR","28.93Z","IC",23,"GCO2E_EUR",2022,4
"EEIO_CANADA","FR","28.93Z","PRD",19,"GCO2E_EUR",2022,4
"EEIO_CANADA","FR","28.94Z","FD",20,"GCO2E_EUR",2022,4
"EEIO_CANADA","FR","28.94Z","GVA",17,"GCO2E_EUR",2022,4
"EEIO_CANADA","FR","28.94Z","IC",23,"GCO2E_EUR",2022,4
"EEIO_CANADA","FR","28.94Z","PRD",19,"GCO2E_EUR",2022,4
"EEIO_CANADA","FR","28.95Z","FD",20,"GCO2E_EUR",2022,4
"EEIO_CANADA","FR","28.95Z","GVA",17,"GCO2E_EUR",2022,4
"EEIO_CANADA","FR","28.95Z","IC",23,"GCO2E_EUR",2022,4
"EEIO_CANADA","FR","28.95Z","PRD",19,"GCO2E_EUR",2022,4
"EEIO_CANADA","FR","28.96Z","FD",20,"GCO2E_EUR",2022,4
"EEIO_CANADA","FR","28.96Z","GVA",17,"GCO2E_EUR",2022,4
"EEIO_CANADA","FR","28.96Z","IC",23,"GCO2E_EUR",2022,4
"EEIO_CANADA","FR","28.96Z","PRD",19,"GCO2E_EUR",2022,4
"EEIO_CANADA","FR","28.99A","FD",20,"GCO2E_EUR",2022,4
"EEIO_CANADA","FR","28.99A","GVA",17,"GCO2E_EUR",2022,4
"EEIO_CANADA","FR","28.99A","IC",23,"GCO2E_EUR",2022,4
"EEIO_CANADA","FR","28.99A","PRD",19,"GCO2E_EUR",2022,4
"EEIO_CANADA","FR","28.99B","FD",20,"GCO2E_EUR",2022,4
"EEIO_CANADA","FR","28.99B","GVA",17,"GCO2E_EUR",2022,4
"EEIO_CANADA","FR","28.99B","IC",23,"GCO2E_EUR",2022,4
"EEIO_CANADA","FR","28.99B","PRD",19,"GCO2E_EUR",2022,4
"EEIO_CANADA","FR","29.10Z","FD",11,"GCO2E_EUR",2022,1
"EEIO_CANADA","FR","29.10Z","GVA",7,"GCO2E_EUR",2022,1
"EEIO_CANADA","FR","29.10Z","IC",35,"GCO2E_EUR",2022,1
"EEIO_CANADA","FR","29.10Z","PRD",11,"GCO2E_EUR",2022,1
"EEIO_CANADA","FR","29.20Z","FD",34,"GCO2E_EUR",2022,1
"EEIO_CANADA","FR","29.20Z","GVA",11,"GCO2E_EUR",2022,1
"EEIO_CANADA","FR","29.20Z","IC",98,"GCO2E_EUR",2022,1
"EEIO_CANADA","FR","29.20Z","PRD",34,"GCO2E_EUR",2022,1
"EEIO_CANADA","FR","29.31Z","FD",0,"GCO2E_EUR",2022,2
"EEIO_CANADA","FR","29.31Z","GVA",NA,"GCO2E_EUR",2022,2
"EEIO_CANADA","FR","29.31Z","IC",NA,"GCO2E_EUR",2022,2
"EEIO_CANADA","FR","29.31Z","PRD",0,"GCO2E_EUR",2022,2
"EEIO_CANADA","FR","29.32Z","FD",0,"GCO2E_EUR",2022,2
"EEIO_CANADA","FR","29.32Z","GVA",NA,"GCO2E_EUR",2022,2
"EEIO_CANADA","FR","29.32Z","IC",NA,"GCO2E_EUR",2022,2
"EEIO_CANADA","FR","29.32Z","PRD",0,"GCO2E_EUR",2022,2
"EEIO_CANADA","FR","30.11Z","FD",29,"GCO2E_EUR",2022,2
"EEIO_CANADA","FR","30.11Z","GVA",5,"GCO2E_EUR",2022,2
"EEIO_CANADA","FR","30.11Z","IC",104,"GCO2E_EUR",2022,2
"EEIO_CANADA","FR","30.11Z","PRD",29,"GCO2E_EUR",2022,2
"EEIO_CANADA","FR","30.12Z","FD",29,"GCO2E_EUR",2022,2
"EEIO_CANADA","FR","30.12Z","GVA",5,"GCO2E_EUR",2022,2
"EEIO_CANADA","FR","30.12Z","IC",104,"GCO2E_EUR",2022,2
"EEIO_CANADA","FR","30.12Z","PRD",29,"GCO2E_EUR",2022,2
"EEIO_CANADA","FR","30.20Z","FD",10,"GCO2E_EUR",2022,1
"EEIO_CANADA","FR","30.20Z","GVA",3,"GCO2E_EUR",2022,1
"EEIO_CANADA","FR","30.20Z","IC",18,"GCO2E_EUR",2022,1
"EEIO_CANADA","FR","30.20Z","PRD",8,"GCO2E_EUR",2022,1
"EEIO_CANADA","FR","30.30Z","FD",16,"GCO2E_EUR",2022,1
"EEIO_CANADA","FR","30.30Z","GVA",5,"GCO2E_EUR",2022,1
"EEIO_CANADA","FR","30.30Z","IC",32,"GCO2E_EUR",2022,1
"EEIO_CANADA","FR","30.30Z","PRD",14,"GCO2E_EUR",2022,1
"EEIO_CANADA","FR","30.40Z","FD",17,"GCO2E_EUR",2022,3
"EEIO_CANADA","FR","30.40Z","GVA",4,"GCO2E_EUR",2022,3
"EEIO_CANADA","FR","30.40Z","IC",48,"GCO2E_EUR",2022,3
"EEIO_CANADA","FR","30.40Z","PRD",16,"GCO2E_EUR",2022,3
"EEIO_CANADA","FR","30.91Z","FD",17,"GCO2E_EUR",2022,3
"EEIO_CANADA","FR","30.91Z","GVA",4,"GCO2E_EUR",2022,3
"EEIO_CANADA","FR","30.91Z","IC",48,"GCO2E_EUR",2022,3
"EEIO_CANADA","FR","30.91Z","PRD",16,"GCO2E_EUR",2022,3
"EEIO_CANADA","FR","30.92Z","FD",17,"GCO2E_EUR",2022,3
"EEIO_CANADA","FR","30.92Z","GVA",4,"GCO2E_EUR",2022,3
"EEIO_CANADA","FR","30.92Z","IC",48,"GCO2E_EUR",2022,3
"EEIO_CANADA","FR","30.92Z","PRD",16,"GCO2E_EUR",2022,3
"EEIO_CANADA","FR","30.99Z","FD",17,"GCO2E_EUR",2022,3
"EEIO_CANADA","FR","30.99Z","GVA",4,"GCO2E_EUR",2022,3
"EEIO_CANADA","FR","30.99Z","IC",48,"GCO2E_EUR",2022,3
"EEIO_CANADA","FR","30.99Z","PRD",16,"GCO2E_EUR",2022,3
"EEIO_CANADA","FR","31.01Z","FD",28,"GCO2E_EUR",2022,3
"EEIO_CANADA","FR","31.01Z","GVA",19,"GCO2E_EUR",2022,3
"EEIO_CANADA","FR","31.01Z","IC",48,"GCO2E_EUR",2022,3
"EEIO_CANADA","FR","31.01Z","PRD",28,"GCO2E_EUR",2022,3
"EEIO_CANADA","FR","31.02Z","FD",28,"GCO2E_EUR",2022,3
"EEIO_CANADA","FR","31.02Z","GVA",19,"GCO2E_EUR",2022,3
"EEIO_CANADA","FR","31.02Z","IC",48,"GCO2E_EUR",2022,3
"EEIO_CANADA","FR","31.02Z","PRD",28,"GCO2E_EUR",2022,3
"EEIO_CANADA","FR","31.03Z","FD",28,"GCO2E_EUR",2022,3
"EEIO_CANADA","FR","31.03Z","GVA",19,"GCO2E_EUR",2022,3
"EEIO_CANADA","FR","31.03Z","IC",48,"GCO2E_EUR",2022,3
"EEIO_CANADA","FR","31.03Z","PRD",28,"GCO2E_EUR",2022,3
"EEIO_CANADA","FR","31.09A","FD",28,"GCO2E_EUR",2022,3
"EEIO_CANADA","FR","31.09A","GVA",19,"GCO2E_EUR",2022,3
"EEIO_CANADA","FR","31.09A","IC",48,"GCO2E_EUR",2022,3
"EEIO_CANADA","FR","31.09A","PRD",28,"GCO2E_EUR",2022,3
"EEIO_CANADA","FR","31.09B","FD",28,"GCO2E_EUR",2022,3
"EEIO_CANADA","FR","31.09B","GVA",19,"GCO2E_EUR",2022,3
"EEIO_CANADA","FR","31.09B","IC",48,"GCO2E_EUR",2022,3
"EEIO_CANADA","FR","31.09B","PRD",28,"GCO2E_EUR",2022,3
"EEIO_CANADA","FR","32.11Z","FD",75,"GCO2E_EUR",2022,3
"EEIO_CANADA","FR","32.11Z","GVA",15,"GCO2E_EUR",2022,3
"EEIO_CANADA","FR","32.11Z","IC",189,"GCO2E_EUR",2022,3
"EEIO_CANADA","FR","32.11Z","PRD",73,"GCO2E_EUR",2022,3
"EEIO_CANADA","FR","32.12Z","FD",75,"GCO2E_EUR",2022,3
"EEIO_CANADA","FR","32.12Z","GVA",15,"GCO2E_EUR",2022,3
"EEIO_CANADA","FR","32.12Z","IC",189,"GCO2E_EUR",2022,3
"EEIO_CANADA","FR","32.12Z","PRD",73,"GCO2E_EUR",2022,3
"EEIO_CANADA","FR","32.13Z","FD",75,"GCO2E_EUR",2022,3
"EEIO_CANADA","FR","32.13Z","GVA",15,"GCO2E_EUR",2022,3
"EEIO_CANADA","FR","32.13Z","IC",189,"GCO2E_EUR",2022,3
"EEIO_CANADA","FR","32.13Z","PRD",73,"GCO2E_EUR",2022,3
"EEIO_CANADA","FR","32.20Z","FD",75,"GCO2E_EUR",2022,3
"EEIO_CANADA","FR","32.20Z","GVA",15,"GCO2E_EUR",2022,3
"EEIO_CANADA","FR","32.20Z","IC",189,"GCO2E_EUR",2022,3
"EEIO_CANADA","FR","32.20Z","PRD",73,"GCO2E_EUR",2022,3
"EEIO_CANADA","FR","32.30Z","FD",75,"GCO2E_EUR",2022,3
"EEIO_CANADA","FR","32.30Z","GVA",15,"GCO2E_EUR",2022,3
"EEIO_CANADA","FR","32.30Z","IC",189,"GCO2E_EUR",2022,3
"EEIO_CANADA","FR","32.30Z","PRD",73,"GCO2E_EUR",2022,3
"EEIO_CANADA","FR","32.40Z","FD",75,"GCO2E_EUR",2022,3
"EEIO_CANADA","FR","32.40Z","GVA",15,"GCO2E_EUR",2022,3
"EEIO_CANADA","FR","32.40Z","IC",189,"GCO2E_EUR",2022,3
"EEIO_CANADA","FR","32.40Z","PRD",73,"GCO2E_EUR",2022,3
"EEIO_CANADA","FR","32.50A","FD",75,"GCO2E_EUR",2022,3
"EEIO_CANADA","FR","32.50A","GVA",15,"GCO2E_EUR",2022,3
"EEIO_CANADA","FR","32.50A","IC",189,"GCO2E_EUR",2022,3
"EEIO_CANADA","FR","32.50A","PRD",73,"GCO2E_EUR",2022,3
"EEIO_CANADA","FR","32.50B","FD",75,"GCO2E_EUR",2022,3
"EEIO_CANADA","FR","32.50B","GVA",15,"GCO2E_EUR",2022,3
"EEIO_CANADA","FR","32.50B","IC",189,"GCO2E_EUR",2022,3
"EEIO_CANADA","FR","32.50B","PRD",73,"GCO2E_EUR",2022,3
"EEIO_CANADA","FR","32.91Z","FD",75,"GCO2E_EUR",2022,3
"EEIO_CANADA","FR","32.91Z","GVA",15,"GCO2E_EUR",2022,3
"EEIO_CANADA","FR","32.91Z","IC",189,"GCO2E_EUR",2022,3
"EEIO_CANADA","FR","32.91Z","PRD",73,"GCO2E_EUR",2022,3
"EEIO_CANADA","FR","32.99Z","FD",75,"GCO2E_EUR",2022,3
"EEIO_CANADA","FR","32.99Z","GVA",15,"GCO2E_EUR",2022,3
"EEIO_CANADA","FR","32.99Z","IC",189,"GCO2E_EUR",2022,3
"EEIO_CANADA","FR","32.99Z","PRD",73,"GCO2E_EUR",2022,3
"EEIO_CANADA","FR","33.11Z","FD",47,"GCO2E_EUR",2022,3
"EEIO_CANADA","FR","33.11Z","GVA",42,"GCO2E_EUR",2022,3
"EEIO_CANADA","FR","33.11Z","IC",69,"GCO2E_EUR",2022,3
"EEIO_CANADA","FR","33.11Z","PRD",47,"GCO2E_EUR",2022,3
"EEIO_CANADA","FR","33.12Z","FD",47,"GCO2E_EUR",2022,3
"EEIO_CANADA","FR","33.12Z","GVA",42,"GCO2E_EUR",2022,3
"EEIO_CANADA","FR","33.12Z","IC",69,"GCO2E_EUR",2022,3
"EEIO_CANADA","FR","33.12Z","PRD",47,"GCO2E_EUR",2022,3
"EEIO_CANADA","FR","33.13Z","FD",47,"GCO2E_EUR",2022,3
"EEIO_CANADA","FR","33.13Z","GVA",42,"GCO2E_EUR",2022,3
"EEIO_CANADA","FR","33.13Z","IC",69,"GCO2E_EUR",2022,3
"EEIO_CANADA","FR","33.13Z","PRD",47,"GCO2E_EUR",2022,3
"EEIO_CANADA","FR","33.14Z","FD",47,"GCO2E_EUR",2022,3
"EEIO_CANADA","FR","33.14Z","GVA",42,"GCO2E_EUR",2022,3
"EEIO_CANADA","FR","33.14Z","IC",69,"GCO2E_EUR",2022,3
"EEIO_CANADA","FR","33.14Z","PRD",47,"GCO2E_EUR",2022,3
"EEIO_CANADA","FR","33.15Z","FD",47,"GCO2E_EUR",2022,3
"EEIO_CANADA","FR","33.15Z","GVA",42,"GCO2E_EUR",2022,3
"EEIO_CANADA","FR","33.15Z","IC",69,"GCO2E_EUR",2022,3
"EEIO_CANADA","FR","33.15Z","PRD",47,"GCO2E_EUR",2022,3
"EEIO_CANADA","FR","33.16Z","FD",47,"GCO2E_EUR",2022,3
"EEIO_CANADA","FR","33.16Z","GVA",42,"GCO2E_EUR",2022,3
"EEIO_CANADA","FR","33.16Z","IC",69,"GCO2E_EUR",2022,3
"EEIO_CANADA","FR","33.16Z","PRD",47,"GCO2E_EUR",2022,3
"EEIO_CANADA","FR","33.17Z","FD",47,"GCO2E_EUR",2022,3
"EEIO_CANADA","FR","33.17Z","GVA",42,"GCO2E_EUR",2022,3
"EEIO_CANADA","FR","33.17Z","IC",69,"GCO2E_EUR",2022,3
"EEIO_CANADA","FR","33.17Z","PRD",47,"GCO2E_EUR",2022,3
"EEIO_CANADA","FR","33.19Z","FD",47,"GCO2E_EUR",2022,3
"EEIO_CANADA","FR","33.19Z","GVA",42,"GCO2E_EUR",2022,3
"EEIO_CANADA","FR","33.19Z","IC",69,"GCO2E_EUR",2022,3
"EEIO_CANADA","FR","33.19Z","PRD",47,"GCO2E_EUR",2022,3
"EEIO_CANADA","FR","33.20A","FD",100,"GCO2E_EUR",2022,3
"EEIO_CANADA","FR","33.20A","GVA",110,"GCO2E_EUR",2022,3
"EEIO_CANADA","FR","33.20A","IC",41,"GCO2E_EUR",2022,3
"EEIO_CANADA","FR","33.20A","PRD",100,"GCO2E_EUR",2022,3
"EEIO_CANADA","FR","33.20B","FD",100,"GCO2E_EUR",2022,3
"EEIO_CANADA","FR","33.20B","GVA",110,"GCO2E_EUR",2022,3
"EEIO_CANADA","FR","33.20B","IC",41,"GCO2E_EUR",2022,3
"EEIO_CANADA","FR","33.20B","PRD",100,"GCO2E_EUR",2022,3
"EEIO_CANADA","FR","33.20C","FD",100,"GCO2E_EUR",2022,3
"EEIO_CANADA","FR","33.20C","GVA",110,"GCO2E_EUR",2022,3
"EEIO_CANADA","FR","33.20C","IC",41,"GCO2E_EUR",2022,3
"EEIO_CANADA","FR","33.20C","PRD",100,"GCO2E_EUR",2022,3
"EEIO_CANADA","FR","33.20D","FD",100,"GCO2E_EUR",2022,3
"EEIO_CANADA","FR","33.20D","GVA",110,"GCO2E_EUR",2022,3
"EEIO_CANADA","FR","33.20D","IC",41,"GCO2E_EUR",2022,3
"EEIO_CANADA","FR","33.20D","PRD",100,"GCO2E_EUR",2022,3
"EEIO_CANADA","FR","35.11Z","FD",129,"GCO2E_EUR",2022,3
"EEIO_CANADA","FR","35.11Z","GVA",139,"GCO2E_EUR",2022,3
"EEIO_CANADA","FR","35.11Z","IC",65,"GCO2E_EUR",2022,3
"EEIO_CANADA","FR","35.11Z","PRD",129,"GCO2E_EUR",2022,3
"EEIO_CANADA","FR","35.12Z","FD",129,"GCO2E_EUR",2022,3
"EEIO_CANADA","FR","35.12Z","GVA",139,"GCO2E_EUR",2022,3
"EEIO_CANADA","FR","35.12Z","IC",65,"GCO2E_EUR",2022,3
"EEIO_CANADA","FR","35.12Z","PRD",129,"GCO2E_EUR",2022,3
"EEIO_CANADA","FR","35.13Z","FD",129,"GCO2E_EUR",2022,3
"EEIO_CANADA","FR","35.13Z","GVA",139,"GCO2E_EUR",2022,3
"EEIO_CANADA","FR","35.13Z","IC",65,"GCO2E_EUR",2022,3
"EEIO_CANADA","FR","35.13Z","PRD",129,"GCO2E_EUR",2022,3
"EEIO_CANADA","FR","35.14Z","FD",129,"GCO2E_EUR",2022,3
"EEIO_CANADA","FR","35.14Z","GVA",139,"GCO2E_EUR",2022,3
"EEIO_CANADA","FR","35.14Z","IC",65,"GCO2E_EUR",2022,3
"EEIO_CANADA","FR","35.14Z","PRD",129,"GCO2E_EUR",2022,3
"EEIO_CANADA","FR","35.21Z","FD",507,"GCO2E_EUR",2022,3
"EEIO_CANADA","FR","35.21Z","GVA",561,"GCO2E_EUR",2022,3
"EEIO_CANADA","FR","35.21Z","IC",43,"GCO2E_EUR",2022,3
"EEIO_CANADA","FR","35.21Z","PRD",506,"GCO2E_EUR",2022,3
"EEIO_CANADA","FR","35.22Z","FD",507,"GCO2E_EUR",2022,3
"EEIO_CANADA","FR","35.22Z","GVA",561,"GCO2E_EUR",2022,3
"EEIO_CANADA","FR","35.22Z","IC",43,"GCO2E_EUR",2022,3
"EEIO_CANADA","FR","35.22Z","PRD",506,"GCO2E_EUR",2022,3
"EEIO_CANADA","FR","35.23Z","FD",507,"GCO2E_EUR",2022,3
"EEIO_CANADA","FR","35.23Z","GVA",561,"GCO2E_EUR",2022,3
"EEIO_CANADA","FR","35.23Z","IC",43,"GCO2E_EUR",2022,3
"EEIO_CANADA","FR","35.23Z","PRD",506,"GCO2E_EUR",2022,3
"EEIO_CANADA","FR","35.30Z","FD",507,"GCO2E_EUR",2022,3
"EEIO_CANADA","FR","35.30Z","GVA",561,"GCO2E_EUR",2022,3
"EEIO_CANADA","FR","35.30Z","IC",43,"GCO2E_EUR",2022,3
"EEIO_CANADA","FR","35.30Z","PRD",506,"GCO2E_EUR",2022,3
"EEIO_CANADA","FR","36.00Z","FD",507,"GCO2E_EUR",2022,5
"EEIO_CANADA","FR","36.00Z","GVA",561,"GCO2E_EUR",2022,5
"EEIO_CANADA","FR","36.00Z","IC",43,"GCO2E_EUR",2022,5
"EEIO_CANADA","FR","36.00Z","PRD",506,"GCO2E_EUR",2022,5
"EEIO_CANADA","FR","37.00Z","FD",507,"GCO2E_EUR",2022,5
"EEIO_CANADA","FR","37.00Z","GVA",561,"GCO2E_EUR",2022,5
"EEIO_CANADA","FR","37.00Z","IC",43,"GCO2E_EUR",2022,5
"EEIO_CANADA","FR","37.00Z","PRD",506,"GCO2E_EUR",2022,5
"EEIO_CANADA","FR","38.11Z","FD",583,"GCO2E_EUR",2022,3
"EEIO_CANADA","FR","38.11Z","GVA",740,"GCO2E_EUR",2022,3
"EEIO_CANADA","FR","38.11Z","IC",28,"GCO2E_EUR",2022,3
"EEIO_CANADA","FR","38.11Z","PRD",583,"GCO2E_EUR",2022,3
"EEIO_CANADA","FR","38.12Z","FD",583,"GCO2E_EUR",2022,3
"EEIO_CANADA","FR","38.12Z","GVA",740,"GCO2E_EUR",2022,3
"EEIO_CANADA","FR","38.12Z","IC",28,"GCO2E_EUR",2022,3
"EEIO_CANADA","FR","38.12Z","PRD",583,"GCO2E_EUR",2022,3
"EEIO_CANADA","FR","38.21Z","FD",583,"GCO2E_EUR",2022,3
"EEIO_CANADA","FR","38.21Z","GVA",740,"GCO2E_EUR",2022,3
"EEIO_CANADA","FR","38.21Z","IC",28,"GCO2E_EUR",2022,3
"EEIO_CANADA","FR","38.21Z","PRD",583,"GCO2E_EUR",2022,3
"EEIO_CANADA","FR","38.22Z","FD",583,"GCO2E_EUR",2022,3
"EEIO_CANADA","FR","38.22Z","GVA",740,"GCO2E_EUR",2022,3
"EEIO_CANADA","FR","38.22Z","IC",28,"GCO2E_EUR",2022,3
"EEIO_CANADA","FR","38.22Z","PRD",583,"GCO2E_EUR",2022,3
"EEIO_CANADA","FR","38.31Z","FD",583,"GCO2E_EUR",2022,3
"EEIO_CANADA","FR","38.31Z","GVA",740,"GCO2E_EUR",2022,3
"EEIO_CANADA","FR","38.31Z","IC",28,"GCO2E_EUR",2022,3
"EEIO_CANADA","FR","38.31Z","PRD",583,"GCO2E_EUR",2022,3
"EEIO_CANADA","FR","38.32Z","FD",583,"GCO2E_EUR",2022,3
"EEIO_CANADA","FR","38.32Z","GVA",740,"GCO2E_EUR",2022,3
"EEIO_CANADA","FR","38.32Z","IC",28,"GCO2E_EUR",2022,3
"EEIO_CANADA","FR","38.32Z","PRD",583,"GCO2E_EUR",2022,3
"EEIO_CANADA","FR","39.00Z","FD",583,"GCO2E_EUR",2022,3
"EEIO_CANADA","FR","39.00Z","GVA",740,"GCO2E_EUR",2022,3
"EEIO_CANADA","FR","39.00Z","IC",28,"GCO2E_EUR",2022,3
"EEIO_CANADA","FR","39.00Z","PRD",583,"GCO2E_EUR",2022,3
"EEIO_CANADA","FR","41.10A","FD",36,"GCO2E_EUR",2022,3
"EEIO_CANADA","FR","41.10A","GVA",21,"GCO2E_EUR",2022,3
"EEIO_CANADA","FR","41.10A","IC",79,"GCO2E_EUR",2022,3
"EEIO_CANADA","FR","41.10A","PRD",36,"GCO2E_EUR",2022,3
"EEIO_CANADA","FR","41.10B","FD",41,"GCO2E_EUR",2022,3
"EEIO_CANADA","FR","41.10B","GVA",12,"GCO2E_EUR",2022,3
"EEIO_CANADA","FR","41.10B","IC",125,"GCO2E_EUR",2022,3
"EEIO_CANADA","FR","41.10B","PRD",41,"GCO2E_EUR",2022,3
"EEIO_CANADA","FR","41.10C","FD",41,"GCO2E_EUR",2022,3
"EEIO_CANADA","FR","41.10C","GVA",12,"GCO2E_EUR",2022,3
"EEIO_CANADA","FR","41.10C","IC",125,"GCO2E_EUR",2022,3
"EEIO_CANADA","FR","41.10C","PRD",41,"GCO2E_EUR",2022,3
"EEIO_CANADA","FR","41.10D","FD",9,"GCO2E_EUR",2022,3
"EEIO_CANADA","FR","41.10D","GVA",7,"GCO2E_EUR",2022,3
"EEIO_CANADA","FR","41.10D","IC",21,"GCO2E_EUR",2022,3
"EEIO_CANADA","FR","41.10D","PRD",9,"GCO2E_EUR",2022,3
"EEIO_CANADA","FR","41.20A","FD",21,"GCO2E_EUR",2022,1
"EEIO_CANADA","FR","41.20A","GVA",19,"GCO2E_EUR",2022,1
"EEIO_CANADA","FR","41.20A","IC",29,"GCO2E_EUR",2022,1
"EEIO_CANADA","FR","41.20A","PRD",21,"GCO2E_EUR",2022,1
"EEIO_CANADA","FR","41.20B","FD",41,"GCO2E_EUR",2022,1
"EEIO_CANADA","FR","41.20B","GVA",12,"GCO2E_EUR",2022,1
"EEIO_CANADA","FR","41.20B","IC",125,"GCO2E_EUR",2022,1
"EEIO_CANADA","FR","41.20B","PRD",41,"GCO2E_EUR",2022,1
"EEIO_CANADA","FR","42.11Z","FD",81,"GCO2E_EUR",2022,2
"EEIO_CANADA","FR","42.11Z","GVA",62,"GCO2E_EUR",2022,2
"EEIO_CANADA","FR","42.11Z","IC",127,"GCO2E_EUR",2022,2
"EEIO_CANADA","FR","42.11Z","PRD",81,"GCO2E_EUR",2022,2
"EEIO_CANADA","FR","42.12Z","FD",81,"GCO2E_EUR",2022,2
"EEIO_CANADA","FR","42.12Z","GVA",62,"GCO2E_EUR",2022,2
"EEIO_CANADA","FR","42.12Z","IC",127,"GCO2E_EUR",2022,2
"EEIO_CANADA","FR","42.12Z","PRD",81,"GCO2E_EUR",2022,2
"EEIO_CANADA","FR","42.13A","FD",81,"GCO2E_EUR",2022,2
"EEIO_CANADA","FR","42.13A","GVA",62,"GCO2E_EUR",2022,2
"EEIO_CANADA","FR","42.13A","IC",127,"GCO2E_EUR",2022,2
"EEIO_CANADA","FR","42.13A","PRD",81,"GCO2E_EUR",2022,2
"EEIO_CANADA","FR","42.13B","FD",81,"GCO2E_EUR",2022,2
"EEIO_CANADA","FR","42.13B","GVA",62,"GCO2E_EUR",2022,2
"EEIO_CANADA","FR","42.13B","IC",127,"GCO2E_EUR",2022,2
"EEIO_CANADA","FR","42.13B","PRD",81,"GCO2E_EUR",2022,2
"EEIO_CANADA","FR","42.21Z","FD",47,"GCO2E_EUR",2022,3
"EEIO_CANADA","FR","42.21Z","GVA",35,"GCO2E_EUR",2022,3
"EEIO_CANADA","FR","42.21Z","IC",80,"GCO2E_EUR",2022,3
"EEIO_CANADA","FR","42.21Z","PRD",47,"GCO2E_EUR",2022,3
"EEIO_CANADA","FR","42.22Z","FD",55,"GCO2E_EUR",2022,1
"EEIO_CANADA","FR","42.22Z","GVA",59,"GCO2E_EUR",2022,1
"EEIO_CANADA","FR","42.22Z","IC",51,"GCO2E_EUR",2022,1
"EEIO_CANADA","FR","42.22Z","PRD",55,"GCO2E_EUR",2022,1
"EEIO_CANADA","FR","42.91Z","FD",69,"GCO2E_EUR",2022,3
"EEIO_CANADA","FR","42.91Z","GVA",68,"GCO2E_EUR",2022,3
"EEIO_CANADA","FR","42.91Z","IC",70,"GCO2E_EUR",2022,3
"EEIO_CANADA","FR","42.91Z","PRD",69,"GCO2E_EUR",2022,3
"EEIO_CANADA","FR","42.99Z","FD",69,"GCO2E_EUR",2022,3
"EEIO_CANADA","FR","42.99Z","GVA",68,"GCO2E_EUR",2022,3
"EEIO_CANADA","FR","42.99Z","IC",70,"GCO2E_EUR",2022,3
"EEIO_CANADA","FR","42.99Z","PRD",69,"GCO2E_EUR",2022,3
"EEIO_CANADA","FR","43.11Z","FD",100,"GCO2E_EUR",2022,3
"EEIO_CANADA","FR","43.11Z","GVA",110,"GCO2E_EUR",2022,3
"EEIO_CANADA","FR","43.11Z","IC",41,"GCO2E_EUR",2022,3
"EEIO_CANADA","FR","43.11Z","PRD",100,"GCO2E_EUR",2022,3
"EEIO_CANADA","FR","43.12A","FD",100,"GCO2E_EUR",2022,3
"EEIO_CANADA","FR","43.12A","GVA",110,"GCO2E_EUR",2022,3
"EEIO_CANADA","FR","43.12A","IC",41,"GCO2E_EUR",2022,3
"EEIO_CANADA","FR","43.12A","PRD",100,"GCO2E_EUR",2022,3
"EEIO_CANADA","FR","43.12B","FD",100,"GCO2E_EUR",2022,3
"EEIO_CANADA","FR","43.12B","GVA",110,"GCO2E_EUR",2022,3
"EEIO_CANADA","FR","43.12B","IC",41,"GCO2E_EUR",2022,3
"EEIO_CANADA","FR","43.12B","PRD",100,"GCO2E_EUR",2022,3
"EEIO_CANADA","FR","43.13Z","FD",100,"GCO2E_EUR",2022,3
"EEIO_CANADA","FR","43.13Z","GVA",110,"GCO2E_EUR",2022,3
"EEIO_CANADA","FR","43.13Z","IC",41,"GCO2E_EUR",2022,3
"EEIO_CANADA","FR","43.13Z","PRD",100,"GCO2E_EUR",2022,3
"EEIO_CANADA","FR","43.21A","FD",100,"GCO2E_EUR",2022,3
"EEIO_CANADA","FR","43.21A","GVA",110,"GCO2E_EUR",2022,3
"EEIO_CANADA","FR","43.21A","IC",41,"GCO2E_EUR",2022,3
"EEIO_CANADA","FR","43.21A","PRD",100,"GCO2E_EUR",2022,3
"EEIO_CANADA","FR","43.21B","FD",100,"GCO2E_EUR",2022,3
"EEIO_CANADA","FR","43.21B","GVA",110,"GCO2E_EUR",2022,3
"EEIO_CANADA","FR","43.21B","IC",41,"GCO2E_EUR",2022,3
"EEIO_CANADA","FR","43.21B","PRD",100,"GCO2E_EUR",2022,3
"EEIO_CANADA","FR","43.22A","FD",100,"GCO2E_EUR",2022,3
"EEIO_CANADA","FR","43.22A","GVA",110,"GCO2E_EUR",2022,3
"EEIO_CANADA","FR","43.22A","IC",41,"GCO2E_EUR",2022,3
"EEIO_CANADA","FR","43.22A","PRD",100,"GCO2E_EUR",2022,3
"EEIO_CANADA","FR","43.22B","FD",100,"GCO2E_EUR",2022,3
"EEIO_CANADA","FR","43.22B","GVA",110,"GCO2E_EUR",2022,3
"EEIO_CANADA","FR","43.22B","IC",41,"GCO2E_EUR",2022,3
"EEIO_CANADA","FR","43.22B","PRD",100,"GCO2E_EUR",2022,3
"EEIO_CANADA","FR","43.29A","FD",100,"GCO2E_EUR",2022,3
"EEIO_CANADA","FR","43.29A","GVA",110,"GCO2E_EUR",2022,3
"EEIO_CANADA","FR","43.29A","IC",41,"GCO2E_EUR",2022,3
"EEIO_CANADA","FR","43.29A","PRD",100,"GCO2E_EUR",2022,3
"EEIO_CANADA","FR","43.29B","FD",100,"GCO2E_EUR",2022,3
"EEIO_CANADA","FR","43.29B","GVA",110,"GCO2E_EUR",2022,3
"EEIO_CANADA","FR","43.29B","IC",41,"GCO2E_EUR",2022,3
"EEIO_CANADA","FR","43.29B","PRD",100,"GCO2E_EUR",2022,3
"EEIO_CANADA","FR","43.31Z","FD",100,"GCO2E_EUR",2022,3
"EEIO_CANADA","FR","43.31Z","GVA",110,"GCO2E_EUR",2022,3
"EEIO_CANADA","FR","43.31Z","IC",41,"GCO2E_EUR",2022,3
"EEIO_CANADA","FR","43.31Z","PRD",100,"GCO2E_EUR",2022,3
"EEIO_CANADA","FR","43.32A","FD",100,"GCO2E_EUR",2022,3
"EEIO_CANADA","FR","43.32A","GVA",110,"GCO2E_EUR",2022,3
"EEIO_CANADA","FR","43.32A","IC",41,"GCO2E_EUR",2022,3
"EEIO_CANADA","FR","43.32A","PRD",100,"GCO2E_EUR",2022,3
"EEIO_CANADA","FR","43.32B","FD",100,"GCO2E_EUR",2022,3
"EEIO_CANADA","FR","43.32B","GVA",110,"GCO2E_EUR",2022,3
"EEIO_CANADA","FR","43.32B","IC",41,"GCO2E_EUR",2022,3
"EEIO_CANADA","FR","43.32B","PRD",100,"GCO2E_EUR",2022,3
"EEIO_CANADA","FR","43.32C","FD",100,"GCO2E_EUR",2022,3
"EEIO_CANADA","FR","43.32C","GVA",110,"GCO2E_EUR",2022,3
"EEIO_CANADA","FR","43.32C","IC",41,"GCO2E_EUR",2022,3
"EEIO_CANADA","FR","43.32C","PRD",100,"GCO2E_EUR",2022,3
"EEIO_CANADA","FR","43.33Z","FD",100,"GCO2E_EUR",2022,3
"EEIO_CANADA","FR","43.33Z","GVA",110,"GCO2E_EUR",2022,3
"EEIO_CANADA","FR","43.33Z","IC",41,"GCO2E_EUR",2022,3
"EEIO_CANADA","FR","43.33Z","PRD",100,"GCO2E_EUR",2022,3
"EEIO_CANADA","FR","43.34Z","FD",100,"GCO2E_EUR",2022,3
"EEIO_CANADA","FR","43.34Z","GVA",110,"GCO2E_EUR",2022,3
"EEIO_CANADA","FR","43.34Z","IC",41,"GCO2E_EUR",2022,3
"EEIO_CANADA","FR","43.34Z","PRD",100,"GCO2E_EUR",2022,3
"EEIO_CANADA","FR","43.39Z","FD",100,"GCO2E_EUR",2022,3
"EEIO_CANADA","FR","43.39Z","GVA",110,"GCO2E_EUR",2022,3
"EEIO_CANADA","FR","43.39Z","IC",41,"GCO2E_EUR",2022,3
"EEIO_CANADA","FR","43.39Z","PRD",100,"GCO2E_EUR",2022,3
"EEIO_CANADA","FR","43.91A","FD",100,"GCO2E_EUR",2022,3
"EEIO_CANADA","FR","43.91A","GVA",110,"GCO2E_EUR",2022,3
"EEIO_CANADA","FR","43.91A","IC",41,"GCO2E_EUR",2022,3
"EEIO_CANADA","FR","43.91A","PRD",100,"GCO2E_EUR",2022,3
"EEIO_CANADA","FR","43.91B","FD",100,"GCO2E_EUR",2022,3
"EEIO_CANADA","FR","43.91B","GVA",110,"GCO2E_EUR",2022,3
"EEIO_CANADA","FR","43.91B","IC",41,"GCO2E_EUR",2022,3
"EEIO_CANADA","FR","43.91B","PRD",100,"GCO2E_EUR",2022,3
"EEIO_CANADA","FR","43.99A","FD",100,"GCO2E_EUR",2022,3
"EEIO_CANADA","FR","43.99A","GVA",110,"GCO2E_EUR",2022,3
"EEIO_CANADA","FR","43.99A","IC",41,"GCO2E_EUR",2022,3
"EEIO_CANADA","FR","43.99A","PRD",100,"GCO2E_EUR",2022,3
"EEIO_CANADA","FR","43.99B","FD",100,"GCO2E_EUR",2022,3
"EEIO_CANADA","FR","43.99B","GVA",110,"GCO2E_EUR",2022,3
"EEIO_CANADA","FR","43.99B","IC",41,"GCO2E_EUR",2022,3
"EEIO_CANADA","FR","43.99B","PRD",100,"GCO2E_EUR",2022,3
"EEIO_CANADA","FR","43.99C","FD",100,"GCO2E_EUR",2022,3
"EEIO_CANADA","FR","43.99C","GVA",110,"GCO2E_EUR",2022,3
"EEIO_CANADA","FR","43.99C","IC",41,"GCO2E_EUR",2022,3
"EEIO_CANADA","FR","43.99C","PRD",100,"GCO2E_EUR",2022,3
"EEIO_CANADA","FR","43.99D","FD",100,"GCO2E_EUR",2022,3
"EEIO_CANADA","FR","43.99D","GVA",110,"GCO2E_EUR",2022,3
"EEIO_CANADA","FR","43.99D","IC",41,"GCO2E_EUR",2022,3
"EEIO_CANADA","FR","43.99D","PRD",100,"GCO2E_EUR",2022,3
"EEIO_CANADA","FR","43.99E","FD",100,"GCO2E_EUR",2022,3
"EEIO_CANADA","FR","43.99E","GVA",110,"GCO2E_EUR",2022,3
"EEIO_CANADA","FR","43.99E","IC",41,"GCO2E_EUR",2022,3
"EEIO_CANADA","FR","43.99E","PRD",100,"GCO2E_EUR",2022,3
"EEIO_CANADA","FR","45.11Z","FD",66,"GCO2E_EUR",2022,3
"EEIO_CANADA","FR","45.11Z","GVA",71,"GCO2E_EUR",2022,3
"EEIO_CANADA","FR","45.11Z","IC",44,"GCO2E_EUR",2022,3
"EEIO_CANADA","FR","45.11Z","PRD",66,"GCO2E_EUR",2022,3
"EEIO_CANADA","FR","45.19Z","FD",66,"GCO2E_EUR",2022,3
"EEIO_CANADA","FR","45.19Z","GVA",71,"GCO2E_EUR",2022,3
"EEIO_CANADA","FR","45.19Z","IC",44,"GCO2E_EUR",2022,3
"EEIO_CANADA","FR","45.19Z","PRD",66,"GCO2E_EUR",2022,3
"EEIO_CANADA","FR","45.20A","FD",47,"GCO2E_EUR",2022,2
"EEIO_CANADA","FR","45.20A","GVA",42,"GCO2E_EUR",2022,2
"EEIO_CANADA","FR","45.20A","IC",69,"GCO2E_EUR",2022,2
"EEIO_CANADA","FR","45.20A","PRD",47,"GCO2E_EUR",2022,2
"EEIO_CANADA","FR","45.20B","FD",47,"GCO2E_EUR",2022,2
"EEIO_CANADA","FR","45.20B","GVA",42,"GCO2E_EUR",2022,2
"EEIO_CANADA","FR","45.20B","IC",69,"GCO2E_EUR",2022,2
"EEIO_CANADA","FR","45.20B","PRD",47,"GCO2E_EUR",2022,2
"EEIO_CANADA","FR","45.31Z","FD",39,"GCO2E_EUR",2022,5
"EEIO_CANADA","FR","45.31Z","GVA",36,"GCO2E_EUR",2022,5
"EEIO_CANADA","FR","45.31Z","IC",52,"GCO2E_EUR",2022,5
"EEIO_CANADA","FR","45.31Z","PRD",39,"GCO2E_EUR",2022,5
"EEIO_CANADA","FR","45.32Z","FD",66,"GCO2E_EUR",2022,5
"EEIO_CANADA","FR","45.32Z","GVA",71,"GCO2E_EUR",2022,5
"EEIO_CANADA","FR","45.32Z","IC",44,"GCO2E_EUR",2022,5
"EEIO_CANADA","FR","45.32Z","PRD",66,"GCO2E_EUR",2022,5
"EEIO_CANADA","FR","45.40Z","FD",66,"GCO2E_EUR",2022,5
"EEIO_CANADA","FR","45.40Z","GVA",71,"GCO2E_EUR",2022,5
"EEIO_CANADA","FR","45.40Z","IC",44,"GCO2E_EUR",2022,5
"EEIO_CANADA","FR","45.40Z","PRD",66,"GCO2E_EUR",2022,5
"EEIO_CANADA","FR","46.11Z","FD",39,"GCO2E_EUR",2022,4
"EEIO_CANADA","FR","46.11Z","GVA",36,"GCO2E_EUR",2022,4
"EEIO_CANADA","FR","46.11Z","IC",52,"GCO2E_EUR",2022,4
"EEIO_CANADA","FR","46.11Z","PRD",39,"GCO2E_EUR",2022,4
"EEIO_CANADA","FR","46.12A","FD",39,"GCO2E_EUR",2022,4
"EEIO_CANADA","FR","46.12A","GVA",36,"GCO2E_EUR",2022,4
"EEIO_CANADA","FR","46.12A","IC",52,"GCO2E_EUR",2022,4
"EEIO_CANADA","FR","46.12A","PRD",39,"GCO2E_EUR",2022,4
"EEIO_CANADA","FR","46.12B","FD",39,"GCO2E_EUR",2022,4
"EEIO_CANADA","FR","46.12B","GVA",36,"GCO2E_EUR",2022,4
"EEIO_CANADA","FR","46.12B","IC",52,"GCO2E_EUR",2022,4
"EEIO_CANADA","FR","46.12B","PRD",39,"GCO2E_EUR",2022,4
"EEIO_CANADA","FR","46.13Z","FD",39,"GCO2E_EUR",2022,4
"EEIO_CANADA","FR","46.13Z","GVA",36,"GCO2E_EUR",2022,4
"EEIO_CANADA","FR","46.13Z","IC",52,"GCO2E_EUR",2022,4
"EEIO_CANADA","FR","46.13Z","PRD",39,"GCO2E_EUR",2022,4
"EEIO_CANADA","FR","46.14Z","FD",39,"GCO2E_EUR",2022,4
"EEIO_CANADA","FR","46.14Z","GVA",36,"GCO2E_EUR",2022,4
"EEIO_CANADA","FR","46.14Z","IC",52,"GCO2E_EUR",2022,4
"EEIO_CANADA","FR","46.14Z","PRD",39,"GCO2E_EUR",2022,4
"EEIO_CANADA","FR","46.15Z","FD",39,"GCO2E_EUR",2022,4
"EEIO_CANADA","FR","46.15Z","GVA",36,"GCO2E_EUR",2022,4
"EEIO_CANADA","FR","46.15Z","IC",52,"GCO2E_EUR",2022,4
"EEIO_CANADA","FR","46.15Z","PRD",39,"GCO2E_EUR",2022,4
"EEIO_CANADA","FR","46.16Z","FD",39,"GCO2E_EUR",2022,4
"EEIO_CANADA","FR","46.16Z","GVA",36,"GCO2E_EUR",2022,4
"EEIO_CANADA","FR","46.16Z","IC",52,"GCO2E_EUR",2022,4
"EEIO_CANADA","FR","46.16Z","PRD",39,"GCO2E_EUR",2022,4
"EEIO_CANADA","FR","46.17A","FD",39,"GCO2E_EUR",2022,4
"EEIO_CANADA","FR","46.17A","GVA",36,"GCO2E_EUR",2022,4
"EEIO_CANADA","FR","46.17A","IC",52,"GCO2E_EUR",2022,4
"EEIO_CANADA","FR","46.17A","PRD",39,"GCO2E_EUR",2022,4
"EEIO_CANADA","FR","46.17B","FD",39,"GCO2E_EUR",2022,4
"EEIO_CANADA","FR","46.17B","GVA",36,"GCO2E_EUR",2022,4
"EEIO_CANADA","FR","46.17B","IC",52,"GCO2E_EUR",2022,4
"EEIO_CANADA","FR","46.17B","PRD",39,"GCO2E_EUR",2022,4
"EEIO_CANADA","FR","46.18Z","FD",39,"GCO2E_EUR",2022,4
"EEIO_CANADA","FR","46.18Z","GVA",36,"GCO2E_EUR",2022,4
"EEIO_CANADA","FR","46.18Z","IC",52,"GCO2E_EUR",2022,4
"EEIO_CANADA","FR","46.18Z","PRD",39,"GCO2E_EUR",2022,4
"EEIO_CANADA","FR","46.19A","FD",39,"GCO2E_EUR",2022,4
"EEIO_CANADA","FR","46.19A","GVA",36,"GCO2E_EUR",2022,4
"EEIO_CANADA","FR","46.19A","IC",52,"GCO2E_EUR",2022,4
"EEIO_CANADA","FR","46.19A","PRD",39,"GCO2E_EUR",2022,4
"EEIO_CANADA","FR","46.19B","FD",39,"GCO2E_EUR",2022,4
"EEIO_CANADA","FR","46.19B","GVA",36,"GCO2E_EUR",2022,4
"EEIO_CANADA","FR","46.19B","IC",52,"GCO2E_EUR",2022,4
"EEIO_CANADA","FR","46.19B","PRD",39,"GCO2E_EUR",2022,4
"EEIO_CANADA","FR","46.21Z","FD",39,"GCO2E_EUR",2022,4
"EEIO_CANADA","FR","46.21Z","GVA",36,"GCO2E_EUR",2022,4
"EEIO_CANADA","FR","46.21Z","IC",52,"GCO2E_EUR",2022,4
"EEIO_CANADA","FR","46.21Z","PRD",39,"GCO2E_EUR",2022,4
"EEIO_CANADA","FR","46.22Z","FD",39,"GCO2E_EUR",2022,4
"EEIO_CANADA","FR","46.22Z","GVA",36,"GCO2E_EUR",2022,4
"EEIO_CANADA","FR","46.22Z","IC",52,"GCO2E_EUR",2022,4
"EEIO_CANADA","FR","46.22Z","PRD",39,"GCO2E_EUR",2022,4
"EEIO_CANADA","FR","46.23Z","FD",39,"GCO2E_EUR",2022,4
"EEIO_CANADA","FR","46.23Z","GVA",36,"GCO2E_EUR",2022,4
"EEIO_CANADA","FR","46.23Z","IC",52,"GCO2E_EUR",2022,4
"EEIO_CANADA","FR","46.23Z","PRD",39,"GCO2E_EUR",2022,4
"EEIO_CANADA","FR","46.24Z","FD",39,"GCO2E_EUR",2022,4
"EEIO_CANADA","FR","46.24Z","GVA",36,"GCO2E_EUR",2022,4
"EEIO_CANADA","FR","46.24Z","IC",52,"GCO2E_EUR",2022,4
"EEIO_CANADA","FR","46.24Z","PRD",39,"GCO2E_EUR",2022,4
"EEIO_CANADA","FR","46.31Z","FD",39,"GCO2E_EUR",2022,4
"EEIO_CANADA","FR","46.31Z","GVA",36,"GCO2E_EUR",2022,4
"EEIO_CANADA","FR","46.31Z","IC",52,"GCO2E_EUR",2022,4
"EEIO_CANADA","FR","46.31Z","PRD",39,"GCO2E_EUR",2022,4
"EEIO_CANADA","FR","46.32A","FD",39,"GCO2E_EUR",2022,4
"EEIO_CANADA","FR","46.32A","GVA",36,"GCO2E_EUR",2022,4
"EEIO_CANADA","FR","46.32A","IC",52,"GCO2E_EUR",2022,4
"EEIO_CANADA","FR","46.32A","PRD",39,"GCO2E_EUR",2022,4
"EEIO_CANADA","FR","46.32B","FD",39,"GCO2E_EUR",2022,4
"EEIO_CANADA","FR","46.32B","GVA",36,"GCO2E_EUR",2022,4
"EEIO_CANADA","FR","46.32B","IC",52,"GCO2E_EUR",2022,4
"EEIO_CANADA","FR","46.32B","PRD",39,"GCO2E_EUR",2022,4
"EEIO_CANADA","FR","46.32C","FD",39,"GCO2E_EUR",2022,4
"EEIO_CANADA","FR","46.32C","GVA",36,"GCO2E_EUR",2022,4
"EEIO_CANADA","FR","46.32C","IC",52,"GCO2E_EUR",2022,4
"EEIO_CANADA","FR","46.32C","PRD",39,"GCO2E_EUR",2022,4
"EEIO_CANADA","FR","46.33Z","FD",39,"GCO2E_EUR",2022,4
"EEIO_CANADA","FR","46.33Z","GVA",36,"GCO2E_EUR",2022,4
"EEIO_CANADA","FR","46.33Z","IC",52,"GCO2E_EUR",2022,4
"EEIO_CANADA","FR","46.33Z","PRD",39,"GCO2E_EUR",2022,4
"EEIO_CANADA","FR","46.34Z","FD",39,"GCO2E_EUR",2022,4
"EEIO_CANADA","FR","46.34Z","GVA",36,"GCO2E_EUR",2022,4
"EEIO_CANADA","FR","46.34Z","IC",52,"GCO2E_EUR",2022,4
"EEIO_CANADA","FR","46.34Z","PRD",39,"GCO2E_EUR",2022,4
"EEIO_CANADA","FR","46.35Z","FD",39,"GCO2E_EUR",2022,4
"EEIO_CANADA","FR","46.35Z","GVA",36,"GCO2E_EUR",2022,4
"EEIO_CANADA","FR","46.35Z","IC",52,"GCO2E_EUR",2022,4
"EEIO_CANADA","FR","46.35Z","PRD",39,"GCO2E_EUR",2022,4
"EEIO_CANADA","FR","46.36Z","FD",39,"GCO2E_EUR",2022,4
"EEIO_CANADA","FR","46.36Z","GVA",36,"GCO2E_EUR",2022,4
"EEIO_CANADA","FR","46.36Z","IC",52,"GCO2E_EUR",2022,4
"EEIO_CANADA","FR","46.36Z","PRD",39,"GCO2E_EUR",2022,4
"EEIO_CANADA","FR","46.37Z","FD",39,"GCO2E_EUR",2022,4
"EEIO_CANADA","FR","46.37Z","GVA",36,"GCO2E_EUR",2022,4
"EEIO_CANADA","FR","46.37Z","IC",52,"GCO2E_EUR",2022,4
"EEIO_CANADA","FR","46.37Z","PRD",39,"GCO2E_EUR",2022,4
"EEIO_CANADA","FR","46.38A","FD",39,"GCO2E_EUR",2022,4
"EEIO_CANADA","FR","46.38A","GVA",36,"GCO2E_EUR",2022,4
"EEIO_CANADA","FR","46.38A","IC",52,"GCO2E_EUR",2022,4
"EEIO_CANADA","FR","46.38A","PRD",39,"GCO2E_EUR",2022,4
"EEIO_CANADA","FR","46.38B","FD",39,"GCO2E_EUR",2022,4
"EEIO_CANADA","FR","46.38B","GVA",36,"GCO2E_EUR",2022,4
"EEIO_CANADA","FR","46.38B","IC",52,"GCO2E_EUR",2022,4
"EEIO_CANADA","FR","46.38B","PRD",39,"GCO2E_EUR",2022,4
"EEIO_CANADA","FR","46.39A","FD",39,"GCO2E_EUR",2022,4
"EEIO_CANADA","FR","46.39A","GVA",36,"GCO2E_EUR",2022,4
"EEIO_CANADA","FR","46.39A","IC",52,"GCO2E_EUR",2022,4
"EEIO_CANADA","FR","46.39A","PRD",39,"GCO2E_EUR",2022,4
"EEIO_CANADA","FR","46.39B","FD",39,"GCO2E_EUR",2022,4
"EEIO_CANADA","FR","46.39B","GVA",36,"GCO2E_EUR",2022,4
"EEIO_CANADA","FR","46.39B","IC",52,"GCO2E_EUR",2022,4
"EEIO_CANADA","FR","46.39B","PRD",39,"GCO2E_EUR",2022,4
"EEIO_CANADA","FR","46.41Z","FD",39,"GCO2E_EUR",2022,4
"EEIO_CANADA","FR","46.41Z","GVA",36,"GCO2E_EUR",2022,4
"EEIO_CANADA","FR","46.41Z","IC",52,"GCO2E_EUR",2022,4
"EEIO_CANADA","FR","46.41Z","PRD",39,"GCO2E_EUR",2022,4
"EEIO_CANADA","FR","46.42Z","FD",39,"GCO2E_EUR",2022,4
"EEIO_CANADA","FR","46.42Z","GVA",36,"GCO2E_EUR",2022,4
"EEIO_CANADA","FR","46.42Z","IC",52,"GCO2E_EUR",2022,4
"EEIO_CANADA","FR","46.42Z","PRD",39,"GCO2E_EUR",2022,4
"EEIO_CANADA","FR","46.43Z","FD",39,"GCO2E_EUR",2022,4
"EEIO_CANADA","FR","46.43Z","GVA",36,"GCO2E_EUR",2022,4
"EEIO_CANADA","FR","46.43Z","IC",52,"GCO2E_EUR",2022,4
"EEIO_CANADA","FR","46.43Z","PRD",39,"GCO2E_EUR",2022,4
"EEIO_CANADA","FR","46.44Z","FD",39,"GCO2E_EUR",2022,4
"EEIO_CANADA","FR","46.44Z","GVA",36,"GCO2E_EUR",2022,4
"EEIO_CANADA","FR","46.44Z","IC",52,"GCO2E_EUR",2022,4
"EEIO_CANADA","FR","46.44Z","PRD",39,"GCO2E_EUR",2022,4
"EEIO_CANADA","FR","46.45Z","FD",39,"GCO2E_EUR",2022,4
"EEIO_CANADA","FR","46.45Z","GVA",36,"GCO2E_EUR",2022,4
"EEIO_CANADA","FR","46.45Z","IC",52,"GCO2E_EUR",2022,4
"EEIO_CANADA","FR","46.45Z","PRD",39,"GCO2E_EUR",2022,4
"EEIO_CANADA","FR","46.46Z","FD",39,"GCO2E_EUR",2022,4
"EEIO_CANADA","FR","46.46Z","GVA",36,"GCO2E_EUR",2022,4
"EEIO_CANADA","FR","46.46Z","IC",52,"GCO2E_EUR",2022,4
"EEIO_CANADA","FR","46.46Z","PRD",39,"GCO2E_EUR",2022,4
"EEIO_CANADA","FR","46.47Z","FD",39,"GCO2E_EUR",2022,4
"EEIO_CANADA","FR","46.47Z","GVA",36,"GCO2E_EUR",2022,4
"EEIO_CANADA","FR","46.47Z","IC",52,"GCO2E_EUR",2022,4
"EEIO_CANADA","FR","46.47Z","PRD",39,"GCO2E_EUR",2022,4
"EEIO_CANADA","FR","46.48Z","FD",39,"GCO2E_EUR",2022,4
"EEIO_CANADA","FR","46.48Z","GVA",36,"GCO2E_EUR",2022,4
"EEIO_CANADA","FR","46.48Z","IC",52,"GCO2E_EUR",2022,4
"EEIO_CANADA","FR","46.48Z","PRD",39,"GCO2E_EUR",2022,4
"EEIO_CANADA","FR","46.49Z","FD",39,"GCO2E_EUR",2022,4
"EEIO_CANADA","FR","46.49Z","GVA",36,"GCO2E_EUR",2022,4
"EEIO_CANADA","FR","46.49Z","IC",52,"GCO2E_EUR",2022,4
"EEIO_CANADA","FR","46.49Z","PRD",39,"GCO2E_EUR",2022,4
"EEIO_CANADA","FR","46.51Z","FD",39,"GCO2E_EUR",2022,4
"EEIO_CANADA","FR","46.51Z","GVA",36,"GCO2E_EUR",2022,4
"EEIO_CANADA","FR","46.51Z","IC",52,"GCO2E_EUR",2022,4
"EEIO_CANADA","FR","46.51Z","PRD",39,"GCO2E_EUR",2022,4
"EEIO_CANADA","FR","46.52Z","FD",39,"GCO2E_EUR",2022,4
"EEIO_CANADA","FR","46.52Z","GVA",36,"GCO2E_EUR",2022,4
"EEIO_CANADA","FR","46.52Z","IC",52,"GCO2E_EUR",2022,4
"EEIO_CANADA","FR","46.52Z","PRD",39,"GCO2E_EUR",2022,4
"EEIO_CANADA","FR","46.61Z","FD",39,"GCO2E_EUR",2022,4
"EEIO_CANADA","FR","46.61Z","GVA",36,"GCO2E_EUR",2022,4
"EEIO_CANADA","FR","46.61Z","IC",52,"GCO2E_EUR",2022,4
"EEIO_CANADA","FR","46.61Z","PRD",39,"GCO2E_EUR",2022,4
"EEIO_CANADA","FR","46.62Z","FD",39,"GCO2E_EUR",2022,4
"EEIO_CANADA","FR","46.62Z","GVA",36,"GCO2E_EUR",2022,4
"EEIO_CANADA","FR","46.62Z","IC",52,"GCO2E_EUR",2022,4
"EEIO_CANADA","FR","46.62Z","PRD",39,"GCO2E_EUR",2022,4
"EEIO_CANADA","FR","46.63Z","FD",39,"GCO2E_EUR",2022,4
"EEIO_CANADA","FR","46.63Z","GVA",36,"GCO2E_EUR",2022,4
"EEIO_CANADA","FR","46.63Z","IC",52,"GCO2E_EUR",2022,4
"EEIO_CANADA","FR","46.63Z","PRD",39,"GCO2E_EUR",2022,4
"EEIO_CANADA","FR","46.64Z","FD",39,"GCO2E_EUR",2022,4
"EEIO_CANADA","FR","46.64Z","GVA",36,"GCO2E_EUR",2022,4
"EEIO_CANADA","FR","46.64Z","IC",52,"GCO2E_EUR",2022,4
"EEIO_CANADA","FR","46.64Z","PRD",39,"GCO2E_EUR",2022,4
"EEIO_CANADA","FR","46.65Z","FD",39,"GCO2E_EUR",2022,4
"EEIO_CANADA","FR","46.65Z","GVA",36,"GCO2E_EUR",2022,4
"EEIO_CANADA","FR","46.65Z","IC",52,"GCO2E_EUR",2022,4
"EEIO_CANADA","FR","46.65Z","PRD",39,"GCO2E_EUR",2022,4
"EEIO_CANADA","FR","46.66Z","FD",39,"GCO2E_EUR",2022,4
"EEIO_CANADA","FR","46.66Z","GVA",36,"GCO2E_EUR",2022,4
"EEIO_CANADA","FR","46.66Z","IC",52,"GCO2E_EUR",2022,4
"EEIO_CANADA","FR","46.66Z","PRD",39,"GCO2E_EUR",2022,4
"EEIO_CANADA","FR","46.69A","FD",39,"GCO2E_EUR",2022,4
"EEIO_CANADA","FR","46.69A","GVA",36,"GCO2E_EUR",2022,4
"EEIO_CANADA","FR","46.69A","IC",52,"GCO2E_EUR",2022,4
"EEIO_CANADA","FR","46.69A","PRD",39,"GCO2E_EUR",2022,4
"EEIO_CANADA","FR","46.69B","FD",39,"GCO2E_EUR",2022,4
"EEIO_CANADA","FR","46.69B","GVA",36,"GCO2E_EUR",2022,4
"EEIO_CANADA","FR","46.69B","IC",52,"GCO2E_EUR",2022,4
"EEIO_CANADA","FR","46.69B","PRD",39,"GCO2E_EUR",2022,4
"EEIO_CANADA","FR","46.69C","FD",39,"GCO2E_EUR",2022,4
"EEIO_CANADA","FR","46.69C","GVA",36,"GCO2E_EUR",2022,4
"EEIO_CANADA","FR","46.69C","IC",52,"GCO2E_EUR",2022,4
"EEIO_CANADA","FR","46.69C","PRD",39,"GCO2E_EUR",2022,4
"EEIO_CANADA","FR","46.71Z","FD",39,"GCO2E_EUR",2022,4
"EEIO_CANADA","FR","46.71Z","GVA",36,"GCO2E_EUR",2022,4
"EEIO_CANADA","FR","46.71Z","IC",52,"GCO2E_EUR",2022,4
"EEIO_CANADA","FR","46.71Z","PRD",39,"GCO2E_EUR",2022,4
"EEIO_CANADA","FR","46.72Z","FD",39,"GCO2E_EUR",2022,4
"EEIO_CANADA","FR","46.72Z","GVA",36,"GCO2E_EUR",2022,4
"EEIO_CANADA","FR","46.72Z","IC",52,"GCO2E_EUR",2022,4
"EEIO_CANADA","FR","46.72Z","PRD",39,"GCO2E_EUR",2022,4
"EEIO_CANADA","FR","46.73A","FD",39,"GCO2E_EUR",2022,4
"EEIO_CANADA","FR","46.73A","GVA",36,"GCO2E_EUR",2022,4
"EEIO_CANADA","FR","46.73A","IC",52,"GCO2E_EUR",2022,4
"EEIO_CANADA","FR","46.73A","PRD",39,"GCO2E_EUR",2022,4
"EEIO_CANADA","FR","46.73B","FD",39,"GCO2E_EUR",2022,4
"EEIO_CANADA","FR","46.73B","GVA",36,"GCO2E_EUR",2022,4
"EEIO_CANADA","FR","46.73B","IC",52,"GCO2E_EUR",2022,4
"EEIO_CANADA","FR","46.73B","PRD",39,"GCO2E_EUR",2022,4
"EEIO_CANADA","FR","46.74A","FD",39,"GCO2E_EUR",2022,4
"EEIO_CANADA","FR","46.74A","GVA",36,"GCO2E_EUR",2022,4
"EEIO_CANADA","FR","46.74A","IC",52,"GCO2E_EUR",2022,4
"EEIO_CANADA","FR","46.74A","PRD",39,"GCO2E_EUR",2022,4
"EEIO_CANADA","FR","46.74B","FD",39,"GCO2E_EUR",2022,4
"EEIO_CANADA","FR","46.74B","GVA",36,"GCO2E_EUR",2022,4
"EEIO_CANADA","FR","46.74B","IC",52,"GCO2E_EUR",2022,4
"EEIO_CANADA","FR","46.74B","PRD",39,"GCO2E_EUR",2022,4
"EEIO_CANADA","FR","46.75Z","FD",39,"GCO2E_EUR",2022,4
"EEIO_CANADA","FR","46.75Z","GVA",36,"GCO2E_EUR",2022,4
"EEIO_CANADA","FR","46.75Z","IC",52,"GCO2E_EUR",2022,4
"EEIO_CANADA","FR","46.75Z","PRD",39,"GCO2E_EUR",2022,4
"EEIO_CANADA","FR","46.76Z","FD",39,"GCO2E_EUR",2022,4
"EEIO_CANADA","FR","46.76Z","GVA",36,"GCO2E_EUR",2022,4
"EEIO_CANADA","FR","46.76Z","IC",52,"GCO2E_EUR",2022,4
"EEIO_CANADA","FR","46.76Z","PRD",39,"GCO2E_EUR",2022,4
"EEIO_CANADA","FR","46.77Z","FD",39,"GCO2E_EUR",2022,4
"EEIO_CANADA","FR","46.77Z","GVA",36,"GCO2E_EUR",2022,4
"EEIO_CANADA","FR","46.77Z","IC",52,"GCO2E_EUR",2022,4
"EEIO_CANADA","FR","46.77Z","PRD",39,"GCO2E_EUR",2022,4
"EEIO_CANADA","FR","46.90Z","FD",39,"GCO2E_EUR",2022,4
"EEIO_CANADA","FR","46.90Z","GVA",36,"GCO2E_EUR",2022,4
"EEIO_CANADA","FR","46.90Z","IC",52,"GCO2E_EUR",2022,4
"EEIO_CANADA","FR","46.90Z","PRD",39,"GCO2E_EUR",2022,4
"EEIO_CANADA","FR","47.11A","FD",66,"GCO2E_EUR",2022,4
"EEIO_CANADA","FR","47.11A","GVA",71,"GCO2E_EUR",2022,4
"EEIO_CANADA","FR","47.11A","IC",44,"GCO2E_EUR",2022,4
"EEIO_CANADA","FR","47.11A","PRD",66,"GCO2E_EUR",2022,4
"EEIO_CANADA","FR","47.11B","FD",66,"GCO2E_EUR",2022,4
"EEIO_CANADA","FR","47.11B","GVA",71,"GCO2E_EUR",2022,4
"EEIO_CANADA","FR","47.11B","IC",44,"GCO2E_EUR",2022,4
"EEIO_CANADA","FR","47.11B","PRD",66,"GCO2E_EUR",2022,4
"EEIO_CANADA","FR","47.11C","FD",66,"GCO2E_EUR",2022,4
"EEIO_CANADA","FR","47.11C","GVA",71,"GCO2E_EUR",2022,4
"EEIO_CANADA","FR","47.11C","IC",44,"GCO2E_EUR",2022,4
"EEIO_CANADA","FR","47.11C","PRD",66,"GCO2E_EUR",2022,4
"EEIO_CANADA","FR","47.11D","FD",66,"GCO2E_EUR",2022,4
"EEIO_CANADA","FR","47.11D","GVA",71,"GCO2E_EUR",2022,4
"EEIO_CANADA","FR","47.11D","IC",44,"GCO2E_EUR",2022,4
"EEIO_CANADA","FR","47.11D","PRD",66,"GCO2E_EUR",2022,4
"EEIO_CANADA","FR","47.11E","FD",66,"GCO2E_EUR",2022,4
"EEIO_CANADA","FR","47.11E","GVA",71,"GCO2E_EUR",2022,4
"EEIO_CANADA","FR","47.11E","IC",44,"GCO2E_EUR",2022,4
"EEIO_CANADA","FR","47.11E","PRD",66,"GCO2E_EUR",2022,4
"EEIO_CANADA","FR","47.11F","FD",66,"GCO2E_EUR",2022,4
"EEIO_CANADA","FR","47.11F","GVA",71,"GCO2E_EUR",2022,4
"EEIO_CANADA","FR","47.11F","IC",44,"GCO2E_EUR",2022,4
"EEIO_CANADA","FR","47.11F","PRD",66,"GCO2E_EUR",2022,4
"EEIO_CANADA","FR","47.19A","FD",66,"GCO2E_EUR",2022,4
"EEIO_CANADA","FR","47.19A","GVA",71,"GCO2E_EUR",2022,4
"EEIO_CANADA","FR","47.19A","IC",44,"GCO2E_EUR",2022,4
"EEIO_CANADA","FR","47.19A","PRD",66,"GCO2E_EUR",2022,4
"EEIO_CANADA","FR","47.19B","FD",66,"GCO2E_EUR",2022,4
"EEIO_CANADA","FR","47.19B","GVA",71,"GCO2E_EUR",2022,4
"EEIO_CANADA","FR","47.19B","IC",44,"GCO2E_EUR",2022,4
"EEIO_CANADA","FR","47.19B","PRD",66,"GCO2E_EUR",2022,4
"EEIO_CANADA","FR","47.21Z","FD",66,"GCO2E_EUR",2022,4
"EEIO_CANADA","FR","47.21Z","GVA",71,"GCO2E_EUR",2022,4
"EEIO_CANADA","FR","47.21Z","IC",44,"GCO2E_EUR",2022,4
"EEIO_CANADA","FR","47.21Z","PRD",66,"GCO2E_EUR",2022,4
"EEIO_CANADA","FR","47.22Z","FD",66,"GCO2E_EUR",2022,4
"EEIO_CANADA","FR","47.22Z","GVA",71,"GCO2E_EUR",2022,4
"EEIO_CANADA","FR","47.22Z","IC",44,"GCO2E_EUR",2022,4
"EEIO_CANADA","FR","47.22Z","PRD",66,"GCO2E_EUR",2022,4
"EEIO_CANADA","FR","47.23Z","FD",66,"GCO2E_EUR",2022,4
"EEIO_CANADA","FR","47.23Z","GVA",71,"GCO2E_EUR",2022,4
"EEIO_CANADA","FR","47.23Z","IC",44,"GCO2E_EUR",2022,4
"EEIO_CANADA","FR","47.23Z","PRD",66,"GCO2E_EUR",2022,4
"EEIO_CANADA","FR","47.24Z","FD",66,"GCO2E_EUR",2022,4
"EEIO_CANADA","FR","47.24Z","GVA",71,"GCO2E_EUR",2022,4
"EEIO_CANADA","FR","47.24Z","IC",44,"GCO2E_EUR",2022,4
"EEIO_CANADA","FR","47.24Z","PRD",66,"GCO2E_EUR",2022,4
"EEIO_CANADA","FR","47.25Z","FD",66,"GCO2E_EUR",2022,4
"EEIO_CANADA","FR","47.25Z","GVA",71,"GCO2E_EUR",2022,4
"EEIO_CANADA","FR","47.25Z","IC",44,"GCO2E_EUR",2022,4
"EEIO_CANADA","FR","47.25Z","PRD",66,"GCO2E_EUR",2022,4
"EEIO_CANADA","FR","47.26Z","FD",66,"GCO2E_EUR",2022,4
"EEIO_CANADA","FR","47.26Z","GVA",71,"GCO2E_EUR",2022,4
"EEIO_CANADA","FR","47.26Z","IC",44,"GCO2E_EUR",2022,4
"EEIO_CANADA","FR","47.26Z","PRD",66,"GCO2E_EUR",2022,4
"EEIO_CANADA","FR","47.29Z","FD",66,"GCO2E_EUR",2022,4
"EEIO_CANADA","FR","47.29Z","GVA",71,"GCO2E_EUR",2022,4
"EEIO_CANADA","FR","47.29Z","IC",44,"GCO2E_EUR",2022,4
"EEIO_CANADA","FR","47.29Z","PRD",66,"GCO2E_EUR",2022,4
"EEIO_CANADA","FR","47.30Z","FD",66,"GCO2E_EUR",2022,4
"EEIO_CANADA","FR","47.30Z","GVA",71,"GCO2E_EUR",2022,4
"EEIO_CANADA","FR","47.30Z","IC",44,"GCO2E_EUR",2022,4
"EEIO_CANADA","FR","47.30Z","PRD",66,"GCO2E_EUR",2022,4
"EEIO_CANADA","FR","47.41Z","FD",66,"GCO2E_EUR",2022,4
"EEIO_CANADA","FR","47.41Z","GVA",71,"GCO2E_EUR",2022,4
"EEIO_CANADA","FR","47.41Z","IC",44,"GCO2E_EUR",2022,4
"EEIO_CANADA","FR","47.41Z","PRD",66,"GCO2E_EUR",2022,4
"EEIO_CANADA","FR","47.42Z","FD",66,"GCO2E_EUR",2022,4
"EEIO_CANADA","FR","47.42Z","GVA",71,"GCO2E_EUR",2022,4
"EEIO_CANADA","FR","47.42Z","IC",44,"GCO2E_EUR",2022,4
"EEIO_CANADA","FR","47.42Z","PRD",66,"GCO2E_EUR",2022,4
"EEIO_CANADA","FR","47.43Z","FD",66,"GCO2E_EUR",2022,4
"EEIO_CANADA","FR","47.43Z","GVA",71,"GCO2E_EUR",2022,4
"EEIO_CANADA","FR","47.43Z","IC",44,"GCO2E_EUR",2022,4
"EEIO_CANADA","FR","47.43Z","PRD",66,"GCO2E_EUR",2022,4
"EEIO_CANADA","FR","47.51Z","FD",66,"GCO2E_EUR",2022,4
"EEIO_CANADA","FR","47.51Z","GVA",71,"GCO2E_EUR",2022,4
"EEIO_CANADA","FR","47.51Z","IC",44,"GCO2E_EUR",2022,4
"EEIO_CANADA","FR","47.51Z","PRD",66,"GCO2E_EUR",2022,4
"EEIO_CANADA","FR","47.52A","FD",66,"GCO2E_EUR",2022,4
"EEIO_CANADA","FR","47.52A","GVA",71,"GCO2E_EUR",2022,4
"EEIO_CANADA","FR","47.52A","IC",44,"GCO2E_EUR",2022,4
"EEIO_CANADA","FR","47.52A","PRD",66,"GCO2E_EUR",2022,4
"EEIO_CANADA","FR","47.52B","FD",66,"GCO2E_EUR",2022,4
"EEIO_CANADA","FR","47.52B","GVA",71,"GCO2E_EUR",2022,4
"EEIO_CANADA","FR","47.52B","IC",44,"GCO2E_EUR",2022,4
"EEIO_CANADA","FR","47.52B","PRD",66,"GCO2E_EUR",2022,4
"EEIO_CANADA","FR","47.53Z","FD",66,"GCO2E_EUR",2022,4
"EEIO_CANADA","FR","47.53Z","GVA",71,"GCO2E_EUR",2022,4
"EEIO_CANADA","FR","47.53Z","IC",44,"GCO2E_EUR",2022,4
"EEIO_CANADA","FR","47.53Z","PRD",66,"GCO2E_EUR",2022,4
"EEIO_CANADA","FR","47.54Z","FD",66,"GCO2E_EUR",2022,4
"EEIO_CANADA","FR","47.54Z","GVA",71,"GCO2E_EUR",2022,4
"EEIO_CANADA","FR","47.54Z","IC",44,"GCO2E_EUR",2022,4
"EEIO_CANADA","FR","47.54Z","PRD",66,"GCO2E_EUR",2022,4
"EEIO_CANADA","FR","47.59A","FD",66,"GCO2E_EUR",2022,4
"EEIO_CANADA","FR","47.59A","GVA",71,"GCO2E_EUR",2022,4
"EEIO_CANADA","FR","47.59A","IC",44,"GCO2E_EUR",2022,4
"EEIO_CANADA","FR","47.59A","PRD",66,"GCO2E_EUR",2022,4
"EEIO_CANADA","FR","47.59B","FD",66,"GCO2E_EUR",2022,4
"EEIO_CANADA","FR","47.59B","GVA",71,"GCO2E_EUR",2022,4
"EEIO_CANADA","FR","47.59B","IC",44,"GCO2E_EUR",2022,4
"EEIO_CANADA","FR","47.59B","PRD",66,"GCO2E_EUR",2022,4
"EEIO_CANADA","FR","47.61Z","FD",66,"GCO2E_EUR",2022,4
"EEIO_CANADA","FR","47.61Z","GVA",71,"GCO2E_EUR",2022,4
"EEIO_CANADA","FR","47.61Z","IC",44,"GCO2E_EUR",2022,4
"EEIO_CANADA","FR","47.61Z","PRD",66,"GCO2E_EUR",2022,4
"EEIO_CANADA","FR","47.62Z","FD",66,"GCO2E_EUR",2022,4
"EEIO_CANADA","FR","47.62Z","GVA",71,"GCO2E_EUR",2022,4
"EEIO_CANADA","FR","47.62Z","IC",44,"GCO2E_EUR",2022,4
"EEIO_CANADA","FR","47.62Z","PRD",66,"GCO2E_EUR",2022,4
"EEIO_CANADA","FR","47.63Z","FD",66,"GCO2E_EUR",2022,4
"EEIO_CANADA","FR","47.63Z","GVA",71,"GCO2E_EUR",2022,4
"EEIO_CANADA","FR","47.63Z","IC",44,"GCO2E_EUR",2022,4
"EEIO_CANADA","FR","47.63Z","PRD",66,"GCO2E_EUR",2022,4
"EEIO_CANADA","FR","47.64Z","FD",66,"GCO2E_EUR",2022,4
"EEIO_CANADA","FR","47.64Z","GVA",71,"GCO2E_EUR",2022,4
"EEIO_CANADA","FR","47.64Z","IC",44,"GCO2E_EUR",2022,4
"EEIO_CANADA","FR","47.64Z","PRD",66,"GCO2E_EUR",2022,4
"EEIO_CANADA","FR","47.65Z","FD",66,"GCO2E_EUR",2022,4
"EEIO_CANADA","FR","47.65Z","GVA",71,"GCO2E_EUR",2022,4
"EEIO_CANADA","FR","47.65Z","IC",44,"GCO2E_EUR",2022,4
"EEIO_CANADA","FR","47.65Z","PRD",66,"GCO2E_EUR",2022,4
"EEIO_CANADA","FR","47.71Z","FD",66,"GCO2E_EUR",2022,4
"EEIO_CANADA","FR","47.71Z","GVA",71,"GCO2E_EUR",2022,4
"EEIO_CANADA","FR","47.71Z","IC",44,"GCO2E_EUR",2022,4
"EEIO_CANADA","FR","47.71Z","PRD",66,"GCO2E_EUR",2022,4
"EEIO_CANADA","FR","47.72A","FD",66,"GCO2E_EUR",2022,4
"EEIO_CANADA","FR","47.72A","GVA",71,"GCO2E_EUR",2022,4
"EEIO_CANADA","FR","47.72A","IC",44,"GCO2E_EUR",2022,4
"EEIO_CANADA","FR","47.72A","PRD",66,"GCO2E_EUR",2022,4
"EEIO_CANADA","FR","47.72B","FD",66,"GCO2E_EUR",2022,4
"EEIO_CANADA","FR","47.72B","GVA",71,"GCO2E_EUR",2022,4
"EEIO_CANADA","FR","47.72B","IC",44,"GCO2E_EUR",2022,4
"EEIO_CANADA","FR","47.72B","PRD",66,"GCO2E_EUR",2022,4
"EEIO_CANADA","FR","47.73Z","FD",66,"GCO2E_EUR",2022,4
"EEIO_CANADA","FR","47.73Z","GVA",71,"GCO2E_EUR",2022,4
"EEIO_CANADA","FR","47.73Z","IC",44,"GCO2E_EUR",2022,4
"EEIO_CANADA","FR","47.73Z","PRD",66,"GCO2E_EUR",2022,4
"EEIO_CANADA","FR","47.74Z","FD",66,"GCO2E_EUR",2022,4
"EEIO_CANADA","FR","47.74Z","GVA",71,"GCO2E_EUR",2022,4
"EEIO_CANADA","FR","47.74Z","IC",44,"GCO2E_EUR",2022,4
"EEIO_CANADA","FR","47.74Z","PRD",66,"GCO2E_EUR",2022,4
"EEIO_CANADA","FR","47.75Z","FD",66,"GCO2E_EUR",2022,4
"EEIO_CANADA","FR","47.75Z","GVA",71,"GCO2E_EUR",2022,4
"EEIO_CANADA","FR","47.75Z","IC",44,"GCO2E_EUR",2022,4
"EEIO_CANADA","FR","47.75Z","PRD",66,"GCO2E_EUR",2022,4
"EEIO_CANADA","FR","47.76Z","FD",66,"GCO2E_EUR",2022,4
"EEIO_CANADA","FR","47.76Z","GVA",71,"GCO2E_EUR",2022,4
"EEIO_CANADA","FR","47.76Z","IC",44,"GCO2E_EUR",2022,4
"EEIO_CANADA","FR","47.76Z","PRD",66,"GCO2E_EUR",2022,4
"EEIO_CANADA","FR","47.77Z","FD",66,"GCO2E_EUR",2022,4
"EEIO_CANADA","FR","47.77Z","GVA",71,"GCO2E_EUR",2022,4
"EEIO_CANADA","FR","47.77Z","IC",44,"GCO2E_EUR",2022,4
"EEIO_CANADA","FR","47.77Z","PRD",66,"GCO2E_EUR",2022,4
"EEIO_CANADA","FR","47.78A","FD",66,"GCO2E_EUR",2022,4
"EEIO_CANADA","FR","47.78A","GVA",71,"GCO2E_EUR",2022,4
"EEIO_CANADA","FR","47.78A","IC",44,"GCO2E_EUR",2022,4
"EEIO_CANADA","FR","47.78A","PRD",66,"GCO2E_EUR",2022,4
"EEIO_CANADA","FR","47.78B","FD",66,"GCO2E_EUR",2022,4
"EEIO_CANADA","FR","47.78B","GVA",71,"GCO2E_EUR",2022,4
"EEIO_CANADA","FR","47.78B","IC",44,"GCO2E_EUR",2022,4
"EEIO_CANADA","FR","47.78B","PRD",66,"GCO2E_EUR",2022,4
"EEIO_CANADA","FR","47.78C","FD",66,"GCO2E_EUR",2022,4
"EEIO_CANADA","FR","47.78C","GVA",71,"GCO2E_EUR",2022,4
"EEIO_CANADA","FR","47.78C","IC",44,"GCO2E_EUR",2022,4
"EEIO_CANADA","FR","47.78C","PRD",66,"GCO2E_EUR",2022,4
"EEIO_CANADA","FR","47.79Z","FD",66,"GCO2E_EUR",2022,4
"EEIO_CANADA","FR","47.79Z","GVA",71,"GCO2E_EUR",2022,4
"EEIO_CANADA","FR","47.79Z","IC",44,"GCO2E_EUR",2022,4
"EEIO_CANADA","FR","47.79Z","PRD",66,"GCO2E_EUR",2022,4
"EEIO_CANADA","FR","47.81Z","FD",66,"GCO2E_EUR",2022,4
"EEIO_CANADA","FR","47.81Z","GVA",71,"GCO2E_EUR",2022,4
"EEIO_CANADA","FR","47.81Z","IC",44,"GCO2E_EUR",2022,4
"EEIO_CANADA","FR","47.81Z","PRD",66,"GCO2E_EUR",2022,4
"EEIO_CANADA","FR","47.82Z","FD",66,"GCO2E_EUR",2022,4
"EEIO_CANADA","FR","47.82Z","GVA",71,"GCO2E_EUR",2022,4
"EEIO_CANADA","FR","47.82Z","IC",44,"GCO2E_EUR",2022,4
"EEIO_CANADA","FR","47.82Z","PRD",66,"GCO2E_EUR",2022,4
"EEIO_CANADA","FR","47.89Z","FD",66,"GCO2E_EUR",2022,4
"EEIO_CANADA","FR","47.89Z","GVA",71,"GCO2E_EUR",2022,4
"EEIO_CANADA","FR","47.89Z","IC",44,"GCO2E_EUR",2022,4
"EEIO_CANADA","FR","47.89Z","PRD",66,"GCO2E_EUR",2022,4
"EEIO_CANADA","FR","47.91A","FD",66,"GCO2E_EUR",2022,4
"EEIO_CANADA","FR","47.91A","GVA",71,"GCO2E_EUR",2022,4
"EEIO_CANADA","FR","47.91A","IC",44,"GCO2E_EUR",2022,4
"EEIO_CANADA","FR","47.91A","PRD",66,"GCO2E_EUR",2022,4
"EEIO_CANADA","FR","47.91B","FD",66,"GCO2E_EUR",2022,4
"EEIO_CANADA","FR","47.91B","GVA",71,"GCO2E_EUR",2022,4
"EEIO_CANADA","FR","47.91B","IC",44,"GCO2E_EUR",2022,4
"EEIO_CANADA","FR","47.91B","PRD",66,"GCO2E_EUR",2022,4
"EEIO_CANADA","FR","47.99A","FD",66,"GCO2E_EUR",2022,4
"EEIO_CANADA","FR","47.99A","GVA",71,"GCO2E_EUR",2022,4
"EEIO_CANADA","FR","47.99A","IC",44,"GCO2E_EUR",2022,4
"EEIO_CANADA","FR","47.99A","PRD",66,"GCO2E_EUR",2022,4
"EEIO_CANADA","FR","47.99B","FD",66,"GCO2E_EUR",2022,4
"EEIO_CANADA","FR","47.99B","GVA",71,"GCO2E_EUR",2022,4
"EEIO_CANADA","FR","47.99B","IC",44,"GCO2E_EUR",2022,4
"EEIO_CANADA","FR","47.99B","PRD",66,"GCO2E_EUR",2022,4
"EEIO_CANADA","FR","49.10Z","FD",233,"GCO2E_EUR",2022,2
"EEIO_CANADA","FR","49.10Z","GVA",257,"GCO2E_EUR",2022,2
"EEIO_CANADA","FR","49.10Z","IC",110,"GCO2E_EUR",2022,2
"EEIO_CANADA","FR","49.10Z","PRD",232,"GCO2E_EUR",2022,2
"EEIO_CANADA","FR","49.20Z","FD",233,"GCO2E_EUR",2022,2
"EEIO_CANADA","FR","49.20Z","GVA",257,"GCO2E_EUR",2022,2
"EEIO_CANADA","FR","49.20Z","IC",110,"GCO2E_EUR",2022,2
"EEIO_CANADA","FR","49.20Z","PRD",232,"GCO2E_EUR",2022,2
"EEIO_CANADA","FR","49.31Z","FD",167,"GCO2E_EUR",2022,2
"EEIO_CANADA","FR","49.31Z","GVA",204,"GCO2E_EUR",2022,2
"EEIO_CANADA","FR","49.31Z","IC",56,"GCO2E_EUR",2022,2
"EEIO_CANADA","FR","49.31Z","PRD",162,"GCO2E_EUR",2022,2
"EEIO_CANADA","FR","49.32Z","FD",167,"GCO2E_EUR",2022,2
"EEIO_CANADA","FR","49.32Z","GVA",204,"GCO2E_EUR",2022,2
"EEIO_CANADA","FR","49.32Z","IC",56,"GCO2E_EUR",2022,2
"EEIO_CANADA","FR","49.32Z","PRD",162,"GCO2E_EUR",2022,2
"EEIO_CANADA","FR","49.39A","FD",167,"GCO2E_EUR",2022,2
"EEIO_CANADA","FR","49.39A","GVA",204,"GCO2E_EUR",2022,2
"EEIO_CANADA","FR","49.39A","IC",56,"GCO2E_EUR",2022,2
"EEIO_CANADA","FR","49.39A","PRD",162,"GCO2E_EUR",2022,2
"EEIO_CANADA","FR","49.39B","FD",167,"GCO2E_EUR",2022,2
"EEIO_CANADA","FR","49.39B","GVA",204,"GCO2E_EUR",2022,2
"EEIO_CANADA","FR","49.39B","IC",56,"GCO2E_EUR",2022,2
"EEIO_CANADA","FR","49.39B","PRD",162,"GCO2E_EUR",2022,2
"EEIO_CANADA","FR","49.39C","FD",28,"GCO2E_EUR",2022,5
"EEIO_CANADA","FR","49.39C","GVA",23,"GCO2E_EUR",2022,5
"EEIO_CANADA","FR","49.39C","IC",39,"GCO2E_EUR",2022,5
"EEIO_CANADA","FR","49.39C","PRD",27,"GCO2E_EUR",2022,5
"EEIO_CANADA","FR","49.41A","FD",193,"GCO2E_EUR",2022,2
"EEIO_CANADA","FR","49.41A","GVA",227,"GCO2E_EUR",2022,2
"EEIO_CANADA","FR","49.41A","IC",72,"GCO2E_EUR",2022,2
"EEIO_CANADA","FR","49.41A","PRD",177,"GCO2E_EUR",2022,2
"EEIO_CANADA","FR","49.41B","FD",193,"GCO2E_EUR",2022,2
"EEIO_CANADA","FR","49.41B","GVA",227,"GCO2E_EUR",2022,2
"EEIO_CANADA","FR","49.41B","IC",72,"GCO2E_EUR",2022,2
"EEIO_CANADA","FR","49.41B","PRD",177,"GCO2E_EUR",2022,2
"EEIO_CANADA","FR","49.41C","FD",193,"GCO2E_EUR",2022,2
"EEIO_CANADA","FR","49.41C","GVA",227,"GCO2E_EUR",2022,2
"EEIO_CANADA","FR","49.41C","IC",72,"GCO2E_EUR",2022,2
"EEIO_CANADA","FR","49.41C","PRD",177,"GCO2E_EUR",2022,2
"EEIO_CANADA","FR","49.42Z","FD",193,"GCO2E_EUR",2022,2
"EEIO_CANADA","FR","49.42Z","GVA",227,"GCO2E_EUR",2022,2
"EEIO_CANADA","FR","49.42Z","IC",72,"GCO2E_EUR",2022,2
"EEIO_CANADA","FR","49.42Z","PRD",177,"GCO2E_EUR",2022,2
"EEIO_CANADA","FR","49.50Z","FD",136,"GCO2E_EUR",2022,1
"EEIO_CANADA","FR","49.50Z","GVA",162,"GCO2E_EUR",2022,1
"EEIO_CANADA","FR","49.50Z","IC",48,"GCO2E_EUR",2022,1
"EEIO_CANADA","FR","49.50Z","PRD",136,"GCO2E_EUR",2022,1
"EEIO_CANADA","FR","50.10Z","FD",626,"GCO2E_EUR",2022,4
"EEIO_CANADA","FR","50.10Z","GVA",869,"GCO2E_EUR",2022,4
"EEIO_CANADA","FR","50.10Z","IC",89,"GCO2E_EUR",2022,4
"EEIO_CANADA","FR","50.10Z","PRD",608,"GCO2E_EUR",2022,4
"EEIO_CANADA","FR","50.20Z","FD",626,"GCO2E_EUR",2022,4
"EEIO_CANADA","FR","50.20Z","GVA",869,"GCO2E_EUR",2022,4
"EEIO_CANADA","FR","50.20Z","IC",89,"GCO2E_EUR",2022,4
"EEIO_CANADA","FR","50.20Z","PRD",608,"GCO2E_EUR",2022,4
"EEIO_CANADA","FR","50.30Z","FD",626,"GCO2E_EUR",2022,4
"EEIO_CANADA","FR","50.30Z","GVA",869,"GCO2E_EUR",2022,4
"EEIO_CANADA","FR","50.30Z","IC",89,"GCO2E_EUR",2022,4
"EEIO_CANADA","FR","50.30Z","PRD",608,"GCO2E_EUR",2022,4
"EEIO_CANADA","FR","50.40Z","FD",626,"GCO2E_EUR",2022,4
"EEIO_CANADA","FR","50.40Z","GVA",869,"GCO2E_EUR",2022,4
"EEIO_CANADA","FR","50.40Z","IC",89,"GCO2E_EUR",2022,4
"EEIO_CANADA","FR","50.40Z","PRD",608,"GCO2E_EUR",2022,4
"EEIO_CANADA","FR","51.10Z","FD",795,"GCO2E_EUR",2022,4
"EEIO_CANADA","FR","51.10Z","GVA",1127,"GCO2E_EUR",2022,4
"EEIO_CANADA","FR","51.10Z","IC",101,"GCO2E_EUR",2022,4
"EEIO_CANADA","FR","51.10Z","PRD",783,"GCO2E_EUR",2022,4
"EEIO_CANADA","FR","51.21Z","FD",795,"GCO2E_EUR",2022,4
"EEIO_CANADA","FR","51.21Z","GVA",1127,"GCO2E_EUR",2022,4
"EEIO_CANADA","FR","51.21Z","IC",101,"GCO2E_EUR",2022,4
"EEIO_CANADA","FR","51.21Z","PRD",783,"GCO2E_EUR",2022,4
"EEIO_CANADA","FR","51.22Z","FD",795,"GCO2E_EUR",2022,4
"EEIO_CANADA","FR","51.22Z","GVA",1127,"GCO2E_EUR",2022,4
"EEIO_CANADA","FR","51.22Z","IC",101,"GCO2E_EUR",2022,4
"EEIO_CANADA","FR","51.22Z","PRD",783,"GCO2E_EUR",2022,4
"EEIO_CANADA","FR","52.10A","FD",14,"GCO2E_EUR",2022,2
"EEIO_CANADA","FR","52.10A","GVA",3,"GCO2E_EUR",2022,2
"EEIO_CANADA","FR","52.10A","IC",78,"GCO2E_EUR",2022,2
"EEIO_CANADA","FR","52.10A","PRD",14,"GCO2E_EUR",2022,2
"EEIO_CANADA","FR","52.10B","FD",14,"GCO2E_EUR",2022,2
"EEIO_CANADA","FR","52.10B","GVA",3,"GCO2E_EUR",2022,2
"EEIO_CANADA","FR","52.10B","IC",78,"GCO2E_EUR",2022,2
"EEIO_CANADA","FR","52.10B","PRD",14,"GCO2E_EUR",2022,2
"EEIO_CANADA","FR","52.21Z","FD",167,"GCO2E_EUR",2022,5
"EEIO_CANADA","FR","52.21Z","GVA",204,"GCO2E_EUR",2022,5
"EEIO_CANADA","FR","52.21Z","IC",56,"GCO2E_EUR",2022,5
"EEIO_CANADA","FR","52.21Z","PRD",162,"GCO2E_EUR",2022,5
"EEIO_CANADA","FR","52.22Z","FD",167,"GCO2E_EUR",2022,5
"EEIO_CANADA","FR","52.22Z","GVA",204,"GCO2E_EUR",2022,5
"EEIO_CANADA","FR","52.22Z","IC",56,"GCO2E_EUR",2022,5
"EEIO_CANADA","FR","52.22Z","PRD",162,"GCO2E_EUR",2022,5
"EEIO_CANADA","FR","52.23Z","FD",167,"GCO2E_EUR",2022,5
"EEIO_CANADA","FR","52.23Z","GVA",204,"GCO2E_EUR",2022,5
"EEIO_CANADA","FR","52.23Z","IC",56,"GCO2E_EUR",2022,5
"EEIO_CANADA","FR","52.23Z","PRD",162,"GCO2E_EUR",2022,5
"EEIO_CANADA","FR","52.24A","FD",167,"GCO2E_EUR",2022,5
"EEIO_CANADA","FR","52.24A","GVA",204,"GCO2E_EUR",2022,5
"EEIO_CANADA","FR","52.24A","IC",56,"GCO2E_EUR",2022,5
"EEIO_CANADA","FR","52.24A","PRD",162,"GCO2E_EUR",2022,5
"EEIO_CANADA","FR","52.24B","FD",167,"GCO2E_EUR",2022,5
"EEIO_CANADA","FR","52.24B","GVA",204,"GCO2E_EUR",2022,5
"EEIO_CANADA","FR","52.24B","IC",56,"GCO2E_EUR",2022,5
"EEIO_CANADA","FR","52.24B","PRD",162,"GCO2E_EUR",2022,5
"EEIO_CANADA","FR","52.29A","FD",48,"GCO2E_EUR",2022,3
"EEIO_CANADA","FR","52.29A","GVA",22,"GCO2E_EUR",2022,3
"EEIO_CANADA","FR","52.29A","IC",136,"GCO2E_EUR",2022,3
"EEIO_CANADA","FR","52.29A","PRD",46,"GCO2E_EUR",2022,3
"EEIO_CANADA","FR","52.29B","FD",167,"GCO2E_EUR",2022,5
"EEIO_CANADA","FR","52.29B","GVA",204,"GCO2E_EUR",2022,5
"EEIO_CANADA","FR","52.29B","IC",56,"GCO2E_EUR",2022,5
"EEIO_CANADA","FR","52.29B","PRD",162,"GCO2E_EUR",2022,5
"EEIO_CANADA","FR","53.10Z","FD",48,"GCO2E_EUR",2022,4
"EEIO_CANADA","FR","53.10Z","GVA",22,"GCO2E_EUR",2022,4
"EEIO_CANADA","FR","53.10Z","IC",136,"GCO2E_EUR",2022,4
"EEIO_CANADA","FR","53.10Z","PRD",46,"GCO2E_EUR",2022,4
"EEIO_CANADA","FR","53.20Z","FD",48,"GCO2E_EUR",2022,4
"EEIO_CANADA","FR","53.20Z","GVA",22,"GCO2E_EUR",2022,4
"EEIO_CANADA","FR","53.20Z","IC",136,"GCO2E_EUR",2022,4
"EEIO_CANADA","FR","53.20Z","PRD",46,"GCO2E_EUR",2022,4
"EEIO_CANADA","FR","55.10Z","FD",46,"GCO2E_EUR",2022,4
"EEIO_CANADA","FR","55.10Z","GVA",23,"GCO2E_EUR",2022,4
"EEIO_CANADA","FR","55.10Z","IC",113,"GCO2E_EUR",2022,4
"EEIO_CANADA","FR","55.10Z","PRD",46,"GCO2E_EUR",2022,4
"EEIO_CANADA","FR","55.20Z","FD",46,"GCO2E_EUR",2022,4
"EEIO_CANADA","FR","55.20Z","GVA",23,"GCO2E_EUR",2022,4
"EEIO_CANADA","FR","55.20Z","IC",113,"GCO2E_EUR",2022,4
"EEIO_CANADA","FR","55.20Z","PRD",46,"GCO2E_EUR",2022,4
"EEIO_CANADA","FR","55.30Z","FD",46,"GCO2E_EUR",2022,4
"EEIO_CANADA","FR","55.30Z","GVA",23,"GCO2E_EUR",2022,4
"EEIO_CANADA","FR","55.30Z","IC",113,"GCO2E_EUR",2022,4
"EEIO_CANADA","FR","55.30Z","PRD",46,"GCO2E_EUR",2022,4
"EEIO_CANADA","FR","55.90Z","FD",46,"GCO2E_EUR",2022,4
"EEIO_CANADA","FR","55.90Z","GVA",23,"GCO2E_EUR",2022,4
"EEIO_CANADA","FR","55.90Z","IC",113,"GCO2E_EUR",2022,4
"EEIO_CANADA","FR","55.90Z","PRD",46,"GCO2E_EUR",2022,4
"EEIO_CANADA","FR","56.10A","FD",46,"GCO2E_EUR",2022,4
"EEIO_CANADA","FR","56.10A","GVA",23,"GCO2E_EUR",2022,4
"EEIO_CANADA","FR","56.10A","IC",113,"GCO2E_EUR",2022,4
"EEIO_CANADA","FR","56.10A","PRD",46,"GCO2E_EUR",2022,4
"EEIO_CANADA","FR","56.10B","FD",46,"GCO2E_EUR",2022,4
"EEIO_CANADA","FR","56.10B","GVA",23,"GCO2E_EUR",2022,4
"EEIO_CANADA","FR","56.10B","IC",113,"GCO2E_EUR",2022,4
"EEIO_CANADA","FR","56.10B","PRD",46,"GCO2E_EUR",2022,4
"EEIO_CANADA","FR","56.10C","FD",46,"GCO2E_EUR",2022,4
"EEIO_CANADA","FR","56.10C","GVA",23,"GCO2E_EUR",2022,4
"EEIO_CANADA","FR","56.10C","IC",113,"GCO2E_EUR",2022,4
"EEIO_CANADA","FR","56.10C","PRD",46,"GCO2E_EUR",2022,4
"EEIO_CANADA","FR","56.21Z","FD",46,"GCO2E_EUR",2022,4
"EEIO_CANADA","FR","56.21Z","GVA",23,"GCO2E_EUR",2022,4
"EEIO_CANADA","FR","56.21Z","IC",113,"GCO2E_EUR",2022,4
"EEIO_CANADA","FR","56.21Z","PRD",46,"GCO2E_EUR",2022,4
"EEIO_CANADA","FR","56.29A","FD",46,"GCO2E_EUR",2022,4
"EEIO_CANADA","FR","56.29A","GVA",23,"GCO2E_EUR",2022,4
"EEIO_CANADA","FR","56.29A","IC",113,"GCO2E_EUR",2022,4
"EEIO_CANADA","FR","56.29A","PRD",46,"GCO2E_EUR",2022,4
"EEIO_CANADA","FR","56.29B","FD",46,"GCO2E_EUR",2022,4
"EEIO_CANADA","FR","56.29B","GVA",23,"GCO2E_EUR",2022,4
"EEIO_CANADA","FR","56.29B","IC",113,"GCO2E_EUR",2022,4
"EEIO_CANADA","FR","56.29B","PRD",46,"GCO2E_EUR",2022,4
"EEIO_CANADA","FR","56.30Z","FD",46,"GCO2E_EUR",2022,4
"EEIO_CANADA","FR","56.30Z","GVA",23,"GCO2E_EUR",2022,4
"EEIO_CANADA","FR","56.30Z","IC",113,"GCO2E_EUR",2022,4
"EEIO_CANADA","FR","56.30Z","PRD",46,"GCO2E_EUR",2022,4
"EEIO_CANADA","FR","58.11Z","FD",7,"GCO2E_EUR",2022,5
"EEIO_CANADA","FR","58.11Z","GVA",4,"GCO2E_EUR",2022,5
"EEIO_CANADA","FR","58.11Z","IC",19,"GCO2E_EUR",2022,5
"EEIO_CANADA","FR","58.11Z","PRD",7,"GCO2E_EUR",2022,5
"EEIO_CANADA","FR","58.12Z","FD",7,"GCO2E_EUR",2022,5
"EEIO_CANADA","FR","58.12Z","GVA",4,"GCO2E_EUR",2022,5
"EEIO_CANADA","FR","58.12Z","IC",19,"GCO2E_EUR",2022,5
"EEIO_CANADA","FR","58.12Z","PRD",7,"GCO2E_EUR",2022,5
"EEIO_CANADA","FR","58.13Z","FD",7,"GCO2E_EUR",2022,5
"EEIO_CANADA","FR","58.13Z","GVA",4,"GCO2E_EUR",2022,5
"EEIO_CANADA","FR","58.13Z","IC",19,"GCO2E_EUR",2022,5
"EEIO_CANADA","FR","58.13Z","PRD",7,"GCO2E_EUR",2022,5
"EEIO_CANADA","FR","58.14Z","FD",7,"GCO2E_EUR",2022,5
"EEIO_CANADA","FR","58.14Z","GVA",4,"GCO2E_EUR",2022,5
"EEIO_CANADA","FR","58.14Z","IC",19,"GCO2E_EUR",2022,5
"EEIO_CANADA","FR","58.14Z","PRD",7,"GCO2E_EUR",2022,5
"EEIO_CANADA","FR","58.19Z","FD",7,"GCO2E_EUR",2022,5
"EEIO_CANADA","FR","58.19Z","GVA",4,"GCO2E_EUR",2022,5
"EEIO_CANADA","FR","58.19Z","IC",19,"GCO2E_EUR",2022,5
"EEIO_CANADA","FR","58.19Z","PRD",7,"GCO2E_EUR",2022,5
"EEIO_CANADA","FR","58.21Z","FD",7,"GCO2E_EUR",2022,5
"EEIO_CANADA","FR","58.21Z","GVA",4,"GCO2E_EUR",2022,5
"EEIO_CANADA","FR","58.21Z","IC",19,"GCO2E_EUR",2022,5
"EEIO_CANADA","FR","58.21Z","PRD",7,"GCO2E_EUR",2022,5
"EEIO_CANADA","FR","58.29A","FD",7,"GCO2E_EUR",2022,5
"EEIO_CANADA","FR","58.29A","GVA",4,"GCO2E_EUR",2022,5
"EEIO_CANADA","FR","58.29A","IC",19,"GCO2E_EUR",2022,5
"EEIO_CANADA","FR","58.29A","PRD",7,"GCO2E_EUR",2022,5
"EEIO_CANADA","FR","58.29B","FD",7,"GCO2E_EUR",2022,5
"EEIO_CANADA","FR","58.29B","GVA",4,"GCO2E_EUR",2022,5
"EEIO_CANADA","FR","58.29B","IC",19,"GCO2E_EUR",2022,5
"EEIO_CANADA","FR","58.29B","PRD",7,"GCO2E_EUR",2022,5
"EEIO_CANADA","FR","58.29C","FD",7,"GCO2E_EUR",2022,5
"EEIO_CANADA","FR","58.29C","GVA",4,"GCO2E_EUR",2022,5
"EEIO_CANADA","FR","58.29C","IC",19,"GCO2E_EUR",2022,5
"EEIO_CANADA","FR","58.29C","PRD",7,"GCO2E_EUR",2022,5
"EEIO_CANADA","FR","59.11A","FD",15,"GCO2E_EUR",2022,3
"EEIO_CANADA","FR","59.11A","GVA",9,"GCO2E_EUR",2022,3
"EEIO_CANADA","FR","59.11A","IC",19,"GCO2E_EUR",2022,3
"EEIO_CANADA","FR","59.11A","PRD",13,"GCO2E_EUR",2022,3
"EEIO_CANADA","FR","59.11B","FD",15,"GCO2E_EUR",2022,3
"EEIO_CANADA","FR","59.11B","GVA",9,"GCO2E_EUR",2022,3
"EEIO_CANADA","FR","59.11B","IC",19,"GCO2E_EUR",2022,3
"EEIO_CANADA","FR","59.11B","PRD",13,"GCO2E_EUR",2022,3
"EEIO_CANADA","FR","59.11C","FD",15,"GCO2E_EUR",2022,3
"EEIO_CANADA","FR","59.11C","GVA",9,"GCO2E_EUR",2022,3
"EEIO_CANADA","FR","59.11C","IC",19,"GCO2E_EUR",2022,3
"EEIO_CANADA","FR","59.11C","PRD",13,"GCO2E_EUR",2022,3
"EEIO_CANADA","FR","59.12Z","FD",15,"GCO2E_EUR",2022,3
"EEIO_CANADA","FR","59.12Z","GVA",9,"GCO2E_EUR",2022,3
"EEIO_CANADA","FR","59.12Z","IC",19,"GCO2E_EUR",2022,3
"EEIO_CANADA","FR","59.12Z","PRD",13,"GCO2E_EUR",2022,3
"EEIO_CANADA","FR","59.13A","FD",15,"GCO2E_EUR",2022,3
"EEIO_CANADA","FR","59.13A","GVA",9,"GCO2E_EUR",2022,3
"EEIO_CANADA","FR","59.13A","IC",19,"GCO2E_EUR",2022,3
"EEIO_CANADA","FR","59.13A","PRD",13,"GCO2E_EUR",2022,3
"EEIO_CANADA","FR","59.13B","FD",15,"GCO2E_EUR",2022,3
"EEIO_CANADA","FR","59.13B","GVA",9,"GCO2E_EUR",2022,3
"EEIO_CANADA","FR","59.13B","IC",19,"GCO2E_EUR",2022,3
"EEIO_CANADA","FR","59.13B","PRD",13,"GCO2E_EUR",2022,3
"EEIO_CANADA","FR","59.14Z","FD",15,"GCO2E_EUR",2022,3
"EEIO_CANADA","FR","59.14Z","GVA",9,"GCO2E_EUR",2022,3
"EEIO_CANADA","FR","59.14Z","IC",19,"GCO2E_EUR",2022,3
"EEIO_CANADA","FR","59.14Z","PRD",13,"GCO2E_EUR",2022,3
"EEIO_CANADA","FR","59.20Z","FD",15,"GCO2E_EUR",2022,3
"EEIO_CANADA","FR","59.20Z","GVA",9,"GCO2E_EUR",2022,3
"EEIO_CANADA","FR","59.20Z","IC",19,"GCO2E_EUR",2022,3
"EEIO_CANADA","FR","59.20Z","PRD",13,"GCO2E_EUR",2022,3
"EEIO_CANADA","FR","60.10Z","FD",0,"GCO2E_EUR",2022,3
"EEIO_CANADA","FR","60.10Z","GVA",NA,"GCO2E_EUR",2022,3
"EEIO_CANADA","FR","60.10Z","IC",NA,"GCO2E_EUR",2022,3
"EEIO_CANADA","FR","60.10Z","PRD",0,"GCO2E_EUR",2022,3
"EEIO_CANADA","FR","60.20A","FD",7,"GCO2E_EUR",2022,3
"EEIO_CANADA","FR","60.20A","GVA",4,"GCO2E_EUR",2022,3
"EEIO_CANADA","FR","60.20A","IC",19,"GCO2E_EUR",2022,3
"EEIO_CANADA","FR","60.20A","PRD",7,"GCO2E_EUR",2022,3
"EEIO_CANADA","FR","60.20B","FD",7,"GCO2E_EUR",2022,3
"EEIO_CANADA","FR","60.20B","GVA",4,"GCO2E_EUR",2022,3
"EEIO_CANADA","FR","60.20B","IC",19,"GCO2E_EUR",2022,3
"EEIO_CANADA","FR","60.20B","PRD",7,"GCO2E_EUR",2022,3
"EEIO_CANADA","FR","61.10Z","FD",7,"GCO2E_EUR",2022,5
"EEIO_CANADA","FR","61.10Z","GVA",4,"GCO2E_EUR",2022,5
"EEIO_CANADA","FR","61.10Z","IC",19,"GCO2E_EUR",2022,5
"EEIO_CANADA","FR","61.10Z","PRD",7,"GCO2E_EUR",2022,5
"EEIO_CANADA","FR","61.20Z","FD",7,"GCO2E_EUR",2022,5
"EEIO_CANADA","FR","61.20Z","GVA",4,"GCO2E_EUR",2022,5
"EEIO_CANADA","FR","61.20Z","IC",19,"GCO2E_EUR",2022,5
"EEIO_CANADA","FR","61.20Z","PRD",7,"GCO2E_EUR",2022,5
"EEIO_CANADA","FR","61.30Z","FD",7,"GCO2E_EUR",2022,5
"EEIO_CANADA","FR","61.30Z","GVA",4,"GCO2E_EUR",2022,5
"EEIO_CANADA","FR","61.30Z","IC",19,"GCO2E_EUR",2022,5
"EEIO_CANADA","FR","61.30Z","PRD",7,"GCO2E_EUR",2022,5
"EEIO_CANADA","FR","61.90Z","FD",7,"GCO2E_EUR",2022,5
"EEIO_CANADA","FR","61.90Z","GVA",4,"GCO2E_EUR",2022,5
"EEIO_CANADA","FR","61.90Z","IC",19,"GCO2E_EUR",2022,5
"EEIO_CANADA","FR","61.90Z","PRD",7,"GCO2E_EUR",2022,5
"EEIO_CANADA","FR","62.01Z","FD",9,"GCO2E_EUR",2022,2
"EEIO_CANADA","FR","62.01Z","GVA",6,"GCO2E_EUR",2022,2
"EEIO_CANADA","FR","62.01Z","IC",16,"GCO2E_EUR",2022,2
"EEIO_CANADA","FR","62.01Z","PRD",8,"GCO2E_EUR",2022,2
"EEIO_CANADA","FR","62.02A","FD",9,"GCO2E_EUR",2022,2
"EEIO_CANADA","FR","62.02A","GVA",6,"GCO2E_EUR",2022,2
"EEIO_CANADA","FR","62.02A","IC",16,"GCO2E_EUR",2022,2
"EEIO_CANADA","FR","62.02A","PRD",8,"GCO2E_EUR",2022,2
"EEIO_CANADA","FR","62.02B","FD",9,"GCO2E_EUR",2022,2
"EEIO_CANADA","FR","62.02B","GVA",6,"GCO2E_EUR",2022,2
"EEIO_CANADA","FR","62.02B","IC",16,"GCO2E_EUR",2022,2
"EEIO_CANADA","FR","62.02B","PRD",8,"GCO2E_EUR",2022,2
"EEIO_CANADA","FR","62.03Z","FD",9,"GCO2E_EUR",2022,2
"EEIO_CANADA","FR","62.03Z","GVA",6,"GCO2E_EUR",2022,2
"EEIO_CANADA","FR","62.03Z","IC",16,"GCO2E_EUR",2022,2
"EEIO_CANADA","FR","62.03Z","PRD",8,"GCO2E_EUR",2022,2
"EEIO_CANADA","FR","62.09Z","FD",9,"GCO2E_EUR",2022,2
"EEIO_CANADA","FR","62.09Z","GVA",6,"GCO2E_EUR",2022,2
"EEIO_CANADA","FR","62.09Z","IC",16,"GCO2E_EUR",2022,2
"EEIO_CANADA","FR","62.09Z","PRD",8,"GCO2E_EUR",2022,2
"EEIO_CANADA","FR","63.11Z","FD",7,"GCO2E_EUR",2022,5
"EEIO_CANADA","FR","63.11Z","GVA",4,"GCO2E_EUR",2022,5
"EEIO_CANADA","FR","63.11Z","IC",19,"GCO2E_EUR",2022,5
"EEIO_CANADA","FR","63.11Z","PRD",7,"GCO2E_EUR",2022,5
"EEIO_CANADA","FR","63.12Z","FD",7,"GCO2E_EUR",2022,5
"EEIO_CANADA","FR","63.12Z","GVA",4,"GCO2E_EUR",2022,5
"EEIO_CANADA","FR","63.12Z","IC",19,"GCO2E_EUR",2022,5
"EEIO_CANADA","FR","63.12Z","PRD",7,"GCO2E_EUR",2022,5
"EEIO_CANADA","FR","63.91Z","FD",7,"GCO2E_EUR",2022,5
"EEIO_CANADA","FR","63.91Z","GVA",4,"GCO2E_EUR",2022,5
"EEIO_CANADA","FR","63.91Z","IC",19,"GCO2E_EUR",2022,5
"EEIO_CANADA","FR","63.91Z","PRD",7,"GCO2E_EUR",2022,5
"EEIO_CANADA","FR","63.99Z","FD",7,"GCO2E_EUR",2022,5
"EEIO_CANADA","FR","63.99Z","GVA",4,"GCO2E_EUR",2022,5
"EEIO_CANADA","FR","63.99Z","IC",19,"GCO2E_EUR",2022,5
"EEIO_CANADA","FR","63.99Z","PRD",7,"GCO2E_EUR",2022,5
"EEIO_CANADA","FR","64.11Z","FD",6,"GCO2E_EUR",2022,3
"EEIO_CANADA","FR","64.11Z","GVA",3,"GCO2E_EUR",2022,3
"EEIO_CANADA","FR","64.11Z","IC",28,"GCO2E_EUR",2022,3
"EEIO_CANADA","FR","64.11Z","PRD",6,"GCO2E_EUR",2022,3
"EEIO_CANADA","FR","64.19Z","FD",6,"GCO2E_EUR",2022,3
"EEIO_CANADA","FR","64.19Z","GVA",3,"GCO2E_EUR",2022,3
"EEIO_CANADA","FR","64.19Z","IC",28,"GCO2E_EUR",2022,3
"EEIO_CANADA","FR","64.19Z","PRD",6,"GCO2E_EUR",2022,3
"EEIO_CANADA","FR","64.20Z","FD",22,"GCO2E_EUR",2022,3
"EEIO_CANADA","FR","64.20Z","GVA",22,"GCO2E_EUR",2022,3
"EEIO_CANADA","FR","64.20Z","IC",21,"GCO2E_EUR",2022,3
"EEIO_CANADA","FR","64.20Z","PRD",21,"GCO2E_EUR",2022,3
"EEIO_CANADA","FR","64.30Z","FD",6,"GCO2E_EUR",2022,3
"EEIO_CANADA","FR","64.30Z","GVA",3,"GCO2E_EUR",2022,3
"EEIO_CANADA","FR","64.30Z","IC",28,"GCO2E_EUR",2022,3
"EEIO_CANADA","FR","64.30Z","PRD",6,"GCO2E_EUR",2022,3
"EEIO_CANADA","FR","64.91Z","FD",6,"GCO2E_EUR",2022,3
"EEIO_CANADA","FR","64.91Z","GVA",3,"GCO2E_EUR",2022,3
"EEIO_CANADA","FR","64.91Z","IC",28,"GCO2E_EUR",2022,3
"EEIO_CANADA","FR","64.91Z","PRD",6,"GCO2E_EUR",2022,3
"EEIO_CANADA","FR","64.92Z","FD",6,"GCO2E_EUR",2022,3
"EEIO_CANADA","FR","64.92Z","GVA",3,"GCO2E_EUR",2022,3
"EEIO_CANADA","FR","64.92Z","IC",28,"GCO2E_EUR",2022,3
"EEIO_CANADA","FR","64.92Z","PRD",6,"GCO2E_EUR",2022,3
"EEIO_CANADA","FR","64.99Z","FD",6,"GCO2E_EUR",2022,3
"EEIO_CANADA","FR","64.99Z","GVA",3,"GCO2E_EUR",2022,3
"EEIO_CANADA","FR","64.99Z","IC",28,"GCO2E_EUR",2022,3
"EEIO_CANADA","FR","64.99Z","PRD",6,"GCO2E_EUR",2022,3
"EEIO_CANADA","FR","65.11Z","FD",1,"GCO2E_EUR",2022,4
"EEIO_CANADA","FR","65.11Z","GVA",1,"GCO2E_EUR",2022,4
"EEIO_CANADA","FR","65.11Z","IC",7,"GCO2E_EUR",2022,4
"EEIO_CANADA","FR","65.11Z","PRD",1,"GCO2E_EUR",2022,4
"EEIO_CANADA","FR","65.12Z","FD",1,"GCO2E_EUR",2022,4
"EEIO_CANADA","FR","65.12Z","GVA",1,"GCO2E_EUR",2022,4
"EEIO_CANADA","FR","65.12Z","IC",7,"GCO2E_EUR",2022,4
"EEIO_CANADA","FR","65.12Z","PRD",1,"GCO2E_EUR",2022,4
"EEIO_CANADA","FR","65.20Z","FD",1,"GCO2E_EUR",2022,4
"EEIO_CANADA","FR","65.20Z","GVA",1,"GCO2E_EUR",2022,4
"EEIO_CANADA","FR","65.20Z","IC",7,"GCO2E_EUR",2022,4
"EEIO_CANADA","FR","65.20Z","PRD",1,"GCO2E_EUR",2022,4
"EEIO_CANADA","FR","65.30Z","FD",6,"GCO2E_EUR",2022,4
"EEIO_CANADA","FR","65.30Z","GVA",3,"GCO2E_EUR",2022,4
"EEIO_CANADA","FR","65.30Z","IC",28,"GCO2E_EUR",2022,4
"EEIO_CANADA","FR","65.30Z","PRD",6,"GCO2E_EUR",2022,4
"EEIO_CANADA","FR","66.11Z","FD",6,"GCO2E_EUR",2022,4
"EEIO_CANADA","FR","66.11Z","GVA",3,"GCO2E_EUR",2022,4
"EEIO_CANADA","FR","66.11Z","IC",28,"GCO2E_EUR",2022,4
"EEIO_CANADA","FR","66.11Z","PRD",6,"GCO2E_EUR",2022,4
"EEIO_CANADA","FR","66.12Z","FD",6,"GCO2E_EUR",2022,4
"EEIO_CANADA","FR","66.12Z","GVA",3,"GCO2E_EUR",2022,4
"EEIO_CANADA","FR","66.12Z","IC",28,"GCO2E_EUR",2022,4
"EEIO_CANADA","FR","66.12Z","PRD",6,"GCO2E_EUR",2022,4
"EEIO_CANADA","FR","66.19A","FD",6,"GCO2E_EUR",2022,4
"EEIO_CANADA","FR","66.19A","GVA",3,"GCO2E_EUR",2022,4
"EEIO_CANADA","FR","66.19A","IC",28,"GCO2E_EUR",2022,4
"EEIO_CANADA","FR","66.19A","PRD",6,"GCO2E_EUR",2022,4
"EEIO_CANADA","FR","66.19B","FD",6,"GCO2E_EUR",2022,4
"EEIO_CANADA","FR","66.19B","GVA",3,"GCO2E_EUR",2022,4
"EEIO_CANADA","FR","66.19B","IC",28,"GCO2E_EUR",2022,4
"EEIO_CANADA","FR","66.19B","PRD",6,"GCO2E_EUR",2022,4
"EEIO_CANADA","FR","66.21Z","FD",6,"GCO2E_EUR",2022,4
"EEIO_CANADA","FR","66.21Z","GVA",3,"GCO2E_EUR",2022,4
"EEIO_CANADA","FR","66.21Z","IC",28,"GCO2E_EUR",2022,4
"EEIO_CANADA","FR","66.21Z","PRD",6,"GCO2E_EUR",2022,4
"EEIO_CANADA","FR","66.22Z","FD",6,"GCO2E_EUR",2022,4
"EEIO_CANADA","FR","66.22Z","GVA",3,"GCO2E_EUR",2022,4
"EEIO_CANADA","FR","66.22Z","IC",28,"GCO2E_EUR",2022,4
"EEIO_CANADA","FR","66.22Z","PRD",6,"GCO2E_EUR",2022,4
"EEIO_CANADA","FR","66.29Z","FD",6,"GCO2E_EUR",2022,4
"EEIO_CANADA","FR","66.29Z","GVA",3,"GCO2E_EUR",2022,4
"EEIO_CANADA","FR","66.29Z","IC",28,"GCO2E_EUR",2022,4
"EEIO_CANADA","FR","66.29Z","PRD",6,"GCO2E_EUR",2022,4
"EEIO_CANADA","FR","66.30Z","FD",6,"GCO2E_EUR",2022,4
"EEIO_CANADA","FR","66.30Z","GVA",3,"GCO2E_EUR",2022,4
"EEIO_CANADA","FR","66.30Z","IC",28,"GCO2E_EUR",2022,4
"EEIO_CANADA","FR","66.30Z","PRD",6,"GCO2E_EUR",2022,4
"EEIO_CANADA","FR","68.10Z","FD",22,"GCO2E_EUR",2022,5
"EEIO_CANADA","FR","68.10Z","GVA",22,"GCO2E_EUR",2022,5
"EEIO_CANADA","FR","68.10Z","IC",21,"GCO2E_EUR",2022,5
"EEIO_CANADA","FR","68.10Z","PRD",21,"GCO2E_EUR",2022,5
"EEIO_CANADA","FR","68.20A","FD",9,"GCO2E_EUR",2022,2
"EEIO_CANADA","FR","68.20A","GVA",1,"GCO2E_EUR",2022,2
"EEIO_CANADA","FR","68.20A","IC",43,"GCO2E_EUR",2022,2
"EEIO_CANADA","FR","68.20A","PRD",9,"GCO2E_EUR",2022,2
"EEIO_CANADA","FR","68.20B","FD",9,"GCO2E_EUR",2022,2
"EEIO_CANADA","FR","68.20B","GVA",1,"GCO2E_EUR",2022,2
"EEIO_CANADA","FR","68.20B","IC",43,"GCO2E_EUR",2022,2
"EEIO_CANADA","FR","68.20B","PRD",9,"GCO2E_EUR",2022,2
"EEIO_CANADA","FR","68.31Z","FD",22,"GCO2E_EUR",2022,4
"EEIO_CANADA","FR","68.31Z","GVA",22,"GCO2E_EUR",2022,4
"EEIO_CANADA","FR","68.31Z","IC",21,"GCO2E_EUR",2022,4
"EEIO_CANADA","FR","68.31Z","PRD",21,"GCO2E_EUR",2022,4
"EEIO_CANADA","FR","68.32A","FD",22,"GCO2E_EUR",2022,4
"EEIO_CANADA","FR","68.32A","GVA",22,"GCO2E_EUR",2022,4
"EEIO_CANADA","FR","68.32A","IC",21,"GCO2E_EUR",2022,4
"EEIO_CANADA","FR","68.32A","PRD",21,"GCO2E_EUR",2022,4
"EEIO_CANADA","FR","68.32B","FD",22,"GCO2E_EUR",2022,4
"EEIO_CANADA","FR","68.32B","GVA",22,"GCO2E_EUR",2022,4
"EEIO_CANADA","FR","68.32B","IC",21,"GCO2E_EUR",2022,4
"EEIO_CANADA","FR","68.32B","PRD",21,"GCO2E_EUR",2022,4
"EEIO_CANADA","FR","69.10Z","FD",9,"GCO2E_EUR",2022,5
"EEIO_CANADA","FR","69.10Z","GVA",7,"GCO2E_EUR",2022,5
"EEIO_CANADA","FR","69.10Z","IC",21,"GCO2E_EUR",2022,5
"EEIO_CANADA","FR","69.10Z","PRD",9,"GCO2E_EUR",2022,5
"EEIO_CANADA","FR","69.20Z","FD",9,"GCO2E_EUR",2022,5
"EEIO_CANADA","FR","69.20Z","GVA",7,"GCO2E_EUR",2022,5
"EEIO_CANADA","FR","69.20Z","IC",21,"GCO2E_EUR",2022,5
"EEIO_CANADA","FR","69.20Z","PRD",9,"GCO2E_EUR",2022,5
"EEIO_CANADA","FR","70.10Z","FD",22,"GCO2E_EUR",2022,3
"EEIO_CANADA","FR","70.10Z","GVA",22,"GCO2E_EUR",2022,3
"EEIO_CANADA","FR","70.10Z","IC",21,"GCO2E_EUR",2022,3
"EEIO_CANADA","FR","70.10Z","PRD",21,"GCO2E_EUR",2022,3
"EEIO_CANADA","FR","70.21Z","FD",6,"GCO2E_EUR",2022,3
"EEIO_CANADA","FR","70.21Z","GVA",6,"GCO2E_EUR",2022,3
"EEIO_CANADA","FR","70.21Z","IC",5,"GCO2E_EUR",2022,3
"EEIO_CANADA","FR","70.21Z","PRD",6,"GCO2E_EUR",2022,3
"EEIO_CANADA","FR","70.22Z","FD",22,"GCO2E_EUR",2022,3
"EEIO_CANADA","FR","70.22Z","GVA",22,"GCO2E_EUR",2022,3
"EEIO_CANADA","FR","70.22Z","IC",21,"GCO2E_EUR",2022,3
"EEIO_CANADA","FR","70.22Z","PRD",21,"GCO2E_EUR",2022,3
"EEIO_CANADA","FR","71.11Z","FD",9,"GCO2E_EUR",2022,5
"EEIO_CANADA","FR","71.11Z","GVA",7,"GCO2E_EUR",2022,5
"EEIO_CANADA","FR","71.11Z","IC",21,"GCO2E_EUR",2022,5
"EEIO_CANADA","FR","71.11Z","PRD",9,"GCO2E_EUR",2022,5
"EEIO_CANADA","FR","71.12A","FD",9,"GCO2E_EUR",2022,5
"EEIO_CANADA","FR","71.12A","GVA",7,"GCO2E_EUR",2022,5
"EEIO_CANADA","FR","71.12A","IC",21,"GCO2E_EUR",2022,5
"EEIO_CANADA","FR","71.12A","PRD",9,"GCO2E_EUR",2022,5
"EEIO_CANADA","FR","71.12B","FD",9,"GCO2E_EUR",2022,5
"EEIO_CANADA","FR","71.12B","GVA",7,"GCO2E_EUR",2022,5
"EEIO_CANADA","FR","71.12B","IC",21,"GCO2E_EUR",2022,5
"EEIO_CANADA","FR","71.12B","PRD",9,"GCO2E_EUR",2022,5
"EEIO_CANADA","FR","71.20A","FD",47,"GCO2E_EUR",2022,3
"EEIO_CANADA","FR","71.20A","GVA",42,"GCO2E_EUR",2022,3
"EEIO_CANADA","FR","71.20A","IC",69,"GCO2E_EUR",2022,3
"EEIO_CANADA","FR","71.20A","PRD",47,"GCO2E_EUR",2022,3
"EEIO_CANADA","FR","71.20B","FD",9,"GCO2E_EUR",2022,5
"EEIO_CANADA","FR","71.20B","GVA",7,"GCO2E_EUR",2022,5
"EEIO_CANADA","FR","71.20B","IC",21,"GCO2E_EUR",2022,5
"EEIO_CANADA","FR","71.20B","PRD",9,"GCO2E_EUR",2022,5
"EEIO_CANADA","FR","72.11Z","FD",9,"GCO2E_EUR",2022,5
"EEIO_CANADA","FR","72.11Z","GVA",7,"GCO2E_EUR",2022,5
"EEIO_CANADA","FR","72.11Z","IC",21,"GCO2E_EUR",2022,5
"EEIO_CANADA","FR","72.11Z","PRD",9,"GCO2E_EUR",2022,5
"EEIO_CANADA","FR","72.19Z","FD",9,"GCO2E_EUR",2022,5
"EEIO_CANADA","FR","72.19Z","GVA",7,"GCO2E_EUR",2022,5
"EEIO_CANADA","FR","72.19Z","IC",21,"GCO2E_EUR",2022,5
"EEIO_CANADA","FR","72.19Z","PRD",9,"GCO2E_EUR",2022,5
"EEIO_CANADA","FR","72.20Z","FD",9,"GCO2E_EUR",2022,5
"EEIO_CANADA","FR","72.20Z","GVA",7,"GCO2E_EUR",2022,5
"EEIO_CANADA","FR","72.20Z","IC",21,"GCO2E_EUR",2022,5
"EEIO_CANADA","FR","72.20Z","PRD",9,"GCO2E_EUR",2022,5
"EEIO_CANADA","FR","73.11Z","FD",6,"GCO2E_EUR",2022,4
"EEIO_CANADA","FR","73.11Z","GVA",6,"GCO2E_EUR",2022,4
"EEIO_CANADA","FR","73.11Z","IC",5,"GCO2E_EUR",2022,4
"EEIO_CANADA","FR","73.11Z","PRD",6,"GCO2E_EUR",2022,4
"EEIO_CANADA","FR","73.12Z","FD",6,"GCO2E_EUR",2022,4
"EEIO_CANADA","FR","73.12Z","GVA",6,"GCO2E_EUR",2022,4
"EEIO_CANADA","FR","73.12Z","IC",5,"GCO2E_EUR",2022,4
"EEIO_CANADA","FR","73.12Z","PRD",6,"GCO2E_EUR",2022,4
"EEIO_CANADA","FR","73.20Z","FD",6,"GCO2E_EUR",2022,4
"EEIO_CANADA","FR","73.20Z","GVA",6,"GCO2E_EUR",2022,4
"EEIO_CANADA","FR","73.20Z","IC",5,"GCO2E_EUR",2022,4
"EEIO_CANADA","FR","73.20Z","PRD",6,"GCO2E_EUR",2022,4
"EEIO_CANADA","FR","74.10Z","FD",9,"GCO2E_EUR",2022,3
"EEIO_CANADA","FR","74.10Z","GVA",6,"GCO2E_EUR",2022,3
"EEIO_CANADA","FR","74.10Z","IC",16,"GCO2E_EUR",2022,3
"EEIO_CANADA","FR","74.10Z","PRD",8,"GCO2E_EUR",2022,3
"EEIO_CANADA","FR","74.20Z","FD",9,"GCO2E_EUR",2022,3
"EEIO_CANADA","FR","74.20Z","GVA",6,"GCO2E_EUR",2022,3
"EEIO_CANADA","FR","74.20Z","IC",16,"GCO2E_EUR",2022,3
"EEIO_CANADA","FR","74.20Z","PRD",8,"GCO2E_EUR",2022,3
"EEIO_CANADA","FR","74.30Z","FD",9,"GCO2E_EUR",2022,3
"EEIO_CANADA","FR","74.30Z","GVA",6,"GCO2E_EUR",2022,3
"EEIO_CANADA","FR","74.30Z","IC",16,"GCO2E_EUR",2022,3
"EEIO_CANADA","FR","74.30Z","PRD",8,"GCO2E_EUR",2022,3
"EEIO_CANADA","FR","74.90A","FD",9,"GCO2E_EUR",2022,3
"EEIO_CANADA","FR","74.90A","GVA",6,"GCO2E_EUR",2022,3
"EEIO_CANADA","FR","74.90A","IC",16,"GCO2E_EUR",2022,3
"EEIO_CANADA","FR","74.90A","PRD",8,"GCO2E_EUR",2022,3
"EEIO_CANADA","FR","74.90B","FD",9,"GCO2E_EUR",2022,3
"EEIO_CANADA","FR","74.90B","GVA",6,"GCO2E_EUR",2022,3
"EEIO_CANADA","FR","74.90B","IC",16,"GCO2E_EUR",2022,3
"EEIO_CANADA","FR","74.90B","PRD",8,"GCO2E_EUR",2022,3
"EEIO_CANADA","FR","75.00Z","FD",9,"GCO2E_EUR",2022,3
"EEIO_CANADA","FR","75.00Z","GVA",6,"GCO2E_EUR",2022,3
"EEIO_CANADA","FR","75.00Z","IC",16,"GCO2E_EUR",2022,3
"EEIO_CANADA","FR","75.00Z","PRD",8,"GCO2E_EUR",2022,3
"EEIO_CANADA","FR","77.11A","FD",90,"GCO2E_EUR",2022,4
"EEIO_CANADA","FR","77.11A","GVA",100,"GCO2E_EUR",2022,4
"EEIO_CANADA","FR","77.11A","IC",48,"GCO2E_EUR",2022,4
"EEIO_CANADA","FR","77.11A","PRD",89,"GCO2E_EUR",2022,4
"EEIO_CANADA","FR","77.11B","FD",90,"GCO2E_EUR",2022,4
"EEIO_CANADA","FR","77.11B","GVA",100,"GCO2E_EUR",2022,4
"EEIO_CANADA","FR","77.11B","IC",48,"GCO2E_EUR",2022,4
"EEIO_CANADA","FR","77.11B","PRD",89,"GCO2E_EUR",2022,4
"EEIO_CANADA","FR","77.12Z","FD",90,"GCO2E_EUR",2022,4
"EEIO_CANADA","FR","77.12Z","GVA",100,"GCO2E_EUR",2022,4
"EEIO_CANADA","FR","77.12Z","IC",48,"GCO2E_EUR",2022,4
"EEIO_CANADA","FR","77.12Z","PRD",89,"GCO2E_EUR",2022,4
"EEIO_CANADA","FR","77.21Z","FD",90,"GCO2E_EUR",2022,4
"EEIO_CANADA","FR","77.21Z","GVA",100,"GCO2E_EUR",2022,4
"EEIO_CANADA","FR","77.21Z","IC",48,"GCO2E_EUR",2022,4
"EEIO_CANADA","FR","77.21Z","PRD",89,"GCO2E_EUR",2022,4
"EEIO_CANADA","FR","77.22Z","FD",90,"GCO2E_EUR",2022,4
"EEIO_CANADA","FR","77.22Z","GVA",100,"GCO2E_EUR",2022,4
"EEIO_CANADA","FR","77.22Z","IC",48,"GCO2E_EUR",2022,4
"EEIO_CANADA","FR","77.22Z","PRD",89,"GCO2E_EUR",2022,4
"EEIO_CANADA","FR","77.29Z","FD",90,"GCO2E_EUR",2022,4
"EEIO_CANADA","FR","77.29Z","GVA",100,"GCO2E_EUR",2022,4
"EEIO_CANADA","FR","77.29Z","IC",48,"GCO2E_EUR",2022,4
"EEIO_CANADA","FR","77.29Z","PRD",89,"GCO2E_EUR",2022,4
"EEIO_CANADA","FR","77.31Z","FD",90,"GCO2E_EUR",2022,4
"EEIO_CANADA","FR","77.31Z","GVA",100,"GCO2E_EUR",2022,4
"EEIO_CANADA","FR","77.31Z","IC",48,"GCO2E_EUR",2022,4
"EEIO_CANADA","FR","77.31Z","PRD",89,"GCO2E_EUR",2022,4
"EEIO_CANADA","FR","77.32Z","FD",90,"GCO2E_EUR",2022,4
"EEIO_CANADA","FR","77.32Z","GVA",100,"GCO2E_EUR",2022,4
"EEIO_CANADA","FR","77.32Z","IC",48,"GCO2E_EUR",2022,4
"EEIO_CANADA","FR","77.32Z","PRD",89,"GCO2E_EUR",2022,4
"EEIO_CANADA","FR","77.33Z","FD",90,"GCO2E_EUR",2022,4
"EEIO_CANADA","FR","77.33Z","GVA",100,"GCO2E_EUR",2022,4
"EEIO_CANADA","FR","77.33Z","IC",48,"GCO2E_EUR",2022,4
"EEIO_CANADA","FR","77.33Z","PRD",89,"GCO2E_EUR",2022,4
"EEIO_CANADA","FR","77.34Z","FD",90,"GCO2E_EUR",2022,4
"EEIO_CANADA","FR","77.34Z","GVA",100,"GCO2E_EUR",2022,4
"EEIO_CANADA","FR","77.34Z","IC",48,"GCO2E_EUR",2022,4
"EEIO_CANADA","FR","77.34Z","PRD",89,"GCO2E_EUR",2022,4
"EEIO_CANADA","FR","77.35Z","FD",90,"GCO2E_EUR",2022,4
"EEIO_CANADA","FR","77.35Z","GVA",100,"GCO2E_EUR",2022,4
"EEIO_CANADA","FR","77.35Z","IC",48,"GCO2E_EUR",2022,4
"EEIO_CANADA","FR","77.35Z","PRD",89,"GCO2E_EUR",2022,4
"EEIO_CANADA","FR","77.39Z","FD",90,"GCO2E_EUR",2022,4
"EEIO_CANADA","FR","77.39Z","GVA",100,"GCO2E_EUR",2022,4
"EEIO_CANADA","FR","77.39Z","IC",48,"GCO2E_EUR",2022,4
"EEIO_CANADA","FR","77.39Z","PRD",89,"GCO2E_EUR",2022,4
"EEIO_CANADA","FR","77.40Z","FD",22,"GCO2E_EUR",2022,3
"EEIO_CANADA","FR","77.40Z","GVA",22,"GCO2E_EUR",2022,3
"EEIO_CANADA","FR","77.40Z","IC",21,"GCO2E_EUR",2022,3
"EEIO_CANADA","FR","77.40Z","PRD",21,"GCO2E_EUR",2022,3
"EEIO_CANADA","FR","78.10Z","FD",21,"GCO2E_EUR",2022,5
"EEIO_CANADA","FR","78.10Z","GVA",19,"GCO2E_EUR",2022,5
"EEIO_CANADA","FR","78.10Z","IC",29,"GCO2E_EUR",2022,5
"EEIO_CANADA","FR","78.10Z","PRD",21,"GCO2E_EUR",2022,5
"EEIO_CANADA","FR","78.20Z","FD",21,"GCO2E_EUR",2022,5
"EEIO_CANADA","FR","78.20Z","GVA",19,"GCO2E_EUR",2022,5
"EEIO_CANADA","FR","78.20Z","IC",29,"GCO2E_EUR",2022,5
"EEIO_CANADA","FR","78.20Z","PRD",21,"GCO2E_EUR",2022,5
"EEIO_CANADA","FR","78.30Z","FD",21,"GCO2E_EUR",2022,5
"EEIO_CANADA","FR","78.30Z","GVA",19,"GCO2E_EUR",2022,5
"EEIO_CANADA","FR","78.30Z","IC",29,"GCO2E_EUR",2022,5
"EEIO_CANADA","FR","78.30Z","PRD",21,"GCO2E_EUR",2022,5
"EEIO_CANADA","FR","79.11Z","FD",21,"GCO2E_EUR",2022,5
"EEIO_CANADA","FR","79.11Z","GVA",19,"GCO2E_EUR",2022,5
"EEIO_CANADA","FR","79.11Z","IC",29,"GCO2E_EUR",2022,5
"EEIO_CANADA","FR","79.11Z","PRD",21,"GCO2E_EUR",2022,5
"EEIO_CANADA","FR","79.12Z","FD",21,"GCO2E_EUR",2022,5
"EEIO_CANADA","FR","79.12Z","GVA",19,"GCO2E_EUR",2022,5
"EEIO_CANADA","FR","79.12Z","IC",29,"GCO2E_EUR",2022,5
"EEIO_CANADA","FR","79.12Z","PRD",21,"GCO2E_EUR",2022,5
"EEIO_CANADA","FR","79.90Z","FD",21,"GCO2E_EUR",2022,5
"EEIO_CANADA","FR","79.90Z","GVA",19,"GCO2E_EUR",2022,5
"EEIO_CANADA","FR","79.90Z","IC",29,"GCO2E_EUR",2022,5
"EEIO_CANADA","FR","79.90Z","PRD",21,"GCO2E_EUR",2022,5
"EEIO_CANADA","FR","80.10Z","FD",21,"GCO2E_EUR",2022,5
"EEIO_CANADA","FR","80.10Z","GVA",19,"GCO2E_EUR",2022,5
"EEIO_CANADA","FR","80.10Z","IC",29,"GCO2E_EUR",2022,5
"EEIO_CANADA","FR","80.10Z","PRD",21,"GCO2E_EUR",2022,5
"EEIO_CANADA","FR","80.20Z","FD",21,"GCO2E_EUR",2022,5
"EEIO_CANADA","FR","80.20Z","GVA",19,"GCO2E_EUR",2022,5
"EEIO_CANADA","FR","80.20Z","IC",29,"GCO2E_EUR",2022,5
"EEIO_CANADA","FR","80.20Z","PRD",21,"GCO2E_EUR",2022,5
"EEIO_CANADA","FR","80.30Z","FD",21,"GCO2E_EUR",2022,5
"EEIO_CANADA","FR","80.30Z","GVA",19,"GCO2E_EUR",2022,5
"EEIO_CANADA","FR","80.30Z","IC",29,"GCO2E_EUR",2022,5
"EEIO_CANADA","FR","80.30Z","PRD",21,"GCO2E_EUR",2022,5
"EEIO_CANADA","FR","81.10Z","FD",21,"GCO2E_EUR",2022,5
"EEIO_CANADA","FR","81.10Z","GVA",19,"GCO2E_EUR",2022,5
"EEIO_CANADA","FR","81.10Z","IC",29,"GCO2E_EUR",2022,5
"EEIO_CANADA","FR","81.10Z","PRD",21,"GCO2E_EUR",2022,5
"EEIO_CANADA","FR","81.21Z","FD",21,"GCO2E_EUR",2022,5
"EEIO_CANADA","FR","81.21Z","GVA",19,"GCO2E_EUR",2022,5
"EEIO_CANADA","FR","81.21Z","IC",29,"GCO2E_EUR",2022,5
"EEIO_CANADA","FR","81.21Z","PRD",21,"GCO2E_EUR",2022,5
"EEIO_CANADA","FR","81.22Z","FD",21,"GCO2E_EUR",2022,5
"EEIO_CANADA","FR","81.22Z","GVA",19,"GCO2E_EUR",2022,5
"EEIO_CANADA","FR","81.22Z","IC",29,"GCO2E_EUR",2022,5
"EEIO_CANADA","FR","81.22Z","PRD",21,"GCO2E_EUR",2022,5
"EEIO_CANADA","FR","81.29A","FD",21,"GCO2E_EUR",2022,5
"EEIO_CANADA","FR","81.29A","GVA",19,"GCO2E_EUR",2022,5
"EEIO_CANADA","FR","81.29A","IC",29,"GCO2E_EUR",2022,5
"EEIO_CANADA","FR","81.29A","PRD",21,"GCO2E_EUR",2022,5
"EEIO_CANADA","FR","81.29B","FD",21,"GCO2E_EUR",2022,5
"EEIO_CANADA","FR","81.29B","GVA",19,"GCO2E_EUR",2022,5
"EEIO_CANADA","FR","81.29B","IC",29,"GCO2E_EUR",2022,5
"EEIO_CANADA","FR","81.29B","PRD",21,"GCO2E_EUR",2022,5
"EEIO_CANADA","FR","81.30Z","FD",21,"GCO2E_EUR",2022,5
"EEIO_CANADA","FR","81.30Z","GVA",19,"GCO2E_EUR",2022,5
"EEIO_CANADA","FR","81.30Z","IC",29,"GCO2E_EUR",2022,5
"EEIO_CANADA","FR","81.30Z","PRD",21,"GCO2E_EUR",2022,5
"EEIO_CANADA","FR","82.11Z","FD",21,"GCO2E_EUR",2022,5
"EEIO_CANADA","FR","82.11Z","GVA",19,"GCO2E_EUR",2022,5
"EEIO_CANADA","FR","82.11Z","IC",29,"GCO2E_EUR",2022,5
"EEIO_CANADA","FR","82.11Z","PRD",21,"GCO2E_EUR",2022,5
"EEIO_CANADA","FR","82.19Z","FD",21,"GCO2E_EUR",2022,5
"EEIO_CANADA","FR","82.19Z","GVA",19,"GCO2E_EUR",2022,5
"EEIO_CANADA","FR","82.19Z","IC",29,"GCO2E_EUR",2022,5
"EEIO_CANADA","FR","82.19Z","PRD",21,"GCO2E_EUR",2022,5
"EEIO_CANADA","FR","82.20Z","FD",21,"GCO2E_EUR",2022,5
"EEIO_CANADA","FR","82.20Z","GVA",19,"GCO2E_EUR",2022,5
"EEIO_CANADA","FR","82.20Z","IC",29,"GCO2E_EUR",2022,5
"EEIO_CANADA","FR","82.20Z","PRD",21,"GCO2E_EUR",2022,5
"EEIO_CANADA","FR","82.30Z","FD",21,"GCO2E_EUR",2022,5
"EEIO_CANADA","FR","82.30Z","GVA",19,"GCO2E_EUR",2022,5
"EEIO_CANADA","FR","82.30Z","IC",29,"GCO2E_EUR",2022,5
"EEIO_CANADA","FR","82.30Z","PRD",21,"GCO2E_EUR",2022,5
"EEIO_CANADA","FR","82.91Z","FD",21,"GCO2E_EUR",2022,5
"EEIO_CANADA","FR","82.91Z","GVA",19,"GCO2E_EUR",2022,5
"EEIO_CANADA","FR","82.91Z","IC",29,"GCO2E_EUR",2022,5
"EEIO_CANADA","FR","82.91Z","PRD",21,"GCO2E_EUR",2022,5
"EEIO_CANADA","FR","82.92Z","FD",21,"GCO2E_EUR",2022,5
"EEIO_CANADA","FR","82.92Z","GVA",19,"GCO2E_EUR",2022,5
"EEIO_CANADA","FR","82.92Z","IC",29,"GCO2E_EUR",2022,5
"EEIO_CANADA","FR","82.92Z","PRD",21,"GCO2E_EUR",2022,5
"EEIO_CANADA","FR","82.99Z","FD",21,"GCO2E_EUR",2022,5
"EEIO_CANADA","FR","82.99Z","GVA",19,"GCO2E_EUR",2022,5
"EEIO_CANADA","FR","82.99Z","IC",29,"GCO2E_EUR",2022,5
"EEIO_CANADA","FR","82.99Z","PRD",21,"GCO2E_EUR",2022,5
"EEIO_CANADA","FR","84.11Z","FD",25,"GCO2E_EUR",2022,4
"EEIO_CANADA","FR","84.11Z","GVA",24,"GCO2E_EUR",2022,4
"EEIO_CANADA","FR","84.11Z","IC",30,"GCO2E_EUR",2022,4
"EEIO_CANADA","FR","84.11Z","PRD",25,"GCO2E_EUR",2022,4
"EEIO_CANADA","FR","84.12Z","FD",25,"GCO2E_EUR",2022,4
"EEIO_CANADA","FR","84.12Z","GVA",24,"GCO2E_EUR",2022,4
"EEIO_CANADA","FR","84.12Z","IC",30,"GCO2E_EUR",2022,4
"EEIO_CANADA","FR","84.12Z","PRD",25,"GCO2E_EUR",2022,4
"EEIO_CANADA","FR","84.13Z","FD",25,"GCO2E_EUR",2022,4
"EEIO_CANADA","FR","84.13Z","GVA",24,"GCO2E_EUR",2022,4
"EEIO_CANADA","FR","84.13Z","IC",30,"GCO2E_EUR",2022,4
"EEIO_CANADA","FR","84.13Z","PRD",25,"GCO2E_EUR",2022,4
"EEIO_CANADA","FR","84.21Z","FD",25,"GCO2E_EUR",2022,4
"EEIO_CANADA","FR","84.21Z","GVA",24,"GCO2E_EUR",2022,4
"EEIO_CANADA","FR","84.21Z","IC",30,"GCO2E_EUR",2022,4
"EEIO_CANADA","FR","84.21Z","PRD",25,"GCO2E_EUR",2022,4
"EEIO_CANADA","FR","84.22Z","FD",25,"GCO2E_EUR",2022,4
"EEIO_CANADA","FR","84.22Z","GVA",24,"GCO2E_EUR",2022,4
"EEIO_CANADA","FR","84.22Z","IC",30,"GCO2E_EUR",2022,4
"EEIO_CANADA","FR","84.22Z","PRD",25,"GCO2E_EUR",2022,4
"EEIO_CANADA","FR","84.23Z","FD",25,"GCO2E_EUR",2022,4
"EEIO_CANADA","FR","84.23Z","GVA",24,"GCO2E_EUR",2022,4
"EEIO_CANADA","FR","84.23Z","IC",30,"GCO2E_EUR",2022,4
"EEIO_CANADA","FR","84.23Z","PRD",25,"GCO2E_EUR",2022,4
"EEIO_CANADA","FR","84.24Z","FD",25,"GCO2E_EUR",2022,4
"EEIO_CANADA","FR","84.24Z","GVA",24,"GCO2E_EUR",2022,4
"EEIO_CANADA","FR","84.24Z","IC",30,"GCO2E_EUR",2022,4
"EEIO_CANADA","FR","84.24Z","PRD",25,"GCO2E_EUR",2022,4
"EEIO_CANADA","FR","84.25Z","FD",25,"GCO2E_EUR",2022,4
"EEIO_CANADA","FR","84.25Z","GVA",24,"GCO2E_EUR",2022,4
"EEIO_CANADA","FR","84.25Z","IC",30,"GCO2E_EUR",2022,4
"EEIO_CANADA","FR","84.25Z","PRD",25,"GCO2E_EUR",2022,4
"EEIO_CANADA","FR","84.30A","FD",25,"GCO2E_EUR",2022,4
"EEIO_CANADA","FR","84.30A","GVA",24,"GCO2E_EUR",2022,4
"EEIO_CANADA","FR","84.30A","IC",30,"GCO2E_EUR",2022,4
"EEIO_CANADA","FR","84.30A","PRD",25,"GCO2E_EUR",2022,4
"EEIO_CANADA","FR","84.30B","FD",25,"GCO2E_EUR",2022,4
"EEIO_CANADA","FR","84.30B","GVA",24,"GCO2E_EUR",2022,4
"EEIO_CANADA","FR","84.30B","IC",30,"GCO2E_EUR",2022,4
"EEIO_CANADA","FR","84.30B","PRD",25,"GCO2E_EUR",2022,4
"EEIO_CANADA","FR","84.30C","FD",25,"GCO2E_EUR",2022,4
"EEIO_CANADA","FR","84.30C","GVA",24,"GCO2E_EUR",2022,4
"EEIO_CANADA","FR","84.30C","IC",30,"GCO2E_EUR",2022,4
"EEIO_CANADA","FR","84.30C","PRD",25,"GCO2E_EUR",2022,4
"EEIO_CANADA","FR","85.10Z","FD",31,"GCO2E_EUR",2022,4
"EEIO_CANADA","FR","85.10Z","GVA",26,"GCO2E_EUR",2022,4
"EEIO_CANADA","FR","85.10Z","IC",63,"GCO2E_EUR",2022,4
"EEIO_CANADA","FR","85.10Z","PRD",30,"GCO2E_EUR",2022,4
"EEIO_CANADA","FR","85.20Z","FD",31,"GCO2E_EUR",2022,4
"EEIO_CANADA","FR","85.20Z","GVA",26,"GCO2E_EUR",2022,4
"EEIO_CANADA","FR","85.20Z","IC",63,"GCO2E_EUR",2022,4
"EEIO_CANADA","FR","85.20Z","PRD",30,"GCO2E_EUR",2022,4
"EEIO_CANADA","FR","85.31Z","FD",31,"GCO2E_EUR",2022,4
"EEIO_CANADA","FR","85.31Z","GVA",26,"GCO2E_EUR",2022,4
"EEIO_CANADA","FR","85.31Z","IC",63,"GCO2E_EUR",2022,4
"EEIO_CANADA","FR","85.31Z","PRD",30,"GCO2E_EUR",2022,4
"EEIO_CANADA","FR","85.32Z","FD",31,"GCO2E_EUR",2022,4
"EEIO_CANADA","FR","85.32Z","GVA",26,"GCO2E_EUR",2022,4
"EEIO_CANADA","FR","85.32Z","IC",63,"GCO2E_EUR",2022,4
"EEIO_CANADA","FR","85.32Z","PRD",30,"GCO2E_EUR",2022,4
"EEIO_CANADA","FR","85.41Z","FD",31,"GCO2E_EUR",2022,4
"EEIO_CANADA","FR","85.41Z","GVA",26,"GCO2E_EUR",2022,4
"EEIO_CANADA","FR","85.41Z","IC",63,"GCO2E_EUR",2022,4
"EEIO_CANADA","FR","85.41Z","PRD",30,"GCO2E_EUR",2022,4
"EEIO_CANADA","FR","85.42Z","FD",40,"GCO2E_EUR",2022,3
"EEIO_CANADA","FR","85.42Z","GVA",36,"GCO2E_EUR",2022,3
"EEIO_CANADA","FR","85.42Z","IC",62,"GCO2E_EUR",2022,3
"EEIO_CANADA","FR","85.42Z","PRD",40,"GCO2E_EUR",2022,3
"EEIO_CANADA","FR","85.51Z","FD",31,"GCO2E_EUR",2022,4
"EEIO_CANADA","FR","85.51Z","GVA",26,"GCO2E_EUR",2022,4
"EEIO_CANADA","FR","85.51Z","IC",63,"GCO2E_EUR",2022,4
"EEIO_CANADA","FR","85.51Z","PRD",30,"GCO2E_EUR",2022,4
"EEIO_CANADA","FR","85.52Z","FD",31,"GCO2E_EUR",2022,4
"EEIO_CANADA","FR","85.52Z","GVA",26,"GCO2E_EUR",2022,4
"EEIO_CANADA","FR","85.52Z","IC",63,"GCO2E_EUR",2022,4
"EEIO_CANADA","FR","85.52Z","PRD",30,"GCO2E_EUR",2022,4
"EEIO_CANADA","FR","85.53Z","FD",31,"GCO2E_EUR",2022,4
"EEIO_CANADA","FR","85.53Z","GVA",26,"GCO2E_EUR",2022,4
"EEIO_CANADA","FR","85.53Z","IC",63,"GCO2E_EUR",2022,4
"EEIO_CANADA","FR","85.53Z","PRD",30,"GCO2E_EUR",2022,4
"EEIO_CANADA","FR","85.59A","FD",31,"GCO2E_EUR",2022,4
"EEIO_CANADA","FR","85.59A","GVA",26,"GCO2E_EUR",2022,4
"EEIO_CANADA","FR","85.59A","IC",63,"GCO2E_EUR",2022,4
"EEIO_CANADA","FR","85.59A","PRD",30,"GCO2E_EUR",2022,4
"EEIO_CANADA","FR","85.59B","FD",36,"GCO2E_EUR",2022,4
"EEIO_CANADA","FR","85.59B","GVA",32,"GCO2E_EUR",2022,4
"EEIO_CANADA","FR","85.59B","IC",53,"GCO2E_EUR",2022,4
"EEIO_CANADA","FR","85.59B","PRD",36,"GCO2E_EUR",2022,4
"EEIO_CANADA","FR","85.60Z","FD",36,"GCO2E_EUR",2022,4
"EEIO_CANADA","FR","85.60Z","GVA",32,"GCO2E_EUR",2022,4
"EEIO_CANADA","FR","85.60Z","IC",53,"GCO2E_EUR",2022,4
"EEIO_CANADA","FR","85.60Z","PRD",36,"GCO2E_EUR",2022,4
"EEIO_CANADA","FR","86.10Z","FD",28,"GCO2E_EUR",2022,5
"EEIO_CANADA","FR","86.10Z","GVA",27,"GCO2E_EUR",2022,5
"EEIO_CANADA","FR","86.10Z","IC",32,"GCO2E_EUR",2022,5
"EEIO_CANADA","FR","86.10Z","PRD",28,"GCO2E_EUR",2022,5
"EEIO_CANADA","FR","86.21Z","FD",28,"GCO2E_EUR",2022,5
"EEIO_CANADA","FR","86.21Z","GVA",27,"GCO2E_EUR",2022,5
"EEIO_CANADA","FR","86.21Z","IC",32,"GCO2E_EUR",2022,5
"EEIO_CANADA","FR","86.21Z","PRD",28,"GCO2E_EUR",2022,5
"EEIO_CANADA","FR","86.22A","FD",28,"GCO2E_EUR",2022,5
"EEIO_CANADA","FR","86.22A","GVA",27,"GCO2E_EUR",2022,5
"EEIO_CANADA","FR","86.22A","IC",32,"GCO2E_EUR",2022,5
"EEIO_CANADA","FR","86.22A","PRD",28,"GCO2E_EUR",2022,5
"EEIO_CANADA","FR","86.22B","FD",28,"GCO2E_EUR",2022,5
"EEIO_CANADA","FR","86.22B","GVA",27,"GCO2E_EUR",2022,5
"EEIO_CANADA","FR","86.22B","IC",32,"GCO2E_EUR",2022,5
"EEIO_CANADA","FR","86.22B","PRD",28,"GCO2E_EUR",2022,5
"EEIO_CANADA","FR","86.22C","FD",28,"GCO2E_EUR",2022,5
"EEIO_CANADA","FR","86.22C","GVA",27,"GCO2E_EUR",2022,5
"EEIO_CANADA","FR","86.22C","IC",32,"GCO2E_EUR",2022,5
"EEIO_CANADA","FR","86.22C","PRD",28,"GCO2E_EUR",2022,5
"EEIO_CANADA","FR","86.23Z","FD",28,"GCO2E_EUR",2022,5
"EEIO_CANADA","FR","86.23Z","GVA",27,"GCO2E_EUR",2022,5
"EEIO_CANADA","FR","86.23Z","IC",32,"GCO2E_EUR",2022,5
"EEIO_CANADA","FR","86.23Z","PRD",28,"GCO2E_EUR",2022,5
"EEIO_CANADA","FR","86.90A","FD",28,"GCO2E_EUR",2022,5
"EEIO_CANADA","FR","86.90A","GVA",27,"GCO2E_EUR",2022,5
"EEIO_CANADA","FR","86.90A","IC",32,"GCO2E_EUR",2022,5
"EEIO_CANADA","FR","86.90A","PRD",28,"GCO2E_EUR",2022,5
"EEIO_CANADA","FR","86.90B","FD",28,"GCO2E_EUR",2022,5
"EEIO_CANADA","FR","86.90B","GVA",27,"GCO2E_EUR",2022,5
"EEIO_CANADA","FR","86.90B","IC",32,"GCO2E_EUR",2022,5
"EEIO_CANADA","FR","86.90B","PRD",28,"GCO2E_EUR",2022,5
"EEIO_CANADA","FR","86.90C","FD",28,"GCO2E_EUR",2022,5
"EEIO_CANADA","FR","86.90C","GVA",27,"GCO2E_EUR",2022,5
"EEIO_CANADA","FR","86.90C","IC",32,"GCO2E_EUR",2022,5
"EEIO_CANADA","FR","86.90C","PRD",28,"GCO2E_EUR",2022,5
"EEIO_CANADA","FR","86.90D","FD",28,"GCO2E_EUR",2022,5
"EEIO_CANADA","FR","86.90D","GVA",27,"GCO2E_EUR",2022,5
"EEIO_CANADA","FR","86.90D","IC",32,"GCO2E_EUR",2022,5
"EEIO_CANADA","FR","86.90D","PRD",28,"GCO2E_EUR",2022,5
"EEIO_CANADA","FR","86.90E","FD",28,"GCO2E_EUR",2022,5
"EEIO_CANADA","FR","86.90E","GVA",27,"GCO2E_EUR",2022,5
"EEIO_CANADA","FR","86.90E","IC",32,"GCO2E_EUR",2022,5
"EEIO_CANADA","FR","86.90E","PRD",28,"GCO2E_EUR",2022,5
"EEIO_CANADA","FR","86.90F","FD",28,"GCO2E_EUR",2022,5
"EEIO_CANADA","FR","86.90F","GVA",27,"GCO2E_EUR",2022,5
"EEIO_CANADA","FR","86.90F","IC",32,"GCO2E_EUR",2022,5
"EEIO_CANADA","FR","86.90F","PRD",28,"GCO2E_EUR",2022,5
"EEIO_CANADA","FR","87.10A","FD",28,"GCO2E_EUR",2022,5
"EEIO_CANADA","FR","87.10A","GVA",27,"GCO2E_EUR",2022,5
"EEIO_CANADA","FR","87.10A","IC",32,"GCO2E_EUR",2022,5
"EEIO_CANADA","FR","87.10A","PRD",28,"GCO2E_EUR",2022,5
"EEIO_CANADA","FR","87.10B","FD",28,"GCO2E_EUR",2022,5
"EEIO_CANADA","FR","87.10B","GVA",27,"GCO2E_EUR",2022,5
"EEIO_CANADA","FR","87.10B","IC",32,"GCO2E_EUR",2022,5
"EEIO_CANADA","FR","87.10B","PRD",28,"GCO2E_EUR",2022,5
"EEIO_CANADA","FR","87.10C","FD",28,"GCO2E_EUR",2022,5
"EEIO_CANADA","FR","87.10C","GVA",27,"GCO2E_EUR",2022,5
"EEIO_CANADA","FR","87.10C","IC",32,"GCO2E_EUR",2022,5
"EEIO_CANADA","FR","87.10C","PRD",28,"GCO2E_EUR",2022,5
"EEIO_CANADA","FR","87.20A","FD",28,"GCO2E_EUR",2022,5
"EEIO_CANADA","FR","87.20A","GVA",27,"GCO2E_EUR",2022,5
"EEIO_CANADA","FR","87.20A","IC",32,"GCO2E_EUR",2022,5
"EEIO_CANADA","FR","87.20A","PRD",28,"GCO2E_EUR",2022,5
"EEIO_CANADA","FR","87.20B","FD",28,"GCO2E_EUR",2022,5
"EEIO_CANADA","FR","87.20B","GVA",27,"GCO2E_EUR",2022,5
"EEIO_CANADA","FR","87.20B","IC",32,"GCO2E_EUR",2022,5
"EEIO_CANADA","FR","87.20B","PRD",28,"GCO2E_EUR",2022,5
"EEIO_CANADA","FR","87.30A","FD",28,"GCO2E_EUR",2022,5
"EEIO_CANADA","FR","87.30A","GVA",27,"GCO2E_EUR",2022,5
"EEIO_CANADA","FR","87.30A","IC",32,"GCO2E_EUR",2022,5
"EEIO_CANADA","FR","87.30A","PRD",28,"GCO2E_EUR",2022,5
"EEIO_CANADA","FR","87.30B","FD",28,"GCO2E_EUR",2022,5
"EEIO_CANADA","FR","87.30B","GVA",27,"GCO2E_EUR",2022,5
"EEIO_CANADA","FR","87.30B","IC",32,"GCO2E_EUR",2022,5
"EEIO_CANADA","FR","87.30B","PRD",28,"GCO2E_EUR",2022,5
"EEIO_CANADA","FR","87.90A","FD",28,"GCO2E_EUR",2022,5
"EEIO_CANADA","FR","87.90A","GVA",27,"GCO2E_EUR",2022,5
"EEIO_CANADA","FR","87.90A","IC",32,"GCO2E_EUR",2022,5
"EEIO_CANADA","FR","87.90A","PRD",28,"GCO2E_EUR",2022,5
"EEIO_CANADA","FR","87.90B","FD",28,"GCO2E_EUR",2022,5
"EEIO_CANADA","FR","87.90B","GVA",27,"GCO2E_EUR",2022,5
"EEIO_CANADA","FR","87.90B","IC",32,"GCO2E_EUR",2022,5
"EEIO_CANADA","FR","87.90B","PRD",28,"GCO2E_EUR",2022,5
"EEIO_CANADA","FR","88.10A","FD",28,"GCO2E_EUR",2022,5
"EEIO_CANADA","FR","88.10A","GVA",27,"GCO2E_EUR",2022,5
"EEIO_CANADA","FR","88.10A","IC",32,"GCO2E_EUR",2022,5
"EEIO_CANADA","FR","88.10A","PRD",28,"GCO2E_EUR",2022,5
"EEIO_CANADA","FR","88.10B","FD",28,"GCO2E_EUR",2022,5
"EEIO_CANADA","FR","88.10B","GVA",27,"GCO2E_EUR",2022,5
"EEIO_CANADA","FR","88.10B","IC",32,"GCO2E_EUR",2022,5
"EEIO_CANADA","FR","88.10B","PRD",28,"GCO2E_EUR",2022,5
"EEIO_CANADA","FR","88.10C","FD",28,"GCO2E_EUR",2022,5
"EEIO_CANADA","FR","88.10C","GVA",27,"GCO2E_EUR",2022,5
"EEIO_CANADA","FR","88.10C","IC",32,"GCO2E_EUR",2022,5
"EEIO_CANADA","FR","88.10C","PRD",28,"GCO2E_EUR",2022,5
"EEIO_CANADA","FR","88.91A","FD",28,"GCO2E_EUR",2022,5
"EEIO_CANADA","FR","88.91A","GVA",27,"GCO2E_EUR",2022,5
"EEIO_CANADA","FR","88.91A","IC",32,"GCO2E_EUR",2022,5
"EEIO_CANADA","FR","88.91A","PRD",28,"GCO2E_EUR",2022,5
"EEIO_CANADA","FR","88.91B","FD",28,"GCO2E_EUR",2022,5
"EEIO_CANADA","FR","88.91B","GVA",27,"GCO2E_EUR",2022,5
"EEIO_CANADA","FR","88.91B","IC",32,"GCO2E_EUR",2022,5
"EEIO_CANADA","FR","88.91B","PRD",28,"GCO2E_EUR",2022,5
"EEIO_CANADA","FR","88.99A","FD",28,"GCO2E_EUR",2022,5
"EEIO_CANADA","FR","88.99A","GVA",27,"GCO2E_EUR",2022,5
"EEIO_CANADA","FR","88.99A","IC",32,"GCO2E_EUR",2022,5
"EEIO_CANADA","FR","88.99A","PRD",28,"GCO2E_EUR",2022,5
"EEIO_CANADA","FR","88.99B","FD",28,"GCO2E_EUR",2022,5
"EEIO_CANADA","FR","88.99B","GVA",27,"GCO2E_EUR",2022,5
"EEIO_CANADA","FR","88.99B","IC",32,"GCO2E_EUR",2022,5
"EEIO_CANADA","FR","88.99B","PRD",28,"GCO2E_EUR",2022,5
"EEIO_CANADA","FR","90.01Z","FD",28,"GCO2E_EUR",2022,5
"EEIO_CANADA","FR","90.01Z","GVA",23,"GCO2E_EUR",2022,5
"EEIO_CANADA","FR","90.01Z","IC",39,"GCO2E_EUR",2022,5
"EEIO_CANADA","FR","90.01Z","PRD",27,"GCO2E_EUR",2022,5
"EEIO_CANADA","FR","90.02Z","FD",28,"GCO2E_EUR",2022,5
"EEIO_CANADA","FR","90.02Z","GVA",23,"GCO2E_EUR",2022,5
"EEIO_CANADA","FR","90.02Z","IC",39,"GCO2E_EUR",2022,5
"EEIO_CANADA","FR","90.02Z","PRD",27,"GCO2E_EUR",2022,5
"EEIO_CANADA","FR","90.03A","FD",28,"GCO2E_EUR",2022,5
"EEIO_CANADA","FR","90.03A","GVA",23,"GCO2E_EUR",2022,5
"EEIO_CANADA","FR","90.03A","IC",39,"GCO2E_EUR",2022,5
"EEIO_CANADA","FR","90.03A","PRD",27,"GCO2E_EUR",2022,5
"EEIO_CANADA","FR","90.03B","FD",28,"GCO2E_EUR",2022,5
"EEIO_CANADA","FR","90.03B","GVA",23,"GCO2E_EUR",2022,5
"EEIO_CANADA","FR","90.03B","IC",39,"GCO2E_EUR",2022,5
"EEIO_CANADA","FR","90.03B","PRD",27,"GCO2E_EUR",2022,5
"EEIO_CANADA","FR","90.04Z","FD",28,"GCO2E_EUR",2022,5
"EEIO_CANADA","FR","90.04Z","GVA",23,"GCO2E_EUR",2022,5
"EEIO_CANADA","FR","90.04Z","IC",39,"GCO2E_EUR",2022,5
"EEIO_CANADA","FR","90.04Z","PRD",27,"GCO2E_EUR",2022,5
"EEIO_CANADA","FR","91.01Z","FD",28,"GCO2E_EUR",2022,5
"EEIO_CANADA","FR","91.01Z","GVA",23,"GCO2E_EUR",2022,5
"EEIO_CANADA","FR","91.01Z","IC",39,"GCO2E_EUR",2022,5
"EEIO_CANADA","FR","91.01Z","PRD",27,"GCO2E_EUR",2022,5
"EEIO_CANADA","FR","91.02Z","FD",28,"GCO2E_EUR",2022,5
"EEIO_CANADA","FR","91.02Z","GVA",23,"GCO2E_EUR",2022,5
"EEIO_CANADA","FR","91.02Z","IC",39,"GCO2E_EUR",2022,5
"EEIO_CANADA","FR","91.02Z","PRD",27,"GCO2E_EUR",2022,5
"EEIO_CANADA","FR","91.03Z","FD",28,"GCO2E_EUR",2022,5
"EEIO_CANADA","FR","91.03Z","GVA",23,"GCO2E_EUR",2022,5
"EEIO_CANADA","FR","91.03Z","IC",39,"GCO2E_EUR",2022,5
"EEIO_CANADA","FR","91.03Z","PRD",27,"GCO2E_EUR",2022,5
"EEIO_CANADA","FR","91.04Z","FD",28,"GCO2E_EUR",2022,5
"EEIO_CANADA","FR","91.04Z","GVA",23,"GCO2E_EUR",2022,5
"EEIO_CANADA","FR","91.04Z","IC",39,"GCO2E_EUR",2022,5
"EEIO_CANADA","FR","91.04Z","PRD",27,"GCO2E_EUR",2022,5
"EEIO_CANADA","FR","92.00Z","FD",28,"GCO2E_EUR",2022,5
"EEIO_CANADA","FR","92.00Z","GVA",23,"GCO2E_EUR",2022,5
"EEIO_CANADA","FR","92.00Z","IC",39,"GCO2E_EUR",2022,5
"EEIO_CANADA","FR","92.00Z","PRD",27,"GCO2E_EUR",2022,5
"EEIO_CANADA","FR","93.11Z","FD",28,"GCO2E_EUR",2022,5
"EEIO_CANADA","FR","93.11Z","GVA",23,"GCO2E_EUR",2022,5
"EEIO_CANADA","FR","93.11Z","IC",39,"GCO2E_EUR",2022,5
"EEIO_CANADA","FR","93.11Z","PRD",27,"GCO2E_EUR",2022,5
"EEIO_CANADA","FR","93.12Z","FD",28,"GCO2E_EUR",2022,5
"EEIO_CANADA","FR","93.12Z","GVA",23,"GCO2E_EUR",2022,5
"EEIO_CANADA","FR","93.12Z","IC",39,"GCO2E_EUR",2022,5
"EEIO_CANADA","FR","93.12Z","PRD",27,"GCO2E_EUR",2022,5
"EEIO_CANADA","FR","93.13Z","FD",28,"GCO2E_EUR",2022,5
"EEIO_CANADA","FR","93.13Z","GVA",23,"GCO2E_EUR",2022,5
"EEIO_CANADA","FR","93.13Z","IC",39,"GCO2E_EUR",2022,5
"EEIO_CANADA","FR","93.13Z","PRD",27,"GCO2E_EUR",2022,5
"EEIO_CANADA","FR","93.19Z","FD",28,"GCO2E_EUR",2022,5
"EEIO_CANADA","FR","93.19Z","GVA",23,"GCO2E_EUR",2022,5
"EEIO_CANADA","FR","93.19Z","IC",39,"GCO2E_EUR",2022,5
"EEIO_CANADA","FR","93.19Z","PRD",27,"GCO2E_EUR",2022,5
"EEIO_CANADA","FR","93.21Z","FD",28,"GCO2E_EUR",2022,5
"EEIO_CANADA","FR","93.21Z","GVA",23,"GCO2E_EUR",2022,5
"EEIO_CANADA","FR","93.21Z","IC",39,"GCO2E_EUR",2022,5
"EEIO_CANADA","FR","93.21Z","PRD",27,"GCO2E_EUR",2022,5
"EEIO_CANADA","FR","93.29Z","FD",28,"GCO2E_EUR",2022,5
"EEIO_CANADA","FR","93.29Z","GVA",23,"GCO2E_EUR",2022,5
"EEIO_CANADA","FR","93.29Z","IC",39,"GCO2E_EUR",2022,5
"EEIO_CANADA","FR","93.29Z","PRD",27,"GCO2E_EUR",2022,5
"EEIO_CANADA","FR","94.11Z","FD",9,"GCO2E_EUR",2022,3
"EEIO_CANADA","FR","94.11Z","GVA",1,"GCO2E_EUR",2022,3
"EEIO_CANADA","FR","94.11Z","IC",39,"GCO2E_EUR",2022,3
"EEIO_CANADA","FR","94.11Z","PRD",9,"GCO2E_EUR",2022,3
"EEIO_CANADA","FR","94.12Z","FD",9,"GCO2E_EUR",2022,3
"EEIO_CANADA","FR","94.12Z","GVA",1,"GCO2E_EUR",2022,3
"EEIO_CANADA","FR","94.12Z","IC",39,"GCO2E_EUR",2022,3
"EEIO_CANADA","FR","94.12Z","PRD",9,"GCO2E_EUR",2022,3
"EEIO_CANADA","FR","94.20Z","FD",9,"GCO2E_EUR",2022,3
"EEIO_CANADA","FR","94.20Z","GVA",1,"GCO2E_EUR",2022,3
"EEIO_CANADA","FR","94.20Z","IC",39,"GCO2E_EUR",2022,3
"EEIO_CANADA","FR","94.20Z","PRD",9,"GCO2E_EUR",2022,3
"EEIO_CANADA","FR","94.91Z","FD",30,"GCO2E_EUR",2022,1
"EEIO_CANADA","FR","94.91Z","GVA",26,"GCO2E_EUR",2022,1
"EEIO_CANADA","FR","94.91Z","IC",46,"GCO2E_EUR",2022,1
"EEIO_CANADA","FR","94.91Z","PRD",30,"GCO2E_EUR",2022,1
"EEIO_CANADA","FR","94.92Z","FD",9,"GCO2E_EUR",2022,3
"EEIO_CANADA","FR","94.92Z","GVA",1,"GCO2E_EUR",2022,3
"EEIO_CANADA","FR","94.92Z","IC",39,"GCO2E_EUR",2022,3
"EEIO_CANADA","FR","94.92Z","PRD",9,"GCO2E_EUR",2022,3
"EEIO_CANADA","FR","94.99Z","FD",9,"GCO2E_EUR",2022,3
"EEIO_CANADA","FR","94.99Z","GVA",1,"GCO2E_EUR",2022,3
"EEIO_CANADA","FR","94.99Z","IC",39,"GCO2E_EUR",2022,3
"EEIO_CANADA","FR","94.99Z","PRD",9,"GCO2E_EUR",2022,3
"EEIO_CANADA","FR","95.11Z","FD",47,"GCO2E_EUR",2022,4
"EEIO_CANADA","FR","95.11Z","GVA",42,"GCO2E_EUR",2022,4
"EEIO_CANADA","FR","95.11Z","IC",69,"GCO2E_EUR",2022,4
"EEIO_CANADA","FR","95.11Z","PRD",47,"GCO2E_EUR",2022,4
"EEIO_CANADA","FR","95.12Z","FD",47,"GCO2E_EUR",2022,4
"EEIO_CANADA","FR","95.12Z","GVA",42,"GCO2E_EUR",2022,4
"EEIO_CANADA","FR","95.12Z","IC",69,"GCO2E_EUR",2022,4
"EEIO_CANADA","FR","95.12Z","PRD",47,"GCO2E_EUR",2022,4
"EEIO_CANADA","FR","95.21Z","FD",47,"GCO2E_EUR",2022,4
"EEIO_CANADA","FR","95.21Z","GVA",42,"GCO2E_EUR",2022,4
"EEIO_CANADA","FR","95.21Z","IC",69,"GCO2E_EUR",2022,4
"EEIO_CANADA","FR","95.21Z","PRD",47,"GCO2E_EUR",2022,4
"EEIO_CANADA","FR","95.22Z","FD",47,"GCO2E_EUR",2022,4
"EEIO_CANADA","FR","95.22Z","GVA",42,"GCO2E_EUR",2022,4
"EEIO_CANADA","FR","95.22Z","IC",69,"GCO2E_EUR",2022,4
"EEIO_CANADA","FR","95.22Z","PRD",47,"GCO2E_EUR",2022,4
"EEIO_CANADA","FR","95.23Z","FD",47,"GCO2E_EUR",2022,4
"EEIO_CANADA","FR","95.23Z","GVA",42,"GCO2E_EUR",2022,4
"EEIO_CANADA","FR","95.23Z","IC",69,"GCO2E_EUR",2022,4
"EEIO_CANADA","FR","95.23Z","PRD",47,"GCO2E_EUR",2022,4
"EEIO_CANADA","FR","95.24Z","FD",47,"GCO2E_EUR",2022,4
"EEIO_CANADA","FR","95.24Z","GVA",42,"GCO2E_EUR",2022,4
"EEIO_CANADA","FR","95.24Z","IC",69,"GCO2E_EUR",2022,4
"EEIO_CANADA","FR","95.24Z","PRD",47,"GCO2E_EUR",2022,4
"EEIO_CANADA","FR","95.25Z","FD",47,"GCO2E_EUR",2022,4
"EEIO_CANADA","FR","95.25Z","GVA",42,"GCO2E_EUR",2022,4
"EEIO_CANADA","FR","95.25Z","IC",69,"GCO2E_EUR",2022,4
"EEIO_CANADA","FR","95.25Z","PRD",47,"GCO2E_EUR",2022,4
"EEIO_CANADA","FR","95.29Z","FD",47,"GCO2E_EUR",2022,4
"EEIO_CANADA","FR","95.29Z","GVA",42,"GCO2E_EUR",2022,4
"EEIO_CANADA","FR","95.29Z","IC",69,"GCO2E_EUR",2022,4
"EEIO_CANADA","FR","95.29Z","PRD",47,"GCO2E_EUR",2022,4
"EEIO_CANADA","FR","96.01A","FD",31,"GCO2E_EUR",2022,4
"EEIO_CANADA","FR","96.01A","GVA",23,"GCO2E_EUR",2022,4
"EEIO_CANADA","FR","96.01A","IC",68,"GCO2E_EUR",2022,4
"EEIO_CANADA","FR","96.01A","PRD",31,"GCO2E_EUR",2022,4
"EEIO_CANADA","FR","96.01B","FD",31,"GCO2E_EUR",2022,4
"EEIO_CANADA","FR","96.01B","GVA",23,"GCO2E_EUR",2022,4
"EEIO_CANADA","FR","96.01B","IC",68,"GCO2E_EUR",2022,4
"EEIO_CANADA","FR","96.01B","PRD",31,"GCO2E_EUR",2022,4
"EEIO_CANADA","FR","96.02A","FD",31,"GCO2E_EUR",2022,4
"EEIO_CANADA","FR","96.02A","GVA",23,"GCO2E_EUR",2022,4
"EEIO_CANADA","FR","96.02A","IC",68,"GCO2E_EUR",2022,4
"EEIO_CANADA","FR","96.02A","PRD",31,"GCO2E_EUR",2022,4
"EEIO_CANADA","FR","96.02B","FD",31,"GCO2E_EUR",2022,4
"EEIO_CANADA","FR","96.02B","GVA",23,"GCO2E_EUR",2022,4
"EEIO_CANADA","FR","96.02B","IC",68,"GCO2E_EUR",2022,4
"EEIO_CANADA","FR","96.02B","PRD",31,"GCO2E_EUR",2022,4
"EEIO_CANADA","FR","96.03Z","FD",31,"GCO2E_EUR",2022,4
"EEIO_CANADA","FR","96.03Z","GVA",23,"GCO2E_EUR",2022,4
"EEIO_CANADA","FR","96.03Z","IC",68,"GCO2E_EUR",2022,4
"EEIO_CANADA","FR","96.03Z","PRD",31,"GCO2E_EUR",2022,4
"EEIO_CANADA","FR","96.04Z","FD",31,"GCO2E_EUR",2022,4
"EEIO_CANADA","FR","96.04Z","GVA",23,"GCO2E_EUR",2022,4
"EEIO_CANADA","FR","96.04Z","IC",68,"GCO2E_EUR",2022,4
"EEIO_CANADA","FR","96.04Z","PRD",31,"GCO2E_EUR",2022,4
"EEIO_CANADA","FR","96.09Z","FD",31,"GCO2E_EUR",2022,4
"EEIO_CANADA","FR","96.09Z","GVA",23,"GCO2E_EUR",2022,4
"EEIO_CANADA","FR","96.09Z","IC",68,"GCO2E_EUR",2022,4
"EEIO_CANADA","FR","96.09Z","PRD",31,"GCO2E_EUR",2022,4
"EEIO_CANADA","FR","97.00Z","FD",31,"GCO2E_EUR",2022,4
"EEIO_CANADA","FR","97.00Z","GVA",23,"GCO2E_EUR",2022,4
"EEIO_CANADA","FR","97.00Z","IC",68,"GCO2E_EUR",2022,4
"EEIO_CANADA","FR","97.00Z","PRD",31,"GCO2E_EUR",2022,4
