"eeio_model","country","code_ape_a732","aggregate","fpt","unit","year","accuracy_mapping_a732"
"EEIO_UK","FR","01.11Z","FD",1020,"GCO2E_EUR",2022,4
"EEIO_UK","FR","01.11Z","GVA",2267,"GCO2E_EUR",2022,4
"EEIO_UK","FR","01.11Z","IC",99,"GCO2E_EUR",2022,4
"EEIO_UK","FR","01.11Z","PRD",830,"GCO2E_EUR",2022,4
"EEIO_UK","FR","01.12Z","FD",1020,"GCO2E_EUR",2022,4
"EEIO_UK","FR","01.12Z","GVA",2267,"GCO2E_EUR",2022,4
"EEIO_UK","FR","01.12Z","IC",99,"GCO2E_EUR",2022,4
"EEIO_UK","FR","01.12Z","PRD",830,"GCO2E_EUR",2022,4
"EEIO_UK","FR","01.13Z","FD",1020,"GCO2E_EUR",2022,4
"EEIO_UK","FR","01.13Z","GVA",2267,"GCO2E_EUR",2022,4
"EEIO_UK","FR","01.13Z","IC",99,"GCO2E_EUR",2022,4
"EEIO_UK","FR","01.13Z","PRD",830,"GCO2E_EUR",2022,4
"EEIO_UK","FR","01.14Z","FD",1020,"GCO2E_EUR",2022,4
"EEIO_UK","FR","01.14Z","GVA",2267,"GCO2E_EUR",2022,4
"EEIO_UK","FR","01.14Z","IC",99,"GCO2E_EUR",2022,4
"EEIO_UK","FR","01.14Z","PRD",830,"GCO2E_EUR",2022,4
"EEIO_UK","FR","01.15Z","FD",1020,"GCO2E_EUR",2022,4
"EEIO_UK","FR","01.15Z","GVA",2267,"GCO2E_EUR",2022,4
"EEIO_UK","FR","01.15Z","IC",99,"GCO2E_EUR",2022,4
"EEIO_UK","FR","01.15Z","PRD",830,"GCO2E_EUR",2022,4
"EEIO_UK","FR","01.16Z","FD",1020,"GCO2E_EUR",2022,4
"EEIO_UK","FR","01.16Z","GVA",2267,"GCO2E_EUR",2022,4
"EEIO_UK","FR","01.16Z","IC",99,"GCO2E_EUR",2022,4
"EEIO_UK","FR","01.16Z","PRD",830,"GCO2E_EUR",2022,4
"EEIO_UK","FR","01.19Z","FD",1020,"GCO2E_EUR",2022,4
"EEIO_UK","FR","01.19Z","GVA",2267,"GCO2E_EUR",2022,4
"EEIO_UK","FR","01.19Z","IC",99,"GCO2E_EUR",2022,4
"EEIO_UK","FR","01.19Z","PRD",830,"GCO2E_EUR",2022,4
"EEIO_UK","FR","01.21Z","FD",1020,"GCO2E_EUR",2022,4
"EEIO_UK","FR","01.21Z","GVA",2267,"GCO2E_EUR",2022,4
"EEIO_UK","FR","01.21Z","IC",99,"GCO2E_EUR",2022,4
"EEIO_UK","FR","01.21Z","PRD",830,"GCO2E_EUR",2022,4
"EEIO_UK","FR","01.22Z","FD",1020,"GCO2E_EUR",2022,4
"EEIO_UK","FR","01.22Z","GVA",2267,"GCO2E_EUR",2022,4
"EEIO_UK","FR","01.22Z","IC",99,"GCO2E_EUR",2022,4
"EEIO_UK","FR","01.22Z","PRD",830,"GCO2E_EUR",2022,4
"EEIO_UK","FR","01.23Z","FD",1020,"GCO2E_EUR",2022,4
"EEIO_UK","FR","01.23Z","GVA",2267,"GCO2E_EUR",2022,4
"EEIO_UK","FR","01.23Z","IC",99,"GCO2E_EUR",2022,4
"EEIO_UK","FR","01.23Z","PRD",830,"GCO2E_EUR",2022,4
"EEIO_UK","FR","01.24Z","FD",1020,"GCO2E_EUR",2022,4
"EEIO_UK","FR","01.24Z","GVA",2267,"GCO2E_EUR",2022,4
"EEIO_UK","FR","01.24Z","IC",99,"GCO2E_EUR",2022,4
"EEIO_UK","FR","01.24Z","PRD",830,"GCO2E_EUR",2022,4
"EEIO_UK","FR","01.25Z","FD",1020,"GCO2E_EUR",2022,4
"EEIO_UK","FR","01.25Z","GVA",2267,"GCO2E_EUR",2022,4
"EEIO_UK","FR","01.25Z","IC",99,"GCO2E_EUR",2022,4
"EEIO_UK","FR","01.25Z","PRD",830,"GCO2E_EUR",2022,4
"EEIO_UK","FR","01.26Z","FD",1020,"GCO2E_EUR",2022,4
"EEIO_UK","FR","01.26Z","GVA",2267,"GCO2E_EUR",2022,4
"EEIO_UK","FR","01.26Z","IC",99,"GCO2E_EUR",2022,4
"EEIO_UK","FR","01.26Z","PRD",830,"GCO2E_EUR",2022,4
"EEIO_UK","FR","01.27Z","FD",1020,"GCO2E_EUR",2022,4
"EEIO_UK","FR","01.27Z","GVA",2267,"GCO2E_EUR",2022,4
"EEIO_UK","FR","01.27Z","IC",99,"GCO2E_EUR",2022,4
"EEIO_UK","FR","01.27Z","PRD",830,"GCO2E_EUR",2022,4
"EEIO_UK","FR","01.28Z","FD",1020,"GCO2E_EUR",2022,4
"EEIO_UK","FR","01.28Z","GVA",2267,"GCO2E_EUR",2022,4
"EEIO_UK","FR","01.28Z","IC",99,"GCO2E_EUR",2022,4
"EEIO_UK","FR","01.28Z","PRD",830,"GCO2E_EUR",2022,4
"EEIO_UK","FR","01.29Z","FD",1020,"GCO2E_EUR",2022,4
"EEIO_UK","FR","01.29Z","GVA",2267,"GCO2E_EUR",2022,4
"EEIO_UK","FR","01.29Z","IC",99,"GCO2E_EUR",2022,4
"EEIO_UK","FR","01.29Z","PRD",830,"GCO2E_EUR",2022,4
"EEIO_UK","FR","01.30Z","FD",1020,"GCO2E_EUR",2022,4
"EEIO_UK","FR","01.30Z","GVA",2267,"GCO2E_EUR",2022,4
"EEIO_UK","FR","01.30Z","IC",99,"GCO2E_EUR",2022,4
"EEIO_UK","FR","01.30Z","PRD",830,"GCO2E_EUR",2022,4
"EEIO_UK","FR","01.41Z","FD",1020,"GCO2E_EUR",2022,4
"EEIO_UK","FR","01.41Z","GVA",2267,"GCO2E_EUR",2022,4
"EEIO_UK","FR","01.41Z","IC",99,"GCO2E_EUR",2022,4
"EEIO_UK","FR","01.41Z","PRD",830,"GCO2E_EUR",2022,4
"EEIO_UK","FR","01.42Z","FD",1020,"GCO2E_EUR",2022,4
"EEIO_UK","FR","01.42Z","GVA",2267,"GCO2E_EUR",2022,4
"EEIO_UK","FR","01.42Z","IC",99,"GCO2E_EUR",2022,4
"EEIO_UK","FR","01.42Z","PRD",830,"GCO2E_EUR",2022,4
"EEIO_UK","FR","01.43Z","FD",1020,"GCO2E_EUR",2022,4
"EEIO_UK","FR","01.43Z","GVA",2267,"GCO2E_EUR",2022,4
"EEIO_UK","FR","01.43Z","IC",99,"GCO2E_EUR",2022,4
"EEIO_UK","FR","01.43Z","PRD",830,"GCO2E_EUR",2022,4
"EEIO_UK","FR","01.44Z","FD",1020,"GCO2E_EUR",2022,4
"EEIO_UK","FR","01.44Z","GVA",2267,"GCO2E_EUR",2022,4
"EEIO_UK","FR","01.44Z","IC",99,"GCO2E_EUR",2022,4
"EEIO_UK","FR","01.44Z","PRD",830,"GCO2E_EUR",2022,4
"EEIO_UK","FR","01.45Z","FD",1020,"GCO2E_EUR",2022,4
"EEIO_UK","FR","01.45Z","GVA",2267,"GCO2E_EUR",2022,4
"EEIO_UK","FR","01.45Z","IC",99,"GCO2E_EUR",2022,4
"EEIO_UK","FR","01.45Z","PRD",830,"GCO2E_EUR",2022,4
"EEIO_UK","FR","01.46Z","FD",1020,"GCO2E_EUR",2022,4
"EEIO_UK","FR","01.46Z","GVA",2267,"GCO2E_EUR",2022,4
"EEIO_UK","FR","01.46Z","IC",99,"GCO2E_EUR",2022,4
"EEIO_UK","FR","01.46Z","PRD",830,"GCO2E_EUR",2022,4
"EEIO_UK","FR","01.47Z","FD",1020,"GCO2E_EUR",2022,4
"EEIO_UK","FR","01.47Z","GVA",2267,"GCO2E_EUR",2022,4
"EEIO_UK","FR","01.47Z","IC",99,"GCO2E_EUR",2022,4
"EEIO_UK","FR","01.47Z","PRD",830,"GCO2E_EUR",2022,4
"EEIO_UK","FR","01.49Z","FD",1020,"GCO2E_EUR",2022,4
"EEIO_UK","FR","01.49Z","GVA",2267,"GCO2E_EUR",2022,4
"EEIO_UK","FR","01.49Z","IC",99,"GCO2E_EUR",2022,4
"EEIO_UK","FR","01.49Z","PRD",830,"GCO2E_EUR",2022,4
"EEIO_UK","FR","01.50Z","FD",1020,"GCO2E_EUR",2022,4
"EEIO_UK","FR","01.50Z","GVA",2267,"GCO2E_EUR",2022,4
"EEIO_UK","FR","01.50Z","IC",99,"GCO2E_EUR",2022,4
"EEIO_UK","FR","01.50Z","PRD",830,"GCO2E_EUR",2022,4
"EEIO_UK","FR","01.61Z","FD",1020,"GCO2E_EUR",2022,4
"EEIO_UK","FR","01.61Z","GVA",2267,"GCO2E_EUR",2022,4
"EEIO_UK","FR","01.61Z","IC",99,"GCO2E_EUR",2022,4
"EEIO_UK","FR","01.61Z","PRD",830,"GCO2E_EUR",2022,4
"EEIO_UK","FR","01.62Z","FD",1020,"GCO2E_EUR",2022,4
"EEIO_UK","FR","01.62Z","GVA",2267,"GCO2E_EUR",2022,4
"EEIO_UK","FR","01.62Z","IC",99,"GCO2E_EUR",2022,4
"EEIO_UK","FR","01.62Z","PRD",830,"GCO2E_EUR",2022,4
"EEIO_UK","FR","01.63Z","FD",1020,"GCO2E_EUR",2022,4
"EEIO_UK","FR","01.63Z","GVA",2267,"GCO2E_EUR",2022,4
"EEIO_UK","FR","01.63Z","IC",99,"GCO2E_EUR",2022,4
"EEIO_UK","FR","01.63Z","PRD",830,"GCO2E_EUR",2022,4
"EEIO_UK","FR","01.64Z","FD",1020,"GCO2E_EUR",2022,4
"EEIO_UK","FR","01.64Z","GVA",2267,"GCO2E_EUR",2022,4
"EEIO_UK","FR","01.64Z","IC",99,"GCO2E_EUR",2022,4
"EEIO_UK","FR","01.64Z","PRD",830,"GCO2E_EUR",2022,4
"EEIO_UK","FR","01.70Z","FD",1020,"GCO2E_EUR",2022,4
"EEIO_UK","FR","01.70Z","GVA",2267,"GCO2E_EUR",2022,4
"EEIO_UK","FR","01.70Z","IC",99,"GCO2E_EUR",2022,4
"EEIO_UK","FR","01.70Z","PRD",830,"GCO2E_EUR",2022,4
"EEIO_UK","FR","02.10Z","FD",113,"GCO2E_EUR",2022,4
"EEIO_UK","FR","02.10Z","GVA",177,"GCO2E_EUR",2022,4
"EEIO_UK","FR","02.10Z","IC",8,"GCO2E_EUR",2022,4
"EEIO_UK","FR","02.10Z","PRD",83,"GCO2E_EUR",2022,4
"EEIO_UK","FR","02.20Z","FD",113,"GCO2E_EUR",2022,4
"EEIO_UK","FR","02.20Z","GVA",177,"GCO2E_EUR",2022,4
"EEIO_UK","FR","02.20Z","IC",8,"GCO2E_EUR",2022,4
"EEIO_UK","FR","02.20Z","PRD",83,"GCO2E_EUR",2022,4
"EEIO_UK","FR","02.30Z","FD",113,"GCO2E_EUR",2022,4
"EEIO_UK","FR","02.30Z","GVA",177,"GCO2E_EUR",2022,4
"EEIO_UK","FR","02.30Z","IC",8,"GCO2E_EUR",2022,4
"EEIO_UK","FR","02.30Z","PRD",83,"GCO2E_EUR",2022,4
"EEIO_UK","FR","02.40Z","FD",113,"GCO2E_EUR",2022,4
"EEIO_UK","FR","02.40Z","GVA",177,"GCO2E_EUR",2022,4
"EEIO_UK","FR","02.40Z","IC",8,"GCO2E_EUR",2022,4
"EEIO_UK","FR","02.40Z","PRD",83,"GCO2E_EUR",2022,4
"EEIO_UK","FR","03.11Z","FD",637,"GCO2E_EUR",2022,4
"EEIO_UK","FR","03.11Z","GVA",1450,"GCO2E_EUR",2022,4
"EEIO_UK","FR","03.11Z","IC",65,"GCO2E_EUR",2022,4
"EEIO_UK","FR","03.11Z","PRD",518,"GCO2E_EUR",2022,4
"EEIO_UK","FR","03.12Z","FD",637,"GCO2E_EUR",2022,4
"EEIO_UK","FR","03.12Z","GVA",1450,"GCO2E_EUR",2022,4
"EEIO_UK","FR","03.12Z","IC",65,"GCO2E_EUR",2022,4
"EEIO_UK","FR","03.12Z","PRD",518,"GCO2E_EUR",2022,4
"EEIO_UK","FR","03.21Z","FD",637,"GCO2E_EUR",2022,4
"EEIO_UK","FR","03.21Z","GVA",1450,"GCO2E_EUR",2022,4
"EEIO_UK","FR","03.21Z","IC",65,"GCO2E_EUR",2022,4
"EEIO_UK","FR","03.21Z","PRD",518,"GCO2E_EUR",2022,4
"EEIO_UK","FR","03.22Z","FD",637,"GCO2E_EUR",2022,4
"EEIO_UK","FR","03.22Z","GVA",1450,"GCO2E_EUR",2022,4
"EEIO_UK","FR","03.22Z","IC",65,"GCO2E_EUR",2022,4
"EEIO_UK","FR","03.22Z","PRD",518,"GCO2E_EUR",2022,4
"EEIO_UK","FR","05.10Z","FD",1261,"GCO2E_EUR",2022,2
"EEIO_UK","FR","05.10Z","GVA",13734,"GCO2E_EUR",2022,2
"EEIO_UK","FR","05.10Z","IC",22,"GCO2E_EUR",2022,2
"EEIO_UK","FR","05.10Z","PRD",1165,"GCO2E_EUR",2022,2
"EEIO_UK","FR","05.20Z","FD",1261,"GCO2E_EUR",2022,2
"EEIO_UK","FR","05.20Z","GVA",13734,"GCO2E_EUR",2022,2
"EEIO_UK","FR","05.20Z","IC",22,"GCO2E_EUR",2022,2
"EEIO_UK","FR","05.20Z","PRD",1165,"GCO2E_EUR",2022,2
"EEIO_UK","FR","06.10Z","FD",53,"GCO2E_EUR",2022,3
"EEIO_UK","FR","06.10Z","GVA",60,"GCO2E_EUR",2022,3
"EEIO_UK","FR","06.10Z","IC",25,"GCO2E_EUR",2022,3
"EEIO_UK","FR","06.10Z","PRD",50,"GCO2E_EUR",2022,3
"EEIO_UK","FR","06.20Z","FD",53,"GCO2E_EUR",2022,3
"EEIO_UK","FR","06.20Z","GVA",60,"GCO2E_EUR",2022,3
"EEIO_UK","FR","06.20Z","IC",25,"GCO2E_EUR",2022,3
"EEIO_UK","FR","06.20Z","PRD",50,"GCO2E_EUR",2022,3
"EEIO_UK","FR","07.10Z","FD",53,"GCO2E_EUR",2022,3
"EEIO_UK","FR","07.10Z","GVA",60,"GCO2E_EUR",2022,3
"EEIO_UK","FR","07.10Z","IC",25,"GCO2E_EUR",2022,3
"EEIO_UK","FR","07.10Z","PRD",50,"GCO2E_EUR",2022,3
"EEIO_UK","FR","07.21Z","FD",53,"GCO2E_EUR",2022,3
"EEIO_UK","FR","07.21Z","GVA",60,"GCO2E_EUR",2022,3
"EEIO_UK","FR","07.21Z","IC",25,"GCO2E_EUR",2022,3
"EEIO_UK","FR","07.21Z","PRD",50,"GCO2E_EUR",2022,3
"EEIO_UK","FR","07.29Z","FD",53,"GCO2E_EUR",2022,3
"EEIO_UK","FR","07.29Z","GVA",60,"GCO2E_EUR",2022,3
"EEIO_UK","FR","07.29Z","IC",25,"GCO2E_EUR",2022,3
"EEIO_UK","FR","07.29Z","PRD",50,"GCO2E_EUR",2022,3
"EEIO_UK","FR","08.11Z","FD",203,"GCO2E_EUR",2022,3
"EEIO_UK","FR","08.11Z","GVA",-604,"GCO2E_EUR",2022,3
"EEIO_UK","FR","08.11Z","IC",106,"GCO2E_EUR",2022,3
"EEIO_UK","FR","08.11Z","PRD",166,"GCO2E_EUR",2022,3
"EEIO_UK","FR","08.12Z","FD",203,"GCO2E_EUR",2022,3
"EEIO_UK","FR","08.12Z","GVA",-604,"GCO2E_EUR",2022,3
"EEIO_UK","FR","08.12Z","IC",106,"GCO2E_EUR",2022,3
"EEIO_UK","FR","08.12Z","PRD",166,"GCO2E_EUR",2022,3
"EEIO_UK","FR","08.91Z","FD",203,"GCO2E_EUR",2022,3
"EEIO_UK","FR","08.91Z","GVA",-604,"GCO2E_EUR",2022,3
"EEIO_UK","FR","08.91Z","IC",106,"GCO2E_EUR",2022,3
"EEIO_UK","FR","08.91Z","PRD",166,"GCO2E_EUR",2022,3
"EEIO_UK","FR","08.92Z","FD",203,"GCO2E_EUR",2022,3
"EEIO_UK","FR","08.92Z","GVA",-604,"GCO2E_EUR",2022,3
"EEIO_UK","FR","08.92Z","IC",106,"GCO2E_EUR",2022,3
"EEIO_UK","FR","08.92Z","PRD",166,"GCO2E_EUR",2022,3
"EEIO_UK","FR","08.93Z","FD",203,"GCO2E_EUR",2022,3
"EEIO_UK","FR","08.93Z","GVA",-604,"GCO2E_EUR",2022,3
"EEIO_UK","FR","08.93Z","IC",106,"GCO2E_EUR",2022,3
"EEIO_UK","FR","08.93Z","PRD",166,"GCO2E_EUR",2022,3
"EEIO_UK","FR","08.99Z","FD",203,"GCO2E_EUR",2022,3
"EEIO_UK","FR","08.99Z","GVA",-604,"GCO2E_EUR",2022,3
"EEIO_UK","FR","08.99Z","IC",106,"GCO2E_EUR",2022,3
"EEIO_UK","FR","08.99Z","PRD",166,"GCO2E_EUR",2022,3
"EEIO_UK","FR","09.10Z","FD",25,"GCO2E_EUR",2022,2
"EEIO_UK","FR","09.10Z","GVA",8,"GCO2E_EUR",2022,2
"EEIO_UK","FR","09.10Z","IC",24,"GCO2E_EUR",2022,2
"EEIO_UK","FR","09.10Z","PRD",21,"GCO2E_EUR",2022,2
"EEIO_UK","FR","09.90Z","FD",25,"GCO2E_EUR",2022,2
"EEIO_UK","FR","09.90Z","GVA",8,"GCO2E_EUR",2022,2
"EEIO_UK","FR","09.90Z","IC",24,"GCO2E_EUR",2022,2
"EEIO_UK","FR","09.90Z","PRD",21,"GCO2E_EUR",2022,2
"EEIO_UK","FR","10.11Z","FD",396,"GCO2E_EUR",2022,2
"EEIO_UK","FR","10.11Z","GVA",124,"GCO2E_EUR",2022,2
"EEIO_UK","FR","10.11Z","IC",365,"GCO2E_EUR",2022,2
"EEIO_UK","FR","10.11Z","PRD",312,"GCO2E_EUR",2022,2
"EEIO_UK","FR","10.12Z","FD",396,"GCO2E_EUR",2022,2
"EEIO_UK","FR","10.12Z","GVA",124,"GCO2E_EUR",2022,2
"EEIO_UK","FR","10.12Z","IC",365,"GCO2E_EUR",2022,2
"EEIO_UK","FR","10.12Z","PRD",312,"GCO2E_EUR",2022,2
"EEIO_UK","FR","10.13A","FD",396,"GCO2E_EUR",2022,2
"EEIO_UK","FR","10.13A","GVA",124,"GCO2E_EUR",2022,2
"EEIO_UK","FR","10.13A","IC",365,"GCO2E_EUR",2022,2
"EEIO_UK","FR","10.13A","PRD",312,"GCO2E_EUR",2022,2
"EEIO_UK","FR","10.13B","FD",396,"GCO2E_EUR",2022,2
"EEIO_UK","FR","10.13B","GVA",124,"GCO2E_EUR",2022,2
"EEIO_UK","FR","10.13B","IC",365,"GCO2E_EUR",2022,2
"EEIO_UK","FR","10.13B","PRD",312,"GCO2E_EUR",2022,2
"EEIO_UK","FR","10.20Z","FD",337,"GCO2E_EUR",2022,2
"EEIO_UK","FR","10.20Z","GVA",269,"GCO2E_EUR",2022,2
"EEIO_UK","FR","10.20Z","IC",322,"GCO2E_EUR",2022,2
"EEIO_UK","FR","10.20Z","PRD",310,"GCO2E_EUR",2022,2
"EEIO_UK","FR","10.31Z","FD",337,"GCO2E_EUR",2022,2
"EEIO_UK","FR","10.31Z","GVA",269,"GCO2E_EUR",2022,2
"EEIO_UK","FR","10.31Z","IC",322,"GCO2E_EUR",2022,2
"EEIO_UK","FR","10.31Z","PRD",310,"GCO2E_EUR",2022,2
"EEIO_UK","FR","10.32Z","FD",337,"GCO2E_EUR",2022,2
"EEIO_UK","FR","10.32Z","GVA",269,"GCO2E_EUR",2022,2
"EEIO_UK","FR","10.32Z","IC",322,"GCO2E_EUR",2022,2
"EEIO_UK","FR","10.32Z","PRD",310,"GCO2E_EUR",2022,2
"EEIO_UK","FR","10.39A","FD",337,"GCO2E_EUR",2022,2
"EEIO_UK","FR","10.39A","GVA",269,"GCO2E_EUR",2022,2
"EEIO_UK","FR","10.39A","IC",322,"GCO2E_EUR",2022,2
"EEIO_UK","FR","10.39A","PRD",310,"GCO2E_EUR",2022,2
"EEIO_UK","FR","10.39B","FD",337,"GCO2E_EUR",2022,2
"EEIO_UK","FR","10.39B","GVA",269,"GCO2E_EUR",2022,2
"EEIO_UK","FR","10.39B","IC",322,"GCO2E_EUR",2022,2
"EEIO_UK","FR","10.39B","PRD",310,"GCO2E_EUR",2022,2
"EEIO_UK","FR","10.41A","FD",101,"GCO2E_EUR",2022,2
"EEIO_UK","FR","10.41A","GVA",53,"GCO2E_EUR",2022,2
"EEIO_UK","FR","10.41A","IC",97,"GCO2E_EUR",2022,2
"EEIO_UK","FR","10.41A","PRD",76,"GCO2E_EUR",2022,2
"EEIO_UK","FR","10.41B","FD",101,"GCO2E_EUR",2022,2
"EEIO_UK","FR","10.41B","GVA",53,"GCO2E_EUR",2022,2
"EEIO_UK","FR","10.41B","IC",97,"GCO2E_EUR",2022,2
"EEIO_UK","FR","10.41B","PRD",76,"GCO2E_EUR",2022,2
"EEIO_UK","FR","10.42Z","FD",101,"GCO2E_EUR",2022,2
"EEIO_UK","FR","10.42Z","GVA",53,"GCO2E_EUR",2022,2
"EEIO_UK","FR","10.42Z","IC",97,"GCO2E_EUR",2022,2
"EEIO_UK","FR","10.42Z","PRD",76,"GCO2E_EUR",2022,2
"EEIO_UK","FR","10.51A","FD",537,"GCO2E_EUR",2022,2
"EEIO_UK","FR","10.51A","GVA",348,"GCO2E_EUR",2022,2
"EEIO_UK","FR","10.51A","IC",486,"GCO2E_EUR",2022,2
"EEIO_UK","FR","10.51A","PRD",466,"GCO2E_EUR",2022,2
"EEIO_UK","FR","10.51B","FD",537,"GCO2E_EUR",2022,2
"EEIO_UK","FR","10.51B","GVA",348,"GCO2E_EUR",2022,2
"EEIO_UK","FR","10.51B","IC",486,"GCO2E_EUR",2022,2
"EEIO_UK","FR","10.51B","PRD",466,"GCO2E_EUR",2022,2
"EEIO_UK","FR","10.51C","FD",537,"GCO2E_EUR",2022,2
"EEIO_UK","FR","10.51C","GVA",348,"GCO2E_EUR",2022,2
"EEIO_UK","FR","10.51C","IC",486,"GCO2E_EUR",2022,2
"EEIO_UK","FR","10.51C","PRD",466,"GCO2E_EUR",2022,2
"EEIO_UK","FR","10.51D","FD",537,"GCO2E_EUR",2022,2
"EEIO_UK","FR","10.51D","GVA",348,"GCO2E_EUR",2022,2
"EEIO_UK","FR","10.51D","IC",486,"GCO2E_EUR",2022,2
"EEIO_UK","FR","10.51D","PRD",466,"GCO2E_EUR",2022,2
"EEIO_UK","FR","10.52Z","FD",537,"GCO2E_EUR",2022,2
"EEIO_UK","FR","10.52Z","GVA",348,"GCO2E_EUR",2022,2
"EEIO_UK","FR","10.52Z","IC",486,"GCO2E_EUR",2022,2
"EEIO_UK","FR","10.52Z","PRD",466,"GCO2E_EUR",2022,2
"EEIO_UK","FR","10.61A","FD",393,"GCO2E_EUR",2022,2
"EEIO_UK","FR","10.61A","GVA",555,"GCO2E_EUR",2022,2
"EEIO_UK","FR","10.61A","IC",311,"GCO2E_EUR",2022,2
"EEIO_UK","FR","10.61A","PRD",337,"GCO2E_EUR",2022,2
"EEIO_UK","FR","10.61B","FD",393,"GCO2E_EUR",2022,2
"EEIO_UK","FR","10.61B","GVA",555,"GCO2E_EUR",2022,2
"EEIO_UK","FR","10.61B","IC",311,"GCO2E_EUR",2022,2
"EEIO_UK","FR","10.61B","PRD",337,"GCO2E_EUR",2022,2
"EEIO_UK","FR","10.62Z","FD",393,"GCO2E_EUR",2022,2
"EEIO_UK","FR","10.62Z","GVA",555,"GCO2E_EUR",2022,2
"EEIO_UK","FR","10.62Z","IC",311,"GCO2E_EUR",2022,2
"EEIO_UK","FR","10.62Z","PRD",337,"GCO2E_EUR",2022,2
"EEIO_UK","FR","10.71A","FD",156,"GCO2E_EUR",2022,2
"EEIO_UK","FR","10.71A","GVA",156,"GCO2E_EUR",2022,2
"EEIO_UK","FR","10.71A","IC",151,"GCO2E_EUR",2022,2
"EEIO_UK","FR","10.71A","PRD",153,"GCO2E_EUR",2022,2
"EEIO_UK","FR","10.71B","FD",156,"GCO2E_EUR",2022,2
"EEIO_UK","FR","10.71B","GVA",156,"GCO2E_EUR",2022,2
"EEIO_UK","FR","10.71B","IC",151,"GCO2E_EUR",2022,2
"EEIO_UK","FR","10.71B","PRD",153,"GCO2E_EUR",2022,2
"EEIO_UK","FR","10.71C","FD",156,"GCO2E_EUR",2022,2
"EEIO_UK","FR","10.71C","GVA",156,"GCO2E_EUR",2022,2
"EEIO_UK","FR","10.71C","IC",151,"GCO2E_EUR",2022,2
"EEIO_UK","FR","10.71C","PRD",153,"GCO2E_EUR",2022,2
"EEIO_UK","FR","10.71D","FD",156,"GCO2E_EUR",2022,2
"EEIO_UK","FR","10.71D","GVA",156,"GCO2E_EUR",2022,2
"EEIO_UK","FR","10.71D","IC",151,"GCO2E_EUR",2022,2
"EEIO_UK","FR","10.71D","PRD",153,"GCO2E_EUR",2022,2
"EEIO_UK","FR","10.72Z","FD",156,"GCO2E_EUR",2022,2
"EEIO_UK","FR","10.72Z","GVA",156,"GCO2E_EUR",2022,2
"EEIO_UK","FR","10.72Z","IC",151,"GCO2E_EUR",2022,2
"EEIO_UK","FR","10.72Z","PRD",153,"GCO2E_EUR",2022,2
"EEIO_UK","FR","10.73Z","FD",156,"GCO2E_EUR",2022,2
"EEIO_UK","FR","10.73Z","GVA",156,"GCO2E_EUR",2022,2
"EEIO_UK","FR","10.73Z","IC",151,"GCO2E_EUR",2022,2
"EEIO_UK","FR","10.73Z","PRD",153,"GCO2E_EUR",2022,2
"EEIO_UK","FR","10.81Z","FD",179,"GCO2E_EUR",2022,3
"EEIO_UK","FR","10.81Z","GVA",243,"GCO2E_EUR",2022,3
"EEIO_UK","FR","10.81Z","IC",127,"GCO2E_EUR",2022,3
"EEIO_UK","FR","10.81Z","PRD",149,"GCO2E_EUR",2022,3
"EEIO_UK","FR","10.82Z","FD",179,"GCO2E_EUR",2022,3
"EEIO_UK","FR","10.82Z","GVA",243,"GCO2E_EUR",2022,3
"EEIO_UK","FR","10.82Z","IC",127,"GCO2E_EUR",2022,3
"EEIO_UK","FR","10.82Z","PRD",149,"GCO2E_EUR",2022,3
"EEIO_UK","FR","10.83Z","FD",179,"GCO2E_EUR",2022,3
"EEIO_UK","FR","10.83Z","GVA",243,"GCO2E_EUR",2022,3
"EEIO_UK","FR","10.83Z","IC",127,"GCO2E_EUR",2022,3
"EEIO_UK","FR","10.83Z","PRD",149,"GCO2E_EUR",2022,3
"EEIO_UK","FR","10.84Z","FD",179,"GCO2E_EUR",2022,3
"EEIO_UK","FR","10.84Z","GVA",243,"GCO2E_EUR",2022,3
"EEIO_UK","FR","10.84Z","IC",127,"GCO2E_EUR",2022,3
"EEIO_UK","FR","10.84Z","PRD",149,"GCO2E_EUR",2022,3
"EEIO_UK","FR","10.85Z","FD",179,"GCO2E_EUR",2022,3
"EEIO_UK","FR","10.85Z","GVA",243,"GCO2E_EUR",2022,3
"EEIO_UK","FR","10.85Z","IC",127,"GCO2E_EUR",2022,3
"EEIO_UK","FR","10.85Z","PRD",149,"GCO2E_EUR",2022,3
"EEIO_UK","FR","10.86Z","FD",179,"GCO2E_EUR",2022,3
"EEIO_UK","FR","10.86Z","GVA",243,"GCO2E_EUR",2022,3
"EEIO_UK","FR","10.86Z","IC",127,"GCO2E_EUR",2022,3
"EEIO_UK","FR","10.86Z","PRD",149,"GCO2E_EUR",2022,3
"EEIO_UK","FR","10.89Z","FD",179,"GCO2E_EUR",2022,3
"EEIO_UK","FR","10.89Z","GVA",243,"GCO2E_EUR",2022,3
"EEIO_UK","FR","10.89Z","IC",127,"GCO2E_EUR",2022,3
"EEIO_UK","FR","10.89Z","PRD",149,"GCO2E_EUR",2022,3
"EEIO_UK","FR","10.91Z","FD",338,"GCO2E_EUR",2022,2
"EEIO_UK","FR","10.91Z","GVA",234,"GCO2E_EUR",2022,2
"EEIO_UK","FR","10.91Z","IC",280,"GCO2E_EUR",2022,2
"EEIO_UK","FR","10.91Z","PRD",274,"GCO2E_EUR",2022,2
"EEIO_UK","FR","10.92Z","FD",338,"GCO2E_EUR",2022,2
"EEIO_UK","FR","10.92Z","GVA",234,"GCO2E_EUR",2022,2
"EEIO_UK","FR","10.92Z","IC",280,"GCO2E_EUR",2022,2
"EEIO_UK","FR","10.92Z","PRD",274,"GCO2E_EUR",2022,2
"EEIO_UK","FR","11.01Z","FD",242,"GCO2E_EUR",2022,2
"EEIO_UK","FR","11.01Z","GVA",197,"GCO2E_EUR",2022,2
"EEIO_UK","FR","11.01Z","IC",232,"GCO2E_EUR",2022,2
"EEIO_UK","FR","11.01Z","PRD",221,"GCO2E_EUR",2022,2
"EEIO_UK","FR","11.02A","FD",242,"GCO2E_EUR",2022,2
"EEIO_UK","FR","11.02A","GVA",197,"GCO2E_EUR",2022,2
"EEIO_UK","FR","11.02A","IC",232,"GCO2E_EUR",2022,2
"EEIO_UK","FR","11.02A","PRD",221,"GCO2E_EUR",2022,2
"EEIO_UK","FR","11.02B","FD",242,"GCO2E_EUR",2022,2
"EEIO_UK","FR","11.02B","GVA",197,"GCO2E_EUR",2022,2
"EEIO_UK","FR","11.02B","IC",232,"GCO2E_EUR",2022,2
"EEIO_UK","FR","11.02B","PRD",221,"GCO2E_EUR",2022,2
"EEIO_UK","FR","11.03Z","FD",242,"GCO2E_EUR",2022,2
"EEIO_UK","FR","11.03Z","GVA",197,"GCO2E_EUR",2022,2
"EEIO_UK","FR","11.03Z","IC",232,"GCO2E_EUR",2022,2
"EEIO_UK","FR","11.03Z","PRD",221,"GCO2E_EUR",2022,2
"EEIO_UK","FR","11.04Z","FD",242,"GCO2E_EUR",2022,2
"EEIO_UK","FR","11.04Z","GVA",197,"GCO2E_EUR",2022,2
"EEIO_UK","FR","11.04Z","IC",232,"GCO2E_EUR",2022,2
"EEIO_UK","FR","11.04Z","PRD",221,"GCO2E_EUR",2022,2
"EEIO_UK","FR","11.05Z","FD",242,"GCO2E_EUR",2022,2
"EEIO_UK","FR","11.05Z","GVA",197,"GCO2E_EUR",2022,2
"EEIO_UK","FR","11.05Z","IC",232,"GCO2E_EUR",2022,2
"EEIO_UK","FR","11.05Z","PRD",221,"GCO2E_EUR",2022,2
"EEIO_UK","FR","11.06Z","FD",242,"GCO2E_EUR",2022,2
"EEIO_UK","FR","11.06Z","GVA",197,"GCO2E_EUR",2022,2
"EEIO_UK","FR","11.06Z","IC",232,"GCO2E_EUR",2022,2
"EEIO_UK","FR","11.06Z","PRD",221,"GCO2E_EUR",2022,2
"EEIO_UK","FR","11.07A","FD",89,"GCO2E_EUR",2022,2
"EEIO_UK","FR","11.07A","GVA",55,"GCO2E_EUR",2022,2
"EEIO_UK","FR","11.07A","IC",94,"GCO2E_EUR",2022,2
"EEIO_UK","FR","11.07A","PRD",85,"GCO2E_EUR",2022,2
"EEIO_UK","FR","11.07B","FD",89,"GCO2E_EUR",2022,2
"EEIO_UK","FR","11.07B","GVA",55,"GCO2E_EUR",2022,2
"EEIO_UK","FR","11.07B","IC",94,"GCO2E_EUR",2022,2
"EEIO_UK","FR","11.07B","PRD",85,"GCO2E_EUR",2022,2
"EEIO_UK","FR","12.00Z","FD",242,"GCO2E_EUR",2022,3
"EEIO_UK","FR","12.00Z","GVA",197,"GCO2E_EUR",2022,3
"EEIO_UK","FR","12.00Z","IC",232,"GCO2E_EUR",2022,3
"EEIO_UK","FR","12.00Z","PRD",221,"GCO2E_EUR",2022,3
"EEIO_UK","FR","13.10Z","FD",60,"GCO2E_EUR",2022,3
"EEIO_UK","FR","13.10Z","GVA",78,"GCO2E_EUR",2022,3
"EEIO_UK","FR","13.10Z","IC",34,"GCO2E_EUR",2022,3
"EEIO_UK","FR","13.10Z","PRD",56,"GCO2E_EUR",2022,3
"EEIO_UK","FR","13.20Z","FD",60,"GCO2E_EUR",2022,3
"EEIO_UK","FR","13.20Z","GVA",78,"GCO2E_EUR",2022,3
"EEIO_UK","FR","13.20Z","IC",34,"GCO2E_EUR",2022,3
"EEIO_UK","FR","13.20Z","PRD",56,"GCO2E_EUR",2022,3
"EEIO_UK","FR","13.30Z","FD",60,"GCO2E_EUR",2022,3
"EEIO_UK","FR","13.30Z","GVA",78,"GCO2E_EUR",2022,3
"EEIO_UK","FR","13.30Z","IC",34,"GCO2E_EUR",2022,3
"EEIO_UK","FR","13.30Z","PRD",56,"GCO2E_EUR",2022,3
"EEIO_UK","FR","13.91Z","FD",60,"GCO2E_EUR",2022,3
"EEIO_UK","FR","13.91Z","GVA",78,"GCO2E_EUR",2022,3
"EEIO_UK","FR","13.91Z","IC",34,"GCO2E_EUR",2022,3
"EEIO_UK","FR","13.91Z","PRD",56,"GCO2E_EUR",2022,3
"EEIO_UK","FR","13.92Z","FD",60,"GCO2E_EUR",2022,3
"EEIO_UK","FR","13.92Z","GVA",78,"GCO2E_EUR",2022,3
"EEIO_UK","FR","13.92Z","IC",34,"GCO2E_EUR",2022,3
"EEIO_UK","FR","13.92Z","PRD",56,"GCO2E_EUR",2022,3
"EEIO_UK","FR","13.93Z","FD",60,"GCO2E_EUR",2022,3
"EEIO_UK","FR","13.93Z","GVA",78,"GCO2E_EUR",2022,3
"EEIO_UK","FR","13.93Z","IC",34,"GCO2E_EUR",2022,3
"EEIO_UK","FR","13.93Z","PRD",56,"GCO2E_EUR",2022,3
"EEIO_UK","FR","13.94Z","FD",60,"GCO2E_EUR",2022,3
"EEIO_UK","FR","13.94Z","GVA",78,"GCO2E_EUR",2022,3
"EEIO_UK","FR","13.94Z","IC",34,"GCO2E_EUR",2022,3
"EEIO_UK","FR","13.94Z","PRD",56,"GCO2E_EUR",2022,3
"EEIO_UK","FR","13.95Z","FD",60,"GCO2E_EUR",2022,3
"EEIO_UK","FR","13.95Z","GVA",78,"GCO2E_EUR",2022,3
"EEIO_UK","FR","13.95Z","IC",34,"GCO2E_EUR",2022,3
"EEIO_UK","FR","13.95Z","PRD",56,"GCO2E_EUR",2022,3
"EEIO_UK","FR","13.96Z","FD",60,"GCO2E_EUR",2022,3
"EEIO_UK","FR","13.96Z","GVA",78,"GCO2E_EUR",2022,3
"EEIO_UK","FR","13.96Z","IC",34,"GCO2E_EUR",2022,3
"EEIO_UK","FR","13.96Z","PRD",56,"GCO2E_EUR",2022,3
"EEIO_UK","FR","13.99Z","FD",60,"GCO2E_EUR",2022,3
"EEIO_UK","FR","13.99Z","GVA",78,"GCO2E_EUR",2022,3
"EEIO_UK","FR","13.99Z","IC",34,"GCO2E_EUR",2022,3
"EEIO_UK","FR","13.99Z","PRD",56,"GCO2E_EUR",2022,3
"EEIO_UK","FR","14.11Z","FD",11,"GCO2E_EUR",2022,3
"EEIO_UK","FR","14.11Z","GVA",0,"GCO2E_EUR",2022,3
"EEIO_UK","FR","14.11Z","IC",21,"GCO2E_EUR",2022,3
"EEIO_UK","FR","14.11Z","PRD",11,"GCO2E_EUR",2022,3
"EEIO_UK","FR","14.12Z","FD",11,"GCO2E_EUR",2022,3
"EEIO_UK","FR","14.12Z","GVA",0,"GCO2E_EUR",2022,3
"EEIO_UK","FR","14.12Z","IC",21,"GCO2E_EUR",2022,3
"EEIO_UK","FR","14.12Z","PRD",11,"GCO2E_EUR",2022,3
"EEIO_UK","FR","14.13Z","FD",11,"GCO2E_EUR",2022,3
"EEIO_UK","FR","14.13Z","GVA",0,"GCO2E_EUR",2022,3
"EEIO_UK","FR","14.13Z","IC",21,"GCO2E_EUR",2022,3
"EEIO_UK","FR","14.13Z","PRD",11,"GCO2E_EUR",2022,3
"EEIO_UK","FR","14.14Z","FD",11,"GCO2E_EUR",2022,3
"EEIO_UK","FR","14.14Z","GVA",0,"GCO2E_EUR",2022,3
"EEIO_UK","FR","14.14Z","IC",21,"GCO2E_EUR",2022,3
"EEIO_UK","FR","14.14Z","PRD",11,"GCO2E_EUR",2022,3
"EEIO_UK","FR","14.19Z","FD",11,"GCO2E_EUR",2022,3
"EEIO_UK","FR","14.19Z","GVA",0,"GCO2E_EUR",2022,3
"EEIO_UK","FR","14.19Z","IC",21,"GCO2E_EUR",2022,3
"EEIO_UK","FR","14.19Z","PRD",11,"GCO2E_EUR",2022,3
"EEIO_UK","FR","14.20Z","FD",11,"GCO2E_EUR",2022,3
"EEIO_UK","FR","14.20Z","GVA",0,"GCO2E_EUR",2022,3
"EEIO_UK","FR","14.20Z","IC",21,"GCO2E_EUR",2022,3
"EEIO_UK","FR","14.20Z","PRD",11,"GCO2E_EUR",2022,3
"EEIO_UK","FR","14.31Z","FD",11,"GCO2E_EUR",2022,3
"EEIO_UK","FR","14.31Z","GVA",0,"GCO2E_EUR",2022,3
"EEIO_UK","FR","14.31Z","IC",21,"GCO2E_EUR",2022,3
"EEIO_UK","FR","14.31Z","PRD",11,"GCO2E_EUR",2022,3
"EEIO_UK","FR","14.39Z","FD",11,"GCO2E_EUR",2022,3
"EEIO_UK","FR","14.39Z","GVA",0,"GCO2E_EUR",2022,3
"EEIO_UK","FR","14.39Z","IC",21,"GCO2E_EUR",2022,3
"EEIO_UK","FR","14.39Z","PRD",11,"GCO2E_EUR",2022,3
"EEIO_UK","FR","15.11Z","FD",45,"GCO2E_EUR",2022,3
"EEIO_UK","FR","15.11Z","GVA",61,"GCO2E_EUR",2022,3
"EEIO_UK","FR","15.11Z","IC",37,"GCO2E_EUR",2022,3
"EEIO_UK","FR","15.11Z","PRD",44,"GCO2E_EUR",2022,3
"EEIO_UK","FR","15.12Z","FD",45,"GCO2E_EUR",2022,3
"EEIO_UK","FR","15.12Z","GVA",61,"GCO2E_EUR",2022,3
"EEIO_UK","FR","15.12Z","IC",37,"GCO2E_EUR",2022,3
"EEIO_UK","FR","15.12Z","PRD",44,"GCO2E_EUR",2022,3
"EEIO_UK","FR","15.20Z","FD",45,"GCO2E_EUR",2022,3
"EEIO_UK","FR","15.20Z","GVA",61,"GCO2E_EUR",2022,3
"EEIO_UK","FR","15.20Z","IC",37,"GCO2E_EUR",2022,3
"EEIO_UK","FR","15.20Z","PRD",44,"GCO2E_EUR",2022,3
"EEIO_UK","FR","16.10A","FD",61,"GCO2E_EUR",2022,4
"EEIO_UK","FR","16.10A","GVA",72,"GCO2E_EUR",2022,4
"EEIO_UK","FR","16.10A","IC",30,"GCO2E_EUR",2022,4
"EEIO_UK","FR","16.10A","PRD",45,"GCO2E_EUR",2022,4
"EEIO_UK","FR","16.10B","FD",61,"GCO2E_EUR",2022,4
"EEIO_UK","FR","16.10B","GVA",72,"GCO2E_EUR",2022,4
"EEIO_UK","FR","16.10B","IC",30,"GCO2E_EUR",2022,4
"EEIO_UK","FR","16.10B","PRD",45,"GCO2E_EUR",2022,4
"EEIO_UK","FR","16.21Z","FD",61,"GCO2E_EUR",2022,4
"EEIO_UK","FR","16.21Z","GVA",72,"GCO2E_EUR",2022,4
"EEIO_UK","FR","16.21Z","IC",30,"GCO2E_EUR",2022,4
"EEIO_UK","FR","16.21Z","PRD",45,"GCO2E_EUR",2022,4
"EEIO_UK","FR","16.22Z","FD",61,"GCO2E_EUR",2022,4
"EEIO_UK","FR","16.22Z","GVA",72,"GCO2E_EUR",2022,4
"EEIO_UK","FR","16.22Z","IC",30,"GCO2E_EUR",2022,4
"EEIO_UK","FR","16.22Z","PRD",45,"GCO2E_EUR",2022,4
"EEIO_UK","FR","16.23Z","FD",61,"GCO2E_EUR",2022,4
"EEIO_UK","FR","16.23Z","GVA",72,"GCO2E_EUR",2022,4
"EEIO_UK","FR","16.23Z","IC",30,"GCO2E_EUR",2022,4
"EEIO_UK","FR","16.23Z","PRD",45,"GCO2E_EUR",2022,4
"EEIO_UK","FR","16.24Z","FD",61,"GCO2E_EUR",2022,4
"EEIO_UK","FR","16.24Z","GVA",72,"GCO2E_EUR",2022,4
"EEIO_UK","FR","16.24Z","IC",30,"GCO2E_EUR",2022,4
"EEIO_UK","FR","16.24Z","PRD",45,"GCO2E_EUR",2022,4
"EEIO_UK","FR","16.29Z","FD",61,"GCO2E_EUR",2022,4
"EEIO_UK","FR","16.29Z","GVA",72,"GCO2E_EUR",2022,4
"EEIO_UK","FR","16.29Z","IC",30,"GCO2E_EUR",2022,4
"EEIO_UK","FR","16.29Z","PRD",45,"GCO2E_EUR",2022,4
"EEIO_UK","FR","17.11Z","FD",167,"GCO2E_EUR",2022,4
"EEIO_UK","FR","17.11Z","GVA",363,"GCO2E_EUR",2022,4
"EEIO_UK","FR","17.11Z","IC",49,"GCO2E_EUR",2022,4
"EEIO_UK","FR","17.11Z","PRD",148,"GCO2E_EUR",2022,4
"EEIO_UK","FR","17.12Z","FD",167,"GCO2E_EUR",2022,4
"EEIO_UK","FR","17.12Z","GVA",363,"GCO2E_EUR",2022,4
"EEIO_UK","FR","17.12Z","IC",49,"GCO2E_EUR",2022,4
"EEIO_UK","FR","17.12Z","PRD",148,"GCO2E_EUR",2022,4
"EEIO_UK","FR","17.21A","FD",167,"GCO2E_EUR",2022,4
"EEIO_UK","FR","17.21A","GVA",363,"GCO2E_EUR",2022,4
"EEIO_UK","FR","17.21A","IC",49,"GCO2E_EUR",2022,4
"EEIO_UK","FR","17.21A","PRD",148,"GCO2E_EUR",2022,4
"EEIO_UK","FR","17.21B","FD",167,"GCO2E_EUR",2022,4
"EEIO_UK","FR","17.21B","GVA",363,"GCO2E_EUR",2022,4
"EEIO_UK","FR","17.21B","IC",49,"GCO2E_EUR",2022,4
"EEIO_UK","FR","17.21B","PRD",148,"GCO2E_EUR",2022,4
"EEIO_UK","FR","17.21C","FD",167,"GCO2E_EUR",2022,4
"EEIO_UK","FR","17.21C","GVA",363,"GCO2E_EUR",2022,4
"EEIO_UK","FR","17.21C","IC",49,"GCO2E_EUR",2022,4
"EEIO_UK","FR","17.21C","PRD",148,"GCO2E_EUR",2022,4
"EEIO_UK","FR","17.22Z","FD",167,"GCO2E_EUR",2022,4
"EEIO_UK","FR","17.22Z","GVA",363,"GCO2E_EUR",2022,4
"EEIO_UK","FR","17.22Z","IC",49,"GCO2E_EUR",2022,4
"EEIO_UK","FR","17.22Z","PRD",148,"GCO2E_EUR",2022,4
"EEIO_UK","FR","17.23Z","FD",167,"GCO2E_EUR",2022,4
"EEIO_UK","FR","17.23Z","GVA",363,"GCO2E_EUR",2022,4
"EEIO_UK","FR","17.23Z","IC",49,"GCO2E_EUR",2022,4
"EEIO_UK","FR","17.23Z","PRD",148,"GCO2E_EUR",2022,4
"EEIO_UK","FR","17.24Z","FD",167,"GCO2E_EUR",2022,4
"EEIO_UK","FR","17.24Z","GVA",363,"GCO2E_EUR",2022,4
"EEIO_UK","FR","17.24Z","IC",49,"GCO2E_EUR",2022,4
"EEIO_UK","FR","17.24Z","PRD",148,"GCO2E_EUR",2022,4
"EEIO_UK","FR","17.29Z","FD",167,"GCO2E_EUR",2022,4
"EEIO_UK","FR","17.29Z","GVA",363,"GCO2E_EUR",2022,4
"EEIO_UK","FR","17.29Z","IC",49,"GCO2E_EUR",2022,4
"EEIO_UK","FR","17.29Z","PRD",148,"GCO2E_EUR",2022,4
"EEIO_UK","FR","18.11Z","FD",78,"GCO2E_EUR",2022,4
"EEIO_UK","FR","18.11Z","GVA",72,"GCO2E_EUR",2022,4
"EEIO_UK","FR","18.11Z","IC",71,"GCO2E_EUR",2022,4
"EEIO_UK","FR","18.11Z","PRD",71,"GCO2E_EUR",2022,4
"EEIO_UK","FR","18.12Z","FD",78,"GCO2E_EUR",2022,4
"EEIO_UK","FR","18.12Z","GVA",72,"GCO2E_EUR",2022,4
"EEIO_UK","FR","18.12Z","IC",71,"GCO2E_EUR",2022,4
"EEIO_UK","FR","18.12Z","PRD",71,"GCO2E_EUR",2022,4
"EEIO_UK","FR","18.13Z","FD",78,"GCO2E_EUR",2022,4
"EEIO_UK","FR","18.13Z","GVA",72,"GCO2E_EUR",2022,4
"EEIO_UK","FR","18.13Z","IC",71,"GCO2E_EUR",2022,4
"EEIO_UK","FR","18.13Z","PRD",71,"GCO2E_EUR",2022,4
"EEIO_UK","FR","18.14Z","FD",78,"GCO2E_EUR",2022,4
"EEIO_UK","FR","18.14Z","GVA",72,"GCO2E_EUR",2022,4
"EEIO_UK","FR","18.14Z","IC",71,"GCO2E_EUR",2022,4
"EEIO_UK","FR","18.14Z","PRD",71,"GCO2E_EUR",2022,4
"EEIO_UK","FR","18.20Z","FD",78,"GCO2E_EUR",2022,4
"EEIO_UK","FR","18.20Z","GVA",72,"GCO2E_EUR",2022,4
"EEIO_UK","FR","18.20Z","IC",71,"GCO2E_EUR",2022,4
"EEIO_UK","FR","18.20Z","PRD",71,"GCO2E_EUR",2022,4
"EEIO_UK","FR","19.10Z","FD",224,"GCO2E_EUR",2022,4
"EEIO_UK","FR","19.10Z","GVA",2663,"GCO2E_EUR",2022,4
"EEIO_UK","FR","19.10Z","IC",43,"GCO2E_EUR",2022,4
"EEIO_UK","FR","19.10Z","PRD",218,"GCO2E_EUR",2022,4
"EEIO_UK","FR","19.20Z","FD",224,"GCO2E_EUR",2022,4
"EEIO_UK","FR","19.20Z","GVA",2663,"GCO2E_EUR",2022,4
"EEIO_UK","FR","19.20Z","IC",43,"GCO2E_EUR",2022,4
"EEIO_UK","FR","19.20Z","PRD",218,"GCO2E_EUR",2022,4
"EEIO_UK","FR","20.11Z","FD",608,"GCO2E_EUR",2022,3
"EEIO_UK","FR","20.11Z","GVA",9693,"GCO2E_EUR",2022,3
"EEIO_UK","FR","20.11Z","IC",12,"GCO2E_EUR",2022,3
"EEIO_UK","FR","20.11Z","PRD",557,"GCO2E_EUR",2022,3
"EEIO_UK","FR","20.12Z","FD",325,"GCO2E_EUR",2022,3
"EEIO_UK","FR","20.12Z","GVA",695,"GCO2E_EUR",2022,3
"EEIO_UK","FR","20.12Z","IC",25,"GCO2E_EUR",2022,3
"EEIO_UK","FR","20.12Z","PRD",316,"GCO2E_EUR",2022,3
"EEIO_UK","FR","20.13A","FD",608,"GCO2E_EUR",2022,3
"EEIO_UK","FR","20.13A","GVA",9693,"GCO2E_EUR",2022,3
"EEIO_UK","FR","20.13A","IC",12,"GCO2E_EUR",2022,3
"EEIO_UK","FR","20.13A","PRD",557,"GCO2E_EUR",2022,3
"EEIO_UK","FR","20.13B","FD",608,"GCO2E_EUR",2022,3
"EEIO_UK","FR","20.13B","GVA",9693,"GCO2E_EUR",2022,3
"EEIO_UK","FR","20.13B","IC",12,"GCO2E_EUR",2022,3
"EEIO_UK","FR","20.13B","PRD",557,"GCO2E_EUR",2022,3
"EEIO_UK","FR","20.14Z","FD",411,"GCO2E_EUR",2022,3
"EEIO_UK","FR","20.14Z","GVA",2379,"GCO2E_EUR",2022,3
"EEIO_UK","FR","20.14Z","IC",20,"GCO2E_EUR",2022,3
"EEIO_UK","FR","20.14Z","PRD",381,"GCO2E_EUR",2022,3
"EEIO_UK","FR","20.15Z","FD",608,"GCO2E_EUR",2022,3
"EEIO_UK","FR","20.15Z","GVA",9693,"GCO2E_EUR",2022,3
"EEIO_UK","FR","20.15Z","IC",12,"GCO2E_EUR",2022,3
"EEIO_UK","FR","20.15Z","PRD",557,"GCO2E_EUR",2022,3
"EEIO_UK","FR","20.16Z","FD",411,"GCO2E_EUR",2022,3
"EEIO_UK","FR","20.16Z","GVA",2379,"GCO2E_EUR",2022,3
"EEIO_UK","FR","20.16Z","IC",20,"GCO2E_EUR",2022,3
"EEIO_UK","FR","20.16Z","PRD",381,"GCO2E_EUR",2022,3
"EEIO_UK","FR","20.17Z","FD",411,"GCO2E_EUR",2022,3
"EEIO_UK","FR","20.17Z","GVA",2379,"GCO2E_EUR",2022,3
"EEIO_UK","FR","20.17Z","IC",20,"GCO2E_EUR",2022,3
"EEIO_UK","FR","20.17Z","PRD",381,"GCO2E_EUR",2022,3
"EEIO_UK","FR","20.20Z","FD",325,"GCO2E_EUR",2022,3
"EEIO_UK","FR","20.20Z","GVA",695,"GCO2E_EUR",2022,3
"EEIO_UK","FR","20.20Z","IC",25,"GCO2E_EUR",2022,3
"EEIO_UK","FR","20.20Z","PRD",316,"GCO2E_EUR",2022,3
"EEIO_UK","FR","20.30Z","FD",52,"GCO2E_EUR",2022,1
"EEIO_UK","FR","20.30Z","GVA",97,"GCO2E_EUR",2022,1
"EEIO_UK","FR","20.30Z","IC",32,"GCO2E_EUR",2022,1
"EEIO_UK","FR","20.30Z","PRD",51,"GCO2E_EUR",2022,1
"EEIO_UK","FR","20.41Z","FD",35,"GCO2E_EUR",2022,2
"EEIO_UK","FR","20.41Z","GVA",55,"GCO2E_EUR",2022,2
"EEIO_UK","FR","20.41Z","IC",16,"GCO2E_EUR",2022,2
"EEIO_UK","FR","20.41Z","PRD",35,"GCO2E_EUR",2022,2
"EEIO_UK","FR","20.42Z","FD",35,"GCO2E_EUR",2022,2
"EEIO_UK","FR","20.42Z","GVA",55,"GCO2E_EUR",2022,2
"EEIO_UK","FR","20.42Z","IC",16,"GCO2E_EUR",2022,2
"EEIO_UK","FR","20.42Z","PRD",35,"GCO2E_EUR",2022,2
"EEIO_UK","FR","20.51Z","FD",55,"GCO2E_EUR",2022,3
"EEIO_UK","FR","20.51Z","GVA",122,"GCO2E_EUR",2022,3
"EEIO_UK","FR","20.51Z","IC",17,"GCO2E_EUR",2022,3
"EEIO_UK","FR","20.51Z","PRD",52,"GCO2E_EUR",2022,3
"EEIO_UK","FR","20.52Z","FD",55,"GCO2E_EUR",2022,3
"EEIO_UK","FR","20.52Z","GVA",122,"GCO2E_EUR",2022,3
"EEIO_UK","FR","20.52Z","IC",17,"GCO2E_EUR",2022,3
"EEIO_UK","FR","20.52Z","PRD",52,"GCO2E_EUR",2022,3
"EEIO_UK","FR","20.53Z","FD",55,"GCO2E_EUR",2022,3
"EEIO_UK","FR","20.53Z","GVA",122,"GCO2E_EUR",2022,3
"EEIO_UK","FR","20.53Z","IC",17,"GCO2E_EUR",2022,3
"EEIO_UK","FR","20.53Z","PRD",52,"GCO2E_EUR",2022,3
"EEIO_UK","FR","20.59Z","FD",55,"GCO2E_EUR",2022,3
"EEIO_UK","FR","20.59Z","GVA",122,"GCO2E_EUR",2022,3
"EEIO_UK","FR","20.59Z","IC",17,"GCO2E_EUR",2022,3
"EEIO_UK","FR","20.59Z","PRD",52,"GCO2E_EUR",2022,3
"EEIO_UK","FR","20.60Z","FD",411,"GCO2E_EUR",2022,3
"EEIO_UK","FR","20.60Z","GVA",2379,"GCO2E_EUR",2022,3
"EEIO_UK","FR","20.60Z","IC",20,"GCO2E_EUR",2022,3
"EEIO_UK","FR","20.60Z","PRD",381,"GCO2E_EUR",2022,3
"EEIO_UK","FR","21.10Z","FD",35,"GCO2E_EUR",2022,4
"EEIO_UK","FR","21.10Z","GVA",76,"GCO2E_EUR",2022,4
"EEIO_UK","FR","21.10Z","IC",5,"GCO2E_EUR",2022,4
"EEIO_UK","FR","21.10Z","PRD",33,"GCO2E_EUR",2022,4
"EEIO_UK","FR","21.20Z","FD",35,"GCO2E_EUR",2022,4
"EEIO_UK","FR","21.20Z","GVA",76,"GCO2E_EUR",2022,4
"EEIO_UK","FR","21.20Z","IC",5,"GCO2E_EUR",2022,4
"EEIO_UK","FR","21.20Z","PRD",33,"GCO2E_EUR",2022,4
"EEIO_UK","FR","22.11Z","FD",112,"GCO2E_EUR",2022,4
"EEIO_UK","FR","22.11Z","GVA",126,"GCO2E_EUR",2022,4
"EEIO_UK","FR","22.11Z","IC",97,"GCO2E_EUR",2022,4
"EEIO_UK","FR","22.11Z","PRD",104,"GCO2E_EUR",2022,4
"EEIO_UK","FR","22.19Z","FD",112,"GCO2E_EUR",2022,4
"EEIO_UK","FR","22.19Z","GVA",126,"GCO2E_EUR",2022,4
"EEIO_UK","FR","22.19Z","IC",97,"GCO2E_EUR",2022,4
"EEIO_UK","FR","22.19Z","PRD",104,"GCO2E_EUR",2022,4
"EEIO_UK","FR","22.21Z","FD",112,"GCO2E_EUR",2022,4
"EEIO_UK","FR","22.21Z","GVA",126,"GCO2E_EUR",2022,4
"EEIO_UK","FR","22.21Z","IC",97,"GCO2E_EUR",2022,4
"EEIO_UK","FR","22.21Z","PRD",104,"GCO2E_EUR",2022,4
"EEIO_UK","FR","22.22Z","FD",112,"GCO2E_EUR",2022,4
"EEIO_UK","FR","22.22Z","GVA",126,"GCO2E_EUR",2022,4
"EEIO_UK","FR","22.22Z","IC",97,"GCO2E_EUR",2022,4
"EEIO_UK","FR","22.22Z","PRD",104,"GCO2E_EUR",2022,4
"EEIO_UK","FR","22.23Z","FD",112,"GCO2E_EUR",2022,4
"EEIO_UK","FR","22.23Z","GVA",126,"GCO2E_EUR",2022,4
"EEIO_UK","FR","22.23Z","IC",97,"GCO2E_EUR",2022,4
"EEIO_UK","FR","22.23Z","PRD",104,"GCO2E_EUR",2022,4
"EEIO_UK","FR","22.29A","FD",112,"GCO2E_EUR",2022,4
"EEIO_UK","FR","22.29A","GVA",126,"GCO2E_EUR",2022,4
"EEIO_UK","FR","22.29A","IC",97,"GCO2E_EUR",2022,4
"EEIO_UK","FR","22.29A","PRD",104,"GCO2E_EUR",2022,4
"EEIO_UK","FR","22.29B","FD",112,"GCO2E_EUR",2022,4
"EEIO_UK","FR","22.29B","GVA",126,"GCO2E_EUR",2022,4
"EEIO_UK","FR","22.29B","IC",97,"GCO2E_EUR",2022,4
"EEIO_UK","FR","22.29B","PRD",104,"GCO2E_EUR",2022,4
"EEIO_UK","FR","23.11Z","FD",425,"GCO2E_EUR",2022,3
"EEIO_UK","FR","23.11Z","GVA",904,"GCO2E_EUR",2022,3
"EEIO_UK","FR","23.11Z","IC",132,"GCO2E_EUR",2022,3
"EEIO_UK","FR","23.11Z","PRD",404,"GCO2E_EUR",2022,3
"EEIO_UK","FR","23.12Z","FD",425,"GCO2E_EUR",2022,3
"EEIO_UK","FR","23.12Z","GVA",904,"GCO2E_EUR",2022,3
"EEIO_UK","FR","23.12Z","IC",132,"GCO2E_EUR",2022,3
"EEIO_UK","FR","23.12Z","PRD",404,"GCO2E_EUR",2022,3
"EEIO_UK","FR","23.13Z","FD",425,"GCO2E_EUR",2022,3
"EEIO_UK","FR","23.13Z","GVA",904,"GCO2E_EUR",2022,3
"EEIO_UK","FR","23.13Z","IC",132,"GCO2E_EUR",2022,3
"EEIO_UK","FR","23.13Z","PRD",404,"GCO2E_EUR",2022,3
"EEIO_UK","FR","23.14Z","FD",425,"GCO2E_EUR",2022,3
"EEIO_UK","FR","23.14Z","GVA",904,"GCO2E_EUR",2022,3
"EEIO_UK","FR","23.14Z","IC",132,"GCO2E_EUR",2022,3
"EEIO_UK","FR","23.14Z","PRD",404,"GCO2E_EUR",2022,3
"EEIO_UK","FR","23.19Z","FD",425,"GCO2E_EUR",2022,3
"EEIO_UK","FR","23.19Z","GVA",904,"GCO2E_EUR",2022,3
"EEIO_UK","FR","23.19Z","IC",132,"GCO2E_EUR",2022,3
"EEIO_UK","FR","23.19Z","PRD",404,"GCO2E_EUR",2022,3
"EEIO_UK","FR","23.20Z","FD",425,"GCO2E_EUR",2022,3
"EEIO_UK","FR","23.20Z","GVA",904,"GCO2E_EUR",2022,3
"EEIO_UK","FR","23.20Z","IC",132,"GCO2E_EUR",2022,3
"EEIO_UK","FR","23.20Z","PRD",404,"GCO2E_EUR",2022,3
"EEIO_UK","FR","23.31Z","FD",425,"GCO2E_EUR",2022,3
"EEIO_UK","FR","23.31Z","GVA",904,"GCO2E_EUR",2022,3
"EEIO_UK","FR","23.31Z","IC",132,"GCO2E_EUR",2022,3
"EEIO_UK","FR","23.31Z","PRD",404,"GCO2E_EUR",2022,3
"EEIO_UK","FR","23.32Z","FD",425,"GCO2E_EUR",2022,3
"EEIO_UK","FR","23.32Z","GVA",904,"GCO2E_EUR",2022,3
"EEIO_UK","FR","23.32Z","IC",132,"GCO2E_EUR",2022,3
"EEIO_UK","FR","23.32Z","PRD",404,"GCO2E_EUR",2022,3
"EEIO_UK","FR","23.41Z","FD",425,"GCO2E_EUR",2022,3
"EEIO_UK","FR","23.41Z","GVA",904,"GCO2E_EUR",2022,3
"EEIO_UK","FR","23.41Z","IC",132,"GCO2E_EUR",2022,3
"EEIO_UK","FR","23.41Z","PRD",404,"GCO2E_EUR",2022,3
"EEIO_UK","FR","23.42Z","FD",425,"GCO2E_EUR",2022,3
"EEIO_UK","FR","23.42Z","GVA",904,"GCO2E_EUR",2022,3
"EEIO_UK","FR","23.42Z","IC",132,"GCO2E_EUR",2022,3
"EEIO_UK","FR","23.42Z","PRD",404,"GCO2E_EUR",2022,3
"EEIO_UK","FR","23.43Z","FD",425,"GCO2E_EUR",2022,3
"EEIO_UK","FR","23.43Z","GVA",904,"GCO2E_EUR",2022,3
"EEIO_UK","FR","23.43Z","IC",132,"GCO2E_EUR",2022,3
"EEIO_UK","FR","23.43Z","PRD",404,"GCO2E_EUR",2022,3
"EEIO_UK","FR","23.44Z","FD",425,"GCO2E_EUR",2022,3
"EEIO_UK","FR","23.44Z","GVA",904,"GCO2E_EUR",2022,3
"EEIO_UK","FR","23.44Z","IC",132,"GCO2E_EUR",2022,3
"EEIO_UK","FR","23.44Z","PRD",404,"GCO2E_EUR",2022,3
"EEIO_UK","FR","23.49Z","FD",425,"GCO2E_EUR",2022,3
"EEIO_UK","FR","23.49Z","GVA",904,"GCO2E_EUR",2022,3
"EEIO_UK","FR","23.49Z","IC",132,"GCO2E_EUR",2022,3
"EEIO_UK","FR","23.49Z","PRD",404,"GCO2E_EUR",2022,3
"EEIO_UK","FR","23.51Z","FD",958,"GCO2E_EUR",2022,3
"EEIO_UK","FR","23.51Z","GVA",2097,"GCO2E_EUR",2022,3
"EEIO_UK","FR","23.51Z","IC",108,"GCO2E_EUR",2022,3
"EEIO_UK","FR","23.51Z","PRD",892,"GCO2E_EUR",2022,3
"EEIO_UK","FR","23.52Z","FD",958,"GCO2E_EUR",2022,3
"EEIO_UK","FR","23.52Z","GVA",2097,"GCO2E_EUR",2022,3
"EEIO_UK","FR","23.52Z","IC",108,"GCO2E_EUR",2022,3
"EEIO_UK","FR","23.52Z","PRD",892,"GCO2E_EUR",2022,3
"EEIO_UK","FR","23.61Z","FD",958,"GCO2E_EUR",2022,3
"EEIO_UK","FR","23.61Z","GVA",2097,"GCO2E_EUR",2022,3
"EEIO_UK","FR","23.61Z","IC",108,"GCO2E_EUR",2022,3
"EEIO_UK","FR","23.61Z","PRD",892,"GCO2E_EUR",2022,3
"EEIO_UK","FR","23.62Z","FD",958,"GCO2E_EUR",2022,3
"EEIO_UK","FR","23.62Z","GVA",2097,"GCO2E_EUR",2022,3
"EEIO_UK","FR","23.62Z","IC",108,"GCO2E_EUR",2022,3
"EEIO_UK","FR","23.62Z","PRD",892,"GCO2E_EUR",2022,3
"EEIO_UK","FR","23.63Z","FD",958,"GCO2E_EUR",2022,3
"EEIO_UK","FR","23.63Z","GVA",2097,"GCO2E_EUR",2022,3
"EEIO_UK","FR","23.63Z","IC",108,"GCO2E_EUR",2022,3
"EEIO_UK","FR","23.63Z","PRD",892,"GCO2E_EUR",2022,3
"EEIO_UK","FR","23.64Z","FD",958,"GCO2E_EUR",2022,3
"EEIO_UK","FR","23.64Z","GVA",2097,"GCO2E_EUR",2022,3
"EEIO_UK","FR","23.64Z","IC",108,"GCO2E_EUR",2022,3
"EEIO_UK","FR","23.64Z","PRD",892,"GCO2E_EUR",2022,3
"EEIO_UK","FR","23.65Z","FD",958,"GCO2E_EUR",2022,3
"EEIO_UK","FR","23.65Z","GVA",2097,"GCO2E_EUR",2022,3
"EEIO_UK","FR","23.65Z","IC",108,"GCO2E_EUR",2022,3
"EEIO_UK","FR","23.65Z","PRD",892,"GCO2E_EUR",2022,3
"EEIO_UK","FR","23.69Z","FD",958,"GCO2E_EUR",2022,3
"EEIO_UK","FR","23.69Z","GVA",2097,"GCO2E_EUR",2022,3
"EEIO_UK","FR","23.69Z","IC",108,"GCO2E_EUR",2022,3
"EEIO_UK","FR","23.69Z","PRD",892,"GCO2E_EUR",2022,3
"EEIO_UK","FR","23.70Z","FD",425,"GCO2E_EUR",2022,3
"EEIO_UK","FR","23.70Z","GVA",904,"GCO2E_EUR",2022,3
"EEIO_UK","FR","23.70Z","IC",132,"GCO2E_EUR",2022,3
"EEIO_UK","FR","23.70Z","PRD",404,"GCO2E_EUR",2022,3
"EEIO_UK","FR","23.91Z","FD",425,"GCO2E_EUR",2022,3
"EEIO_UK","FR","23.91Z","GVA",904,"GCO2E_EUR",2022,3
"EEIO_UK","FR","23.91Z","IC",132,"GCO2E_EUR",2022,3
"EEIO_UK","FR","23.91Z","PRD",404,"GCO2E_EUR",2022,3
"EEIO_UK","FR","23.99Z","FD",425,"GCO2E_EUR",2022,3
"EEIO_UK","FR","23.99Z","GVA",904,"GCO2E_EUR",2022,3
"EEIO_UK","FR","23.99Z","IC",132,"GCO2E_EUR",2022,3
"EEIO_UK","FR","23.99Z","PRD",404,"GCO2E_EUR",2022,3
"EEIO_UK","FR","24.10Z","FD",751,"GCO2E_EUR",2022,3
"EEIO_UK","FR","24.10Z","GVA",5547,"GCO2E_EUR",2022,3
"EEIO_UK","FR","24.10Z","IC",30,"GCO2E_EUR",2022,3
"EEIO_UK","FR","24.10Z","PRD",681,"GCO2E_EUR",2022,3
"EEIO_UK","FR","24.20Z","FD",751,"GCO2E_EUR",2022,3
"EEIO_UK","FR","24.20Z","GVA",5547,"GCO2E_EUR",2022,3
"EEIO_UK","FR","24.20Z","IC",30,"GCO2E_EUR",2022,3
"EEIO_UK","FR","24.20Z","PRD",681,"GCO2E_EUR",2022,3
"EEIO_UK","FR","24.31Z","FD",751,"GCO2E_EUR",2022,3
"EEIO_UK","FR","24.31Z","GVA",5547,"GCO2E_EUR",2022,3
"EEIO_UK","FR","24.31Z","IC",30,"GCO2E_EUR",2022,3
"EEIO_UK","FR","24.31Z","PRD",681,"GCO2E_EUR",2022,3
"EEIO_UK","FR","24.32Z","FD",751,"GCO2E_EUR",2022,3
"EEIO_UK","FR","24.32Z","GVA",5547,"GCO2E_EUR",2022,3
"EEIO_UK","FR","24.32Z","IC",30,"GCO2E_EUR",2022,3
"EEIO_UK","FR","24.32Z","PRD",681,"GCO2E_EUR",2022,3
"EEIO_UK","FR","24.33Z","FD",751,"GCO2E_EUR",2022,3
"EEIO_UK","FR","24.33Z","GVA",5547,"GCO2E_EUR",2022,3
"EEIO_UK","FR","24.33Z","IC",30,"GCO2E_EUR",2022,3
"EEIO_UK","FR","24.33Z","PRD",681,"GCO2E_EUR",2022,3
"EEIO_UK","FR","24.34Z","FD",751,"GCO2E_EUR",2022,3
"EEIO_UK","FR","24.34Z","GVA",5547,"GCO2E_EUR",2022,3
"EEIO_UK","FR","24.34Z","IC",30,"GCO2E_EUR",2022,3
"EEIO_UK","FR","24.34Z","PRD",681,"GCO2E_EUR",2022,3
"EEIO_UK","FR","24.41Z","FD",152,"GCO2E_EUR",2022,3
"EEIO_UK","FR","24.41Z","GVA",348,"GCO2E_EUR",2022,3
"EEIO_UK","FR","24.41Z","IC",21,"GCO2E_EUR",2022,3
"EEIO_UK","FR","24.41Z","PRD",137,"GCO2E_EUR",2022,3
"EEIO_UK","FR","24.42Z","FD",152,"GCO2E_EUR",2022,3
"EEIO_UK","FR","24.42Z","GVA",348,"GCO2E_EUR",2022,3
"EEIO_UK","FR","24.42Z","IC",21,"GCO2E_EUR",2022,3
"EEIO_UK","FR","24.42Z","PRD",137,"GCO2E_EUR",2022,3
"EEIO_UK","FR","24.43Z","FD",152,"GCO2E_EUR",2022,3
"EEIO_UK","FR","24.43Z","GVA",348,"GCO2E_EUR",2022,3
"EEIO_UK","FR","24.43Z","IC",21,"GCO2E_EUR",2022,3
"EEIO_UK","FR","24.43Z","PRD",137,"GCO2E_EUR",2022,3
"EEIO_UK","FR","24.44Z","FD",152,"GCO2E_EUR",2022,3
"EEIO_UK","FR","24.44Z","GVA",348,"GCO2E_EUR",2022,3
"EEIO_UK","FR","24.44Z","IC",21,"GCO2E_EUR",2022,3
"EEIO_UK","FR","24.44Z","PRD",137,"GCO2E_EUR",2022,3
"EEIO_UK","FR","24.45Z","FD",152,"GCO2E_EUR",2022,3
"EEIO_UK","FR","24.45Z","GVA",348,"GCO2E_EUR",2022,3
"EEIO_UK","FR","24.45Z","IC",21,"GCO2E_EUR",2022,3
"EEIO_UK","FR","24.45Z","PRD",137,"GCO2E_EUR",2022,3
"EEIO_UK","FR","24.46Z","FD",152,"GCO2E_EUR",2022,3
"EEIO_UK","FR","24.46Z","GVA",348,"GCO2E_EUR",2022,3
"EEIO_UK","FR","24.46Z","IC",21,"GCO2E_EUR",2022,3
"EEIO_UK","FR","24.46Z","PRD",137,"GCO2E_EUR",2022,3
"EEIO_UK","FR","24.51Z","FD",152,"GCO2E_EUR",2022,3
"EEIO_UK","FR","24.51Z","GVA",348,"GCO2E_EUR",2022,3
"EEIO_UK","FR","24.51Z","IC",21,"GCO2E_EUR",2022,3
"EEIO_UK","FR","24.51Z","PRD",137,"GCO2E_EUR",2022,3
"EEIO_UK","FR","24.52Z","FD",152,"GCO2E_EUR",2022,3
"EEIO_UK","FR","24.52Z","GVA",348,"GCO2E_EUR",2022,3
"EEIO_UK","FR","24.52Z","IC",21,"GCO2E_EUR",2022,3
"EEIO_UK","FR","24.52Z","PRD",137,"GCO2E_EUR",2022,3
"EEIO_UK","FR","24.53Z","FD",152,"GCO2E_EUR",2022,3
"EEIO_UK","FR","24.53Z","GVA",348,"GCO2E_EUR",2022,3
"EEIO_UK","FR","24.53Z","IC",21,"GCO2E_EUR",2022,3
"EEIO_UK","FR","24.53Z","PRD",137,"GCO2E_EUR",2022,3
"EEIO_UK","FR","24.54Z","FD",152,"GCO2E_EUR",2022,3
"EEIO_UK","FR","24.54Z","GVA",348,"GCO2E_EUR",2022,3
"EEIO_UK","FR","24.54Z","IC",21,"GCO2E_EUR",2022,3
"EEIO_UK","FR","24.54Z","PRD",137,"GCO2E_EUR",2022,3
"EEIO_UK","FR","25.11Z","FD",118,"GCO2E_EUR",2022,4
"EEIO_UK","FR","25.11Z","GVA",47,"GCO2E_EUR",2022,4
"EEIO_UK","FR","25.11Z","IC",140,"GCO2E_EUR",2022,4
"EEIO_UK","FR","25.11Z","PRD",104,"GCO2E_EUR",2022,4
"EEIO_UK","FR","25.12Z","FD",118,"GCO2E_EUR",2022,4
"EEIO_UK","FR","25.12Z","GVA",47,"GCO2E_EUR",2022,4
"EEIO_UK","FR","25.12Z","IC",140,"GCO2E_EUR",2022,4
"EEIO_UK","FR","25.12Z","PRD",104,"GCO2E_EUR",2022,4
"EEIO_UK","FR","25.21Z","FD",118,"GCO2E_EUR",2022,4
"EEIO_UK","FR","25.21Z","GVA",47,"GCO2E_EUR",2022,4
"EEIO_UK","FR","25.21Z","IC",140,"GCO2E_EUR",2022,4
"EEIO_UK","FR","25.21Z","PRD",104,"GCO2E_EUR",2022,4
"EEIO_UK","FR","25.29Z","FD",118,"GCO2E_EUR",2022,4
"EEIO_UK","FR","25.29Z","GVA",47,"GCO2E_EUR",2022,4
"EEIO_UK","FR","25.29Z","IC",140,"GCO2E_EUR",2022,4
"EEIO_UK","FR","25.29Z","PRD",104,"GCO2E_EUR",2022,4
"EEIO_UK","FR","25.30Z","FD",118,"GCO2E_EUR",2022,4
"EEIO_UK","FR","25.30Z","GVA",47,"GCO2E_EUR",2022,4
"EEIO_UK","FR","25.30Z","IC",140,"GCO2E_EUR",2022,4
"EEIO_UK","FR","25.30Z","PRD",104,"GCO2E_EUR",2022,4
"EEIO_UK","FR","25.40Z","FD",118,"GCO2E_EUR",2022,4
"EEIO_UK","FR","25.40Z","GVA",47,"GCO2E_EUR",2022,4
"EEIO_UK","FR","25.40Z","IC",140,"GCO2E_EUR",2022,4
"EEIO_UK","FR","25.40Z","PRD",104,"GCO2E_EUR",2022,4
"EEIO_UK","FR","25.50A","FD",118,"GCO2E_EUR",2022,4
"EEIO_UK","FR","25.50A","GVA",47,"GCO2E_EUR",2022,4
"EEIO_UK","FR","25.50A","IC",140,"GCO2E_EUR",2022,4
"EEIO_UK","FR","25.50A","PRD",104,"GCO2E_EUR",2022,4
"EEIO_UK","FR","25.50B","FD",118,"GCO2E_EUR",2022,4
"EEIO_UK","FR","25.50B","GVA",47,"GCO2E_EUR",2022,4
"EEIO_UK","FR","25.50B","IC",140,"GCO2E_EUR",2022,4
"EEIO_UK","FR","25.50B","PRD",104,"GCO2E_EUR",2022,4
"EEIO_UK","FR","25.61Z","FD",118,"GCO2E_EUR",2022,4
"EEIO_UK","FR","25.61Z","GVA",47,"GCO2E_EUR",2022,4
"EEIO_UK","FR","25.61Z","IC",140,"GCO2E_EUR",2022,4
"EEIO_UK","FR","25.61Z","PRD",104,"GCO2E_EUR",2022,4
"EEIO_UK","FR","25.62A","FD",118,"GCO2E_EUR",2022,4
"EEIO_UK","FR","25.62A","GVA",47,"GCO2E_EUR",2022,4
"EEIO_UK","FR","25.62A","IC",140,"GCO2E_EUR",2022,4
"EEIO_UK","FR","25.62A","PRD",104,"GCO2E_EUR",2022,4
"EEIO_UK","FR","25.62B","FD",118,"GCO2E_EUR",2022,4
"EEIO_UK","FR","25.62B","GVA",47,"GCO2E_EUR",2022,4
"EEIO_UK","FR","25.62B","IC",140,"GCO2E_EUR",2022,4
"EEIO_UK","FR","25.62B","PRD",104,"GCO2E_EUR",2022,4
"EEIO_UK","FR","25.71Z","FD",118,"GCO2E_EUR",2022,4
"EEIO_UK","FR","25.71Z","GVA",47,"GCO2E_EUR",2022,4
"EEIO_UK","FR","25.71Z","IC",140,"GCO2E_EUR",2022,4
"EEIO_UK","FR","25.71Z","PRD",104,"GCO2E_EUR",2022,4
"EEIO_UK","FR","25.72Z","FD",118,"GCO2E_EUR",2022,4
"EEIO_UK","FR","25.72Z","GVA",47,"GCO2E_EUR",2022,4
"EEIO_UK","FR","25.72Z","IC",140,"GCO2E_EUR",2022,4
"EEIO_UK","FR","25.72Z","PRD",104,"GCO2E_EUR",2022,4
"EEIO_UK","FR","25.73A","FD",118,"GCO2E_EUR",2022,4
"EEIO_UK","FR","25.73A","GVA",47,"GCO2E_EUR",2022,4
"EEIO_UK","FR","25.73A","IC",140,"GCO2E_EUR",2022,4
"EEIO_UK","FR","25.73A","PRD",104,"GCO2E_EUR",2022,4
"EEIO_UK","FR","25.73B","FD",118,"GCO2E_EUR",2022,4
"EEIO_UK","FR","25.73B","GVA",47,"GCO2E_EUR",2022,4
"EEIO_UK","FR","25.73B","IC",140,"GCO2E_EUR",2022,4
"EEIO_UK","FR","25.73B","PRD",104,"GCO2E_EUR",2022,4
"EEIO_UK","FR","25.91Z","FD",118,"GCO2E_EUR",2022,4
"EEIO_UK","FR","25.91Z","GVA",47,"GCO2E_EUR",2022,4
"EEIO_UK","FR","25.91Z","IC",140,"GCO2E_EUR",2022,4
"EEIO_UK","FR","25.91Z","PRD",104,"GCO2E_EUR",2022,4
"EEIO_UK","FR","25.92Z","FD",118,"GCO2E_EUR",2022,4
"EEIO_UK","FR","25.92Z","GVA",47,"GCO2E_EUR",2022,4
"EEIO_UK","FR","25.92Z","IC",140,"GCO2E_EUR",2022,4
"EEIO_UK","FR","25.92Z","PRD",104,"GCO2E_EUR",2022,4
"EEIO_UK","FR","25.93Z","FD",118,"GCO2E_EUR",2022,4
"EEIO_UK","FR","25.93Z","GVA",47,"GCO2E_EUR",2022,4
"EEIO_UK","FR","25.93Z","IC",140,"GCO2E_EUR",2022,4
"EEIO_UK","FR","25.93Z","PRD",104,"GCO2E_EUR",2022,4
"EEIO_UK","FR","25.94Z","FD",118,"GCO2E_EUR",2022,4
"EEIO_UK","FR","25.94Z","GVA",47,"GCO2E_EUR",2022,4
"EEIO_UK","FR","25.94Z","IC",140,"GCO2E_EUR",2022,4
"EEIO_UK","FR","25.94Z","PRD",104,"GCO2E_EUR",2022,4
"EEIO_UK","FR","25.99A","FD",118,"GCO2E_EUR",2022,4
"EEIO_UK","FR","25.99A","GVA",47,"GCO2E_EUR",2022,4
"EEIO_UK","FR","25.99A","IC",140,"GCO2E_EUR",2022,4
"EEIO_UK","FR","25.99A","PRD",104,"GCO2E_EUR",2022,4
"EEIO_UK","FR","25.99B","FD",118,"GCO2E_EUR",2022,4
"EEIO_UK","FR","25.99B","GVA",47,"GCO2E_EUR",2022,4
"EEIO_UK","FR","25.99B","IC",140,"GCO2E_EUR",2022,4
"EEIO_UK","FR","25.99B","PRD",104,"GCO2E_EUR",2022,4
"EEIO_UK","FR","26.11Z","FD",13,"GCO2E_EUR",2022,4
"EEIO_UK","FR","26.11Z","GVA",17,"GCO2E_EUR",2022,4
"EEIO_UK","FR","26.11Z","IC",6,"GCO2E_EUR",2022,4
"EEIO_UK","FR","26.11Z","PRD",12,"GCO2E_EUR",2022,4
"EEIO_UK","FR","26.12Z","FD",13,"GCO2E_EUR",2022,4
"EEIO_UK","FR","26.12Z","GVA",17,"GCO2E_EUR",2022,4
"EEIO_UK","FR","26.12Z","IC",6,"GCO2E_EUR",2022,4
"EEIO_UK","FR","26.12Z","PRD",12,"GCO2E_EUR",2022,4
"EEIO_UK","FR","26.20Z","FD",13,"GCO2E_EUR",2022,4
"EEIO_UK","FR","26.20Z","GVA",17,"GCO2E_EUR",2022,4
"EEIO_UK","FR","26.20Z","IC",6,"GCO2E_EUR",2022,4
"EEIO_UK","FR","26.20Z","PRD",12,"GCO2E_EUR",2022,4
"EEIO_UK","FR","26.30Z","FD",13,"GCO2E_EUR",2022,4
"EEIO_UK","FR","26.30Z","GVA",17,"GCO2E_EUR",2022,4
"EEIO_UK","FR","26.30Z","IC",6,"GCO2E_EUR",2022,4
"EEIO_UK","FR","26.30Z","PRD",12,"GCO2E_EUR",2022,4
"EEIO_UK","FR","26.40Z","FD",13,"GCO2E_EUR",2022,4
"EEIO_UK","FR","26.40Z","GVA",17,"GCO2E_EUR",2022,4
"EEIO_UK","FR","26.40Z","IC",6,"GCO2E_EUR",2022,4
"EEIO_UK","FR","26.40Z","PRD",12,"GCO2E_EUR",2022,4
"EEIO_UK","FR","26.51A","FD",13,"GCO2E_EUR",2022,4
"EEIO_UK","FR","26.51A","GVA",17,"GCO2E_EUR",2022,4
"EEIO_UK","FR","26.51A","IC",6,"GCO2E_EUR",2022,4
"EEIO_UK","FR","26.51A","PRD",12,"GCO2E_EUR",2022,4
"EEIO_UK","FR","26.51B","FD",13,"GCO2E_EUR",2022,4
"EEIO_UK","FR","26.51B","GVA",17,"GCO2E_EUR",2022,4
"EEIO_UK","FR","26.51B","IC",6,"GCO2E_EUR",2022,4
"EEIO_UK","FR","26.51B","PRD",12,"GCO2E_EUR",2022,4
"EEIO_UK","FR","26.52Z","FD",13,"GCO2E_EUR",2022,4
"EEIO_UK","FR","26.52Z","GVA",17,"GCO2E_EUR",2022,4
"EEIO_UK","FR","26.52Z","IC",6,"GCO2E_EUR",2022,4
"EEIO_UK","FR","26.52Z","PRD",12,"GCO2E_EUR",2022,4
"EEIO_UK","FR","26.60Z","FD",13,"GCO2E_EUR",2022,4
"EEIO_UK","FR","26.60Z","GVA",17,"GCO2E_EUR",2022,4
"EEIO_UK","FR","26.60Z","IC",6,"GCO2E_EUR",2022,4
"EEIO_UK","FR","26.60Z","PRD",12,"GCO2E_EUR",2022,4
"EEIO_UK","FR","26.70Z","FD",13,"GCO2E_EUR",2022,4
"EEIO_UK","FR","26.70Z","GVA",17,"GCO2E_EUR",2022,4
"EEIO_UK","FR","26.70Z","IC",6,"GCO2E_EUR",2022,4
"EEIO_UK","FR","26.70Z","PRD",12,"GCO2E_EUR",2022,4
"EEIO_UK","FR","26.80Z","FD",13,"GCO2E_EUR",2022,4
"EEIO_UK","FR","26.80Z","GVA",17,"GCO2E_EUR",2022,4
"EEIO_UK","FR","26.80Z","IC",6,"GCO2E_EUR",2022,4
"EEIO_UK","FR","26.80Z","PRD",12,"GCO2E_EUR",2022,4
"EEIO_UK","FR","27.11Z","FD",37,"GCO2E_EUR",2022,4
"EEIO_UK","FR","27.11Z","GVA",44,"GCO2E_EUR",2022,4
"EEIO_UK","FR","27.11Z","IC",32,"GCO2E_EUR",2022,4
"EEIO_UK","FR","27.11Z","PRD",36,"GCO2E_EUR",2022,4
"EEIO_UK","FR","27.12Z","FD",37,"GCO2E_EUR",2022,4
"EEIO_UK","FR","27.12Z","GVA",44,"GCO2E_EUR",2022,4
"EEIO_UK","FR","27.12Z","IC",32,"GCO2E_EUR",2022,4
"EEIO_UK","FR","27.12Z","PRD",36,"GCO2E_EUR",2022,4
"EEIO_UK","FR","27.20Z","FD",37,"GCO2E_EUR",2022,4
"EEIO_UK","FR","27.20Z","GVA",44,"GCO2E_EUR",2022,4
"EEIO_UK","FR","27.20Z","IC",32,"GCO2E_EUR",2022,4
"EEIO_UK","FR","27.20Z","PRD",36,"GCO2E_EUR",2022,4
"EEIO_UK","FR","27.31Z","FD",37,"GCO2E_EUR",2022,4
"EEIO_UK","FR","27.31Z","GVA",44,"GCO2E_EUR",2022,4
"EEIO_UK","FR","27.31Z","IC",32,"GCO2E_EUR",2022,4
"EEIO_UK","FR","27.31Z","PRD",36,"GCO2E_EUR",2022,4
"EEIO_UK","FR","27.32Z","FD",37,"GCO2E_EUR",2022,4
"EEIO_UK","FR","27.32Z","GVA",44,"GCO2E_EUR",2022,4
"EEIO_UK","FR","27.32Z","IC",32,"GCO2E_EUR",2022,4
"EEIO_UK","FR","27.32Z","PRD",36,"GCO2E_EUR",2022,4
"EEIO_UK","FR","27.33Z","FD",37,"GCO2E_EUR",2022,4
"EEIO_UK","FR","27.33Z","GVA",44,"GCO2E_EUR",2022,4
"EEIO_UK","FR","27.33Z","IC",32,"GCO2E_EUR",2022,4
"EEIO_UK","FR","27.33Z","PRD",36,"GCO2E_EUR",2022,4
"EEIO_UK","FR","27.40Z","FD",37,"GCO2E_EUR",2022,4
"EEIO_UK","FR","27.40Z","GVA",44,"GCO2E_EUR",2022,4
"EEIO_UK","FR","27.40Z","IC",32,"GCO2E_EUR",2022,4
"EEIO_UK","FR","27.40Z","PRD",36,"GCO2E_EUR",2022,4
"EEIO_UK","FR","27.51Z","FD",37,"GCO2E_EUR",2022,4
"EEIO_UK","FR","27.51Z","GVA",44,"GCO2E_EUR",2022,4
"EEIO_UK","FR","27.51Z","IC",32,"GCO2E_EUR",2022,4
"EEIO_UK","FR","27.51Z","PRD",36,"GCO2E_EUR",2022,4
"EEIO_UK","FR","27.52Z","FD",37,"GCO2E_EUR",2022,4
"EEIO_UK","FR","27.52Z","GVA",44,"GCO2E_EUR",2022,4
"EEIO_UK","FR","27.52Z","IC",32,"GCO2E_EUR",2022,4
"EEIO_UK","FR","27.52Z","PRD",36,"GCO2E_EUR",2022,4
"EEIO_UK","FR","27.90Z","FD",37,"GCO2E_EUR",2022,4
"EEIO_UK","FR","27.90Z","GVA",44,"GCO2E_EUR",2022,4
"EEIO_UK","FR","27.90Z","IC",32,"GCO2E_EUR",2022,4
"EEIO_UK","FR","27.90Z","PRD",36,"GCO2E_EUR",2022,4
"EEIO_UK","FR","28.11Z","FD",35,"GCO2E_EUR",2022,4
"EEIO_UK","FR","28.11Z","GVA",43,"GCO2E_EUR",2022,4
"EEIO_UK","FR","28.11Z","IC",30,"GCO2E_EUR",2022,4
"EEIO_UK","FR","28.11Z","PRD",34,"GCO2E_EUR",2022,4
"EEIO_UK","FR","28.12Z","FD",35,"GCO2E_EUR",2022,4
"EEIO_UK","FR","28.12Z","GVA",43,"GCO2E_EUR",2022,4
"EEIO_UK","FR","28.12Z","IC",30,"GCO2E_EUR",2022,4
"EEIO_UK","FR","28.12Z","PRD",34,"GCO2E_EUR",2022,4
"EEIO_UK","FR","28.13Z","FD",35,"GCO2E_EUR",2022,4
"EEIO_UK","FR","28.13Z","GVA",43,"GCO2E_EUR",2022,4
"EEIO_UK","FR","28.13Z","IC",30,"GCO2E_EUR",2022,4
"EEIO_UK","FR","28.13Z","PRD",34,"GCO2E_EUR",2022,4
"EEIO_UK","FR","28.14Z","FD",35,"GCO2E_EUR",2022,4
"EEIO_UK","FR","28.14Z","GVA",43,"GCO2E_EUR",2022,4
"EEIO_UK","FR","28.14Z","IC",30,"GCO2E_EUR",2022,4
"EEIO_UK","FR","28.14Z","PRD",34,"GCO2E_EUR",2022,4
"EEIO_UK","FR","28.15Z","FD",35,"GCO2E_EUR",2022,4
"EEIO_UK","FR","28.15Z","GVA",43,"GCO2E_EUR",2022,4
"EEIO_UK","FR","28.15Z","IC",30,"GCO2E_EUR",2022,4
"EEIO_UK","FR","28.15Z","PRD",34,"GCO2E_EUR",2022,4
"EEIO_UK","FR","28.21Z","FD",35,"GCO2E_EUR",2022,4
"EEIO_UK","FR","28.21Z","GVA",43,"GCO2E_EUR",2022,4
"EEIO_UK","FR","28.21Z","IC",30,"GCO2E_EUR",2022,4
"EEIO_UK","FR","28.21Z","PRD",34,"GCO2E_EUR",2022,4
"EEIO_UK","FR","28.22Z","FD",35,"GCO2E_EUR",2022,4
"EEIO_UK","FR","28.22Z","GVA",43,"GCO2E_EUR",2022,4
"EEIO_UK","FR","28.22Z","IC",30,"GCO2E_EUR",2022,4
"EEIO_UK","FR","28.22Z","PRD",34,"GCO2E_EUR",2022,4
"EEIO_UK","FR","28.23Z","FD",35,"GCO2E_EUR",2022,4
"EEIO_UK","FR","28.23Z","GVA",43,"GCO2E_EUR",2022,4
"EEIO_UK","FR","28.23Z","IC",30,"GCO2E_EUR",2022,4
"EEIO_UK","FR","28.23Z","PRD",34,"GCO2E_EUR",2022,4
"EEIO_UK","FR","28.24Z","FD",35,"GCO2E_EUR",2022,4
"EEIO_UK","FR","28.24Z","GVA",43,"GCO2E_EUR",2022,4
"EEIO_UK","FR","28.24Z","IC",30,"GCO2E_EUR",2022,4
"EEIO_UK","FR","28.24Z","PRD",34,"GCO2E_EUR",2022,4
"EEIO_UK","FR","28.25Z","FD",35,"GCO2E_EUR",2022,4
"EEIO_UK","FR","28.25Z","GVA",43,"GCO2E_EUR",2022,4
"EEIO_UK","FR","28.25Z","IC",30,"GCO2E_EUR",2022,4
"EEIO_UK","FR","28.25Z","PRD",34,"GCO2E_EUR",2022,4
"EEIO_UK","FR","28.29A","FD",35,"GCO2E_EUR",2022,4
"EEIO_UK","FR","28.29A","GVA",43,"GCO2E_EUR",2022,4
"EEIO_UK","FR","28.29A","IC",30,"GCO2E_EUR",2022,4
"EEIO_UK","FR","28.29A","PRD",34,"GCO2E_EUR",2022,4
"EEIO_UK","FR","28.29B","FD",35,"GCO2E_EUR",2022,4
"EEIO_UK","FR","28.29B","GVA",43,"GCO2E_EUR",2022,4
"EEIO_UK","FR","28.29B","IC",30,"GCO2E_EUR",2022,4
"EEIO_UK","FR","28.29B","PRD",34,"GCO2E_EUR",2022,4
"EEIO_UK","FR","28.30Z","FD",35,"GCO2E_EUR",2022,4
"EEIO_UK","FR","28.30Z","GVA",43,"GCO2E_EUR",2022,4
"EEIO_UK","FR","28.30Z","IC",30,"GCO2E_EUR",2022,4
"EEIO_UK","FR","28.30Z","PRD",34,"GCO2E_EUR",2022,4
"EEIO_UK","FR","28.41Z","FD",35,"GCO2E_EUR",2022,4
"EEIO_UK","FR","28.41Z","GVA",43,"GCO2E_EUR",2022,4
"EEIO_UK","FR","28.41Z","IC",30,"GCO2E_EUR",2022,4
"EEIO_UK","FR","28.41Z","PRD",34,"GCO2E_EUR",2022,4
"EEIO_UK","FR","28.49Z","FD",35,"GCO2E_EUR",2022,4
"EEIO_UK","FR","28.49Z","GVA",43,"GCO2E_EUR",2022,4
"EEIO_UK","FR","28.49Z","IC",30,"GCO2E_EUR",2022,4
"EEIO_UK","FR","28.49Z","PRD",34,"GCO2E_EUR",2022,4
"EEIO_UK","FR","28.91Z","FD",35,"GCO2E_EUR",2022,4
"EEIO_UK","FR","28.91Z","GVA",43,"GCO2E_EUR",2022,4
"EEIO_UK","FR","28.91Z","IC",30,"GCO2E_EUR",2022,4
"EEIO_UK","FR","28.91Z","PRD",34,"GCO2E_EUR",2022,4
"EEIO_UK","FR","28.92Z","FD",35,"GCO2E_EUR",2022,4
"EEIO_UK","FR","28.92Z","GVA",43,"GCO2E_EUR",2022,4
"EEIO_UK","FR","28.92Z","IC",30,"GCO2E_EUR",2022,4
"EEIO_UK","FR","28.92Z","PRD",34,"GCO2E_EUR",2022,4
"EEIO_UK","FR","28.93Z","FD",35,"GCO2E_EUR",2022,4
"EEIO_UK","FR","28.93Z","GVA",43,"GCO2E_EUR",2022,4
"EEIO_UK","FR","28.93Z","IC",30,"GCO2E_EUR",2022,4
"EEIO_UK","FR","28.93Z","PRD",34,"GCO2E_EUR",2022,4
"EEIO_UK","FR","28.94Z","FD",35,"GCO2E_EUR",2022,4
"EEIO_UK","FR","28.94Z","GVA",43,"GCO2E_EUR",2022,4
"EEIO_UK","FR","28.94Z","IC",30,"GCO2E_EUR",2022,4
"EEIO_UK","FR","28.94Z","PRD",34,"GCO2E_EUR",2022,4
"EEIO_UK","FR","28.95Z","FD",35,"GCO2E_EUR",2022,4
"EEIO_UK","FR","28.95Z","GVA",43,"GCO2E_EUR",2022,4
"EEIO_UK","FR","28.95Z","IC",30,"GCO2E_EUR",2022,4
"EEIO_UK","FR","28.95Z","PRD",34,"GCO2E_EUR",2022,4
"EEIO_UK","FR","28.96Z","FD",35,"GCO2E_EUR",2022,4
"EEIO_UK","FR","28.96Z","GVA",43,"GCO2E_EUR",2022,4
"EEIO_UK","FR","28.96Z","IC",30,"GCO2E_EUR",2022,4
"EEIO_UK","FR","28.96Z","PRD",34,"GCO2E_EUR",2022,4
"EEIO_UK","FR","28.99A","FD",35,"GCO2E_EUR",2022,4
"EEIO_UK","FR","28.99A","GVA",43,"GCO2E_EUR",2022,4
"EEIO_UK","FR","28.99A","IC",30,"GCO2E_EUR",2022,4
"EEIO_UK","FR","28.99A","PRD",34,"GCO2E_EUR",2022,4
"EEIO_UK","FR","28.99B","FD",35,"GCO2E_EUR",2022,4
"EEIO_UK","FR","28.99B","GVA",43,"GCO2E_EUR",2022,4
"EEIO_UK","FR","28.99B","IC",30,"GCO2E_EUR",2022,4
"EEIO_UK","FR","28.99B","PRD",34,"GCO2E_EUR",2022,4
"EEIO_UK","FR","29.10Z","FD",36,"GCO2E_EUR",2022,4
"EEIO_UK","FR","29.10Z","GVA",57,"GCO2E_EUR",2022,4
"EEIO_UK","FR","29.10Z","IC",25,"GCO2E_EUR",2022,4
"EEIO_UK","FR","29.10Z","PRD",31,"GCO2E_EUR",2022,4
"EEIO_UK","FR","29.20Z","FD",36,"GCO2E_EUR",2022,4
"EEIO_UK","FR","29.20Z","GVA",57,"GCO2E_EUR",2022,4
"EEIO_UK","FR","29.20Z","IC",25,"GCO2E_EUR",2022,4
"EEIO_UK","FR","29.20Z","PRD",31,"GCO2E_EUR",2022,4
"EEIO_UK","FR","29.31Z","FD",36,"GCO2E_EUR",2022,4
"EEIO_UK","FR","29.31Z","GVA",57,"GCO2E_EUR",2022,4
"EEIO_UK","FR","29.31Z","IC",25,"GCO2E_EUR",2022,4
"EEIO_UK","FR","29.31Z","PRD",31,"GCO2E_EUR",2022,4
"EEIO_UK","FR","29.32Z","FD",36,"GCO2E_EUR",2022,4
"EEIO_UK","FR","29.32Z","GVA",57,"GCO2E_EUR",2022,4
"EEIO_UK","FR","29.32Z","IC",25,"GCO2E_EUR",2022,4
"EEIO_UK","FR","29.32Z","PRD",31,"GCO2E_EUR",2022,4
"EEIO_UK","FR","30.11Z","FD",11,"GCO2E_EUR",2022,2
"EEIO_UK","FR","30.11Z","GVA",14,"GCO2E_EUR",2022,2
"EEIO_UK","FR","30.11Z","IC",8,"GCO2E_EUR",2022,2
"EEIO_UK","FR","30.11Z","PRD",10,"GCO2E_EUR",2022,2
"EEIO_UK","FR","30.12Z","FD",11,"GCO2E_EUR",2022,2
"EEIO_UK","FR","30.12Z","GVA",14,"GCO2E_EUR",2022,2
"EEIO_UK","FR","30.12Z","IC",8,"GCO2E_EUR",2022,2
"EEIO_UK","FR","30.12Z","PRD",10,"GCO2E_EUR",2022,2
"EEIO_UK","FR","30.20Z","FD",11,"GCO2E_EUR",2022,3
"EEIO_UK","FR","30.20Z","GVA",9,"GCO2E_EUR",2022,3
"EEIO_UK","FR","30.20Z","IC",10,"GCO2E_EUR",2022,3
"EEIO_UK","FR","30.20Z","PRD",10,"GCO2E_EUR",2022,3
"EEIO_UK","FR","30.30Z","FD",13,"GCO2E_EUR",2022,1
"EEIO_UK","FR","30.30Z","GVA",9,"GCO2E_EUR",2022,1
"EEIO_UK","FR","30.30Z","IC",13,"GCO2E_EUR",2022,1
"EEIO_UK","FR","30.30Z","PRD",12,"GCO2E_EUR",2022,1
"EEIO_UK","FR","30.40Z","FD",11,"GCO2E_EUR",2022,3
"EEIO_UK","FR","30.40Z","GVA",9,"GCO2E_EUR",2022,3
"EEIO_UK","FR","30.40Z","IC",10,"GCO2E_EUR",2022,3
"EEIO_UK","FR","30.40Z","PRD",10,"GCO2E_EUR",2022,3
"EEIO_UK","FR","30.91Z","FD",11,"GCO2E_EUR",2022,3
"EEIO_UK","FR","30.91Z","GVA",9,"GCO2E_EUR",2022,3
"EEIO_UK","FR","30.91Z","IC",10,"GCO2E_EUR",2022,3
"EEIO_UK","FR","30.91Z","PRD",10,"GCO2E_EUR",2022,3
"EEIO_UK","FR","30.92Z","FD",11,"GCO2E_EUR",2022,3
"EEIO_UK","FR","30.92Z","GVA",9,"GCO2E_EUR",2022,3
"EEIO_UK","FR","30.92Z","IC",10,"GCO2E_EUR",2022,3
"EEIO_UK","FR","30.92Z","PRD",10,"GCO2E_EUR",2022,3
"EEIO_UK","FR","30.99Z","FD",11,"GCO2E_EUR",2022,3
"EEIO_UK","FR","30.99Z","GVA",9,"GCO2E_EUR",2022,3
"EEIO_UK","FR","30.99Z","IC",10,"GCO2E_EUR",2022,3
"EEIO_UK","FR","30.99Z","PRD",10,"GCO2E_EUR",2022,3
"EEIO_UK","FR","31.01Z","FD",26,"GCO2E_EUR",2022,3
"EEIO_UK","FR","31.01Z","GVA",0,"GCO2E_EUR",2022,3
"EEIO_UK","FR","31.01Z","IC",43,"GCO2E_EUR",2022,3
"EEIO_UK","FR","31.01Z","PRD",26,"GCO2E_EUR",2022,3
"EEIO_UK","FR","31.02Z","FD",26,"GCO2E_EUR",2022,3
"EEIO_UK","FR","31.02Z","GVA",0,"GCO2E_EUR",2022,3
"EEIO_UK","FR","31.02Z","IC",43,"GCO2E_EUR",2022,3
"EEIO_UK","FR","31.02Z","PRD",26,"GCO2E_EUR",2022,3
"EEIO_UK","FR","31.03Z","FD",26,"GCO2E_EUR",2022,3
"EEIO_UK","FR","31.03Z","GVA",0,"GCO2E_EUR",2022,3
"EEIO_UK","FR","31.03Z","IC",43,"GCO2E_EUR",2022,3
"EEIO_UK","FR","31.03Z","PRD",26,"GCO2E_EUR",2022,3
"EEIO_UK","FR","31.09A","FD",26,"GCO2E_EUR",2022,3
"EEIO_UK","FR","31.09A","GVA",0,"GCO2E_EUR",2022,3
"EEIO_UK","FR","31.09A","IC",43,"GCO2E_EUR",2022,3
"EEIO_UK","FR","31.09A","PRD",26,"GCO2E_EUR",2022,3
"EEIO_UK","FR","31.09B","FD",26,"GCO2E_EUR",2022,3
"EEIO_UK","FR","31.09B","GVA",0,"GCO2E_EUR",2022,3
"EEIO_UK","FR","31.09B","IC",43,"GCO2E_EUR",2022,3
"EEIO_UK","FR","31.09B","PRD",26,"GCO2E_EUR",2022,3
"EEIO_UK","FR","32.11Z","FD",53,"GCO2E_EUR",2022,3
"EEIO_UK","FR","32.11Z","GVA",65,"GCO2E_EUR",2022,3
"EEIO_UK","FR","32.11Z","IC",47,"GCO2E_EUR",2022,3
"EEIO_UK","FR","32.11Z","PRD",52,"GCO2E_EUR",2022,3
"EEIO_UK","FR","32.12Z","FD",53,"GCO2E_EUR",2022,3
"EEIO_UK","FR","32.12Z","GVA",65,"GCO2E_EUR",2022,3
"EEIO_UK","FR","32.12Z","IC",47,"GCO2E_EUR",2022,3
"EEIO_UK","FR","32.12Z","PRD",52,"GCO2E_EUR",2022,3
"EEIO_UK","FR","32.13Z","FD",53,"GCO2E_EUR",2022,3
"EEIO_UK","FR","32.13Z","GVA",65,"GCO2E_EUR",2022,3
"EEIO_UK","FR","32.13Z","IC",47,"GCO2E_EUR",2022,3
"EEIO_UK","FR","32.13Z","PRD",52,"GCO2E_EUR",2022,3
"EEIO_UK","FR","32.20Z","FD",53,"GCO2E_EUR",2022,3
"EEIO_UK","FR","32.20Z","GVA",65,"GCO2E_EUR",2022,3
"EEIO_UK","FR","32.20Z","IC",47,"GCO2E_EUR",2022,3
"EEIO_UK","FR","32.20Z","PRD",52,"GCO2E_EUR",2022,3
"EEIO_UK","FR","32.30Z","FD",53,"GCO2E_EUR",2022,3
"EEIO_UK","FR","32.30Z","GVA",65,"GCO2E_EUR",2022,3
"EEIO_UK","FR","32.30Z","IC",47,"GCO2E_EUR",2022,3
"EEIO_UK","FR","32.30Z","PRD",52,"GCO2E_EUR",2022,3
"EEIO_UK","FR","32.40Z","FD",53,"GCO2E_EUR",2022,3
"EEIO_UK","FR","32.40Z","GVA",65,"GCO2E_EUR",2022,3
"EEIO_UK","FR","32.40Z","IC",47,"GCO2E_EUR",2022,3
"EEIO_UK","FR","32.40Z","PRD",52,"GCO2E_EUR",2022,3
"EEIO_UK","FR","32.50A","FD",53,"GCO2E_EUR",2022,3
"EEIO_UK","FR","32.50A","GVA",65,"GCO2E_EUR",2022,3
"EEIO_UK","FR","32.50A","IC",47,"GCO2E_EUR",2022,3
"EEIO_UK","FR","32.50A","PRD",52,"GCO2E_EUR",2022,3
"EEIO_UK","FR","32.50B","FD",53,"GCO2E_EUR",2022,3
"EEIO_UK","FR","32.50B","GVA",65,"GCO2E_EUR",2022,3
"EEIO_UK","FR","32.50B","IC",47,"GCO2E_EUR",2022,3
"EEIO_UK","FR","32.50B","PRD",52,"GCO2E_EUR",2022,3
"EEIO_UK","FR","32.91Z","FD",53,"GCO2E_EUR",2022,3
"EEIO_UK","FR","32.91Z","GVA",65,"GCO2E_EUR",2022,3
"EEIO_UK","FR","32.91Z","IC",47,"GCO2E_EUR",2022,3
"EEIO_UK","FR","32.91Z","PRD",52,"GCO2E_EUR",2022,3
"EEIO_UK","FR","32.99Z","FD",53,"GCO2E_EUR",2022,3
"EEIO_UK","FR","32.99Z","GVA",65,"GCO2E_EUR",2022,3
"EEIO_UK","FR","32.99Z","IC",47,"GCO2E_EUR",2022,3
"EEIO_UK","FR","32.99Z","PRD",52,"GCO2E_EUR",2022,3
"EEIO_UK","FR","33.11Z","FD",36,"GCO2E_EUR",2022,3
"EEIO_UK","FR","33.11Z","GVA",13,"GCO2E_EUR",2022,3
"EEIO_UK","FR","33.11Z","IC",70,"GCO2E_EUR",2022,3
"EEIO_UK","FR","33.11Z","PRD",34,"GCO2E_EUR",2022,3
"EEIO_UK","FR","33.12Z","FD",36,"GCO2E_EUR",2022,3
"EEIO_UK","FR","33.12Z","GVA",13,"GCO2E_EUR",2022,3
"EEIO_UK","FR","33.12Z","IC",70,"GCO2E_EUR",2022,3
"EEIO_UK","FR","33.12Z","PRD",34,"GCO2E_EUR",2022,3
"EEIO_UK","FR","33.13Z","FD",36,"GCO2E_EUR",2022,3
"EEIO_UK","FR","33.13Z","GVA",13,"GCO2E_EUR",2022,3
"EEIO_UK","FR","33.13Z","IC",70,"GCO2E_EUR",2022,3
"EEIO_UK","FR","33.13Z","PRD",34,"GCO2E_EUR",2022,3
"EEIO_UK","FR","33.14Z","FD",36,"GCO2E_EUR",2022,3
"EEIO_UK","FR","33.14Z","GVA",13,"GCO2E_EUR",2022,3
"EEIO_UK","FR","33.14Z","IC",70,"GCO2E_EUR",2022,3
"EEIO_UK","FR","33.14Z","PRD",34,"GCO2E_EUR",2022,3
"EEIO_UK","FR","33.15Z","FD",224,"GCO2E_EUR",2022,1
"EEIO_UK","FR","33.15Z","GVA",37,"GCO2E_EUR",2022,1
"EEIO_UK","FR","33.15Z","IC",281,"GCO2E_EUR",2022,1
"EEIO_UK","FR","33.15Z","PRD",208,"GCO2E_EUR",2022,1
"EEIO_UK","FR","33.16Z","FD",27,"GCO2E_EUR",2022,1
"EEIO_UK","FR","33.16Z","GVA",31,"GCO2E_EUR",2022,1
"EEIO_UK","FR","33.16Z","IC",21,"GCO2E_EUR",2022,1
"EEIO_UK","FR","33.16Z","PRD",23,"GCO2E_EUR",2022,1
"EEIO_UK","FR","33.17Z","FD",36,"GCO2E_EUR",2022,3
"EEIO_UK","FR","33.17Z","GVA",13,"GCO2E_EUR",2022,3
"EEIO_UK","FR","33.17Z","IC",70,"GCO2E_EUR",2022,3
"EEIO_UK","FR","33.17Z","PRD",34,"GCO2E_EUR",2022,3
"EEIO_UK","FR","33.19Z","FD",36,"GCO2E_EUR",2022,3
"EEIO_UK","FR","33.19Z","GVA",13,"GCO2E_EUR",2022,3
"EEIO_UK","FR","33.19Z","IC",70,"GCO2E_EUR",2022,3
"EEIO_UK","FR","33.19Z","PRD",34,"GCO2E_EUR",2022,3
"EEIO_UK","FR","33.20A","FD",36,"GCO2E_EUR",2022,3
"EEIO_UK","FR","33.20A","GVA",13,"GCO2E_EUR",2022,3
"EEIO_UK","FR","33.20A","IC",70,"GCO2E_EUR",2022,3
"EEIO_UK","FR","33.20A","PRD",34,"GCO2E_EUR",2022,3
"EEIO_UK","FR","33.20B","FD",36,"GCO2E_EUR",2022,3
"EEIO_UK","FR","33.20B","GVA",13,"GCO2E_EUR",2022,3
"EEIO_UK","FR","33.20B","IC",70,"GCO2E_EUR",2022,3
"EEIO_UK","FR","33.20B","PRD",34,"GCO2E_EUR",2022,3
"EEIO_UK","FR","33.20C","FD",36,"GCO2E_EUR",2022,3
"EEIO_UK","FR","33.20C","GVA",13,"GCO2E_EUR",2022,3
"EEIO_UK","FR","33.20C","IC",70,"GCO2E_EUR",2022,3
"EEIO_UK","FR","33.20C","PRD",34,"GCO2E_EUR",2022,3
"EEIO_UK","FR","33.20D","FD",36,"GCO2E_EUR",2022,3
"EEIO_UK","FR","33.20D","GVA",13,"GCO2E_EUR",2022,3
"EEIO_UK","FR","33.20D","IC",70,"GCO2E_EUR",2022,3
"EEIO_UK","FR","33.20D","PRD",34,"GCO2E_EUR",2022,3
"EEIO_UK","FR","35.11Z","FD",423,"GCO2E_EUR",2022,1
"EEIO_UK","FR","35.11Z","GVA",-3225,"GCO2E_EUR",2022,1
"EEIO_UK","FR","35.11Z","IC",47,"GCO2E_EUR",2022,1
"EEIO_UK","FR","35.11Z","PRD",235,"GCO2E_EUR",2022,1
"EEIO_UK","FR","35.12Z","FD",423,"GCO2E_EUR",2022,3
"EEIO_UK","FR","35.12Z","GVA",-3225,"GCO2E_EUR",2022,3
"EEIO_UK","FR","35.12Z","IC",47,"GCO2E_EUR",2022,3
"EEIO_UK","FR","35.12Z","PRD",235,"GCO2E_EUR",2022,3
"EEIO_UK","FR","35.13Z","FD",423,"GCO2E_EUR",2022,3
"EEIO_UK","FR","35.13Z","GVA",-3225,"GCO2E_EUR",2022,3
"EEIO_UK","FR","35.13Z","IC",47,"GCO2E_EUR",2022,3
"EEIO_UK","FR","35.13Z","PRD",235,"GCO2E_EUR",2022,3
"EEIO_UK","FR","35.14Z","FD",423,"GCO2E_EUR",2022,3
"EEIO_UK","FR","35.14Z","GVA",-3225,"GCO2E_EUR",2022,3
"EEIO_UK","FR","35.14Z","IC",47,"GCO2E_EUR",2022,3
"EEIO_UK","FR","35.14Z","PRD",235,"GCO2E_EUR",2022,3
"EEIO_UK","FR","35.21Z","FD",87,"GCO2E_EUR",2022,2
"EEIO_UK","FR","35.21Z","GVA",68,"GCO2E_EUR",2022,2
"EEIO_UK","FR","35.21Z","IC",52,"GCO2E_EUR",2022,2
"EEIO_UK","FR","35.21Z","PRD",57,"GCO2E_EUR",2022,2
"EEIO_UK","FR","35.22Z","FD",87,"GCO2E_EUR",2022,2
"EEIO_UK","FR","35.22Z","GVA",68,"GCO2E_EUR",2022,2
"EEIO_UK","FR","35.22Z","IC",52,"GCO2E_EUR",2022,2
"EEIO_UK","FR","35.22Z","PRD",57,"GCO2E_EUR",2022,2
"EEIO_UK","FR","35.23Z","FD",87,"GCO2E_EUR",2022,2
"EEIO_UK","FR","35.23Z","GVA",68,"GCO2E_EUR",2022,2
"EEIO_UK","FR","35.23Z","IC",52,"GCO2E_EUR",2022,2
"EEIO_UK","FR","35.23Z","PRD",57,"GCO2E_EUR",2022,2
"EEIO_UK","FR","35.30Z","FD",87,"GCO2E_EUR",2022,2
"EEIO_UK","FR","35.30Z","GVA",68,"GCO2E_EUR",2022,2
"EEIO_UK","FR","35.30Z","IC",52,"GCO2E_EUR",2022,2
"EEIO_UK","FR","35.30Z","PRD",57,"GCO2E_EUR",2022,2
"EEIO_UK","FR","36.00Z","FD",59,"GCO2E_EUR",2022,4
"EEIO_UK","FR","36.00Z","GVA",0,"GCO2E_EUR",2022,4
"EEIO_UK","FR","36.00Z","IC",154,"GCO2E_EUR",2022,4
"EEIO_UK","FR","36.00Z","PRD",54,"GCO2E_EUR",2022,4
"EEIO_UK","FR","37.00Z","FD",745,"GCO2E_EUR",2022,1
"EEIO_UK","FR","37.00Z","GVA",886,"GCO2E_EUR",2022,1
"EEIO_UK","FR","37.00Z","IC",139,"GCO2E_EUR",2022,1
"EEIO_UK","FR","37.00Z","PRD",711,"GCO2E_EUR",2022,1
"EEIO_UK","FR","38.11Z","FD",1113,"GCO2E_EUR",2022,3
"EEIO_UK","FR","38.11Z","GVA",3547,"GCO2E_EUR",2022,3
"EEIO_UK","FR","38.11Z","IC",168,"GCO2E_EUR",2022,3
"EEIO_UK","FR","38.11Z","PRD",883,"GCO2E_EUR",2022,3
"EEIO_UK","FR","38.12Z","FD",1113,"GCO2E_EUR",2022,3
"EEIO_UK","FR","38.12Z","GVA",3547,"GCO2E_EUR",2022,3
"EEIO_UK","FR","38.12Z","IC",168,"GCO2E_EUR",2022,3
"EEIO_UK","FR","38.12Z","PRD",883,"GCO2E_EUR",2022,3
"EEIO_UK","FR","38.21Z","FD",1113,"GCO2E_EUR",2022,3
"EEIO_UK","FR","38.21Z","GVA",3547,"GCO2E_EUR",2022,3
"EEIO_UK","FR","38.21Z","IC",168,"GCO2E_EUR",2022,3
"EEIO_UK","FR","38.21Z","PRD",883,"GCO2E_EUR",2022,3
"EEIO_UK","FR","38.22Z","FD",1113,"GCO2E_EUR",2022,3
"EEIO_UK","FR","38.22Z","GVA",3547,"GCO2E_EUR",2022,3
"EEIO_UK","FR","38.22Z","IC",168,"GCO2E_EUR",2022,3
"EEIO_UK","FR","38.22Z","PRD",883,"GCO2E_EUR",2022,3
"EEIO_UK","FR","38.31Z","FD",1113,"GCO2E_EUR",2022,3
"EEIO_UK","FR","38.31Z","GVA",3547,"GCO2E_EUR",2022,3
"EEIO_UK","FR","38.31Z","IC",168,"GCO2E_EUR",2022,3
"EEIO_UK","FR","38.31Z","PRD",883,"GCO2E_EUR",2022,3
"EEIO_UK","FR","38.32Z","FD",1113,"GCO2E_EUR",2022,3
"EEIO_UK","FR","38.32Z","GVA",3547,"GCO2E_EUR",2022,3
"EEIO_UK","FR","38.32Z","IC",168,"GCO2E_EUR",2022,3
"EEIO_UK","FR","38.32Z","PRD",883,"GCO2E_EUR",2022,3
"EEIO_UK","FR","39.00Z","FD",77,"GCO2E_EUR",2022,1
"EEIO_UK","FR","39.00Z","GVA",26,"GCO2E_EUR",2022,1
"EEIO_UK","FR","39.00Z","IC",101,"GCO2E_EUR",2022,1
"EEIO_UK","FR","39.00Z","PRD",64,"GCO2E_EUR",2022,1
"EEIO_UK","FR","41.10A","FD",134,"GCO2E_EUR",2022,4
"EEIO_UK","FR","41.10A","GVA",64,"GCO2E_EUR",2022,4
"EEIO_UK","FR","41.10A","IC",104,"GCO2E_EUR",2022,4
"EEIO_UK","FR","41.10A","PRD",90,"GCO2E_EUR",2022,4
"EEIO_UK","FR","41.10B","FD",134,"GCO2E_EUR",2022,4
"EEIO_UK","FR","41.10B","GVA",64,"GCO2E_EUR",2022,4
"EEIO_UK","FR","41.10B","IC",104,"GCO2E_EUR",2022,4
"EEIO_UK","FR","41.10B","PRD",90,"GCO2E_EUR",2022,4
"EEIO_UK","FR","41.10C","FD",134,"GCO2E_EUR",2022,4
"EEIO_UK","FR","41.10C","GVA",64,"GCO2E_EUR",2022,4
"EEIO_UK","FR","41.10C","IC",104,"GCO2E_EUR",2022,4
"EEIO_UK","FR","41.10C","PRD",90,"GCO2E_EUR",2022,4
"EEIO_UK","FR","41.10D","FD",134,"GCO2E_EUR",2022,4
"EEIO_UK","FR","41.10D","GVA",64,"GCO2E_EUR",2022,4
"EEIO_UK","FR","41.10D","IC",104,"GCO2E_EUR",2022,4
"EEIO_UK","FR","41.10D","PRD",90,"GCO2E_EUR",2022,4
"EEIO_UK","FR","41.20A","FD",134,"GCO2E_EUR",2022,4
"EEIO_UK","FR","41.20A","GVA",64,"GCO2E_EUR",2022,4
"EEIO_UK","FR","41.20A","IC",104,"GCO2E_EUR",2022,4
"EEIO_UK","FR","41.20A","PRD",90,"GCO2E_EUR",2022,4
"EEIO_UK","FR","41.20B","FD",134,"GCO2E_EUR",2022,4
"EEIO_UK","FR","41.20B","GVA",64,"GCO2E_EUR",2022,4
"EEIO_UK","FR","41.20B","IC",104,"GCO2E_EUR",2022,4
"EEIO_UK","FR","41.20B","PRD",90,"GCO2E_EUR",2022,4
"EEIO_UK","FR","42.11Z","FD",134,"GCO2E_EUR",2022,4
"EEIO_UK","FR","42.11Z","GVA",64,"GCO2E_EUR",2022,4
"EEIO_UK","FR","42.11Z","IC",104,"GCO2E_EUR",2022,4
"EEIO_UK","FR","42.11Z","PRD",90,"GCO2E_EUR",2022,4
"EEIO_UK","FR","42.12Z","FD",134,"GCO2E_EUR",2022,4
"EEIO_UK","FR","42.12Z","GVA",64,"GCO2E_EUR",2022,4
"EEIO_UK","FR","42.12Z","IC",104,"GCO2E_EUR",2022,4
"EEIO_UK","FR","42.12Z","PRD",90,"GCO2E_EUR",2022,4
"EEIO_UK","FR","42.13A","FD",134,"GCO2E_EUR",2022,4
"EEIO_UK","FR","42.13A","GVA",64,"GCO2E_EUR",2022,4
"EEIO_UK","FR","42.13A","IC",104,"GCO2E_EUR",2022,4
"EEIO_UK","FR","42.13A","PRD",90,"GCO2E_EUR",2022,4
"EEIO_UK","FR","42.13B","FD",134,"GCO2E_EUR",2022,4
"EEIO_UK","FR","42.13B","GVA",64,"GCO2E_EUR",2022,4
"EEIO_UK","FR","42.13B","IC",104,"GCO2E_EUR",2022,4
"EEIO_UK","FR","42.13B","PRD",90,"GCO2E_EUR",2022,4
"EEIO_UK","FR","42.21Z","FD",134,"GCO2E_EUR",2022,4
"EEIO_UK","FR","42.21Z","GVA",64,"GCO2E_EUR",2022,4
"EEIO_UK","FR","42.21Z","IC",104,"GCO2E_EUR",2022,4
"EEIO_UK","FR","42.21Z","PRD",90,"GCO2E_EUR",2022,4
"EEIO_UK","FR","42.22Z","FD",134,"GCO2E_EUR",2022,4
"EEIO_UK","FR","42.22Z","GVA",64,"GCO2E_EUR",2022,4
"EEIO_UK","FR","42.22Z","IC",104,"GCO2E_EUR",2022,4
"EEIO_UK","FR","42.22Z","PRD",90,"GCO2E_EUR",2022,4
"EEIO_UK","FR","42.91Z","FD",134,"GCO2E_EUR",2022,4
"EEIO_UK","FR","42.91Z","GVA",64,"GCO2E_EUR",2022,4
"EEIO_UK","FR","42.91Z","IC",104,"GCO2E_EUR",2022,4
"EEIO_UK","FR","42.91Z","PRD",90,"GCO2E_EUR",2022,4
"EEIO_UK","FR","42.99Z","FD",134,"GCO2E_EUR",2022,4
"EEIO_UK","FR","42.99Z","GVA",64,"GCO2E_EUR",2022,4
"EEIO_UK","FR","42.99Z","IC",104,"GCO2E_EUR",2022,4
"EEIO_UK","FR","42.99Z","PRD",90,"GCO2E_EUR",2022,4
"EEIO_UK","FR","43.11Z","FD",134,"GCO2E_EUR",2022,4
"EEIO_UK","FR","43.11Z","GVA",64,"GCO2E_EUR",2022,4
"EEIO_UK","FR","43.11Z","IC",104,"GCO2E_EUR",2022,4
"EEIO_UK","FR","43.11Z","PRD",90,"GCO2E_EUR",2022,4
"EEIO_UK","FR","43.12A","FD",134,"GCO2E_EUR",2022,4
"EEIO_UK","FR","43.12A","GVA",64,"GCO2E_EUR",2022,4
"EEIO_UK","FR","43.12A","IC",104,"GCO2E_EUR",2022,4
"EEIO_UK","FR","43.12A","PRD",90,"GCO2E_EUR",2022,4
"EEIO_UK","FR","43.12B","FD",134,"GCO2E_EUR",2022,4
"EEIO_UK","FR","43.12B","GVA",64,"GCO2E_EUR",2022,4
"EEIO_UK","FR","43.12B","IC",104,"GCO2E_EUR",2022,4
"EEIO_UK","FR","43.12B","PRD",90,"GCO2E_EUR",2022,4
"EEIO_UK","FR","43.13Z","FD",134,"GCO2E_EUR",2022,4
"EEIO_UK","FR","43.13Z","GVA",64,"GCO2E_EUR",2022,4
"EEIO_UK","FR","43.13Z","IC",104,"GCO2E_EUR",2022,4
"EEIO_UK","FR","43.13Z","PRD",90,"GCO2E_EUR",2022,4
"EEIO_UK","FR","43.21A","FD",134,"GCO2E_EUR",2022,4
"EEIO_UK","FR","43.21A","GVA",64,"GCO2E_EUR",2022,4
"EEIO_UK","FR","43.21A","IC",104,"GCO2E_EUR",2022,4
"EEIO_UK","FR","43.21A","PRD",90,"GCO2E_EUR",2022,4
"EEIO_UK","FR","43.21B","FD",134,"GCO2E_EUR",2022,4
"EEIO_UK","FR","43.21B","GVA",64,"GCO2E_EUR",2022,4
"EEIO_UK","FR","43.21B","IC",104,"GCO2E_EUR",2022,4
"EEIO_UK","FR","43.21B","PRD",90,"GCO2E_EUR",2022,4
"EEIO_UK","FR","43.22A","FD",134,"GCO2E_EUR",2022,4
"EEIO_UK","FR","43.22A","GVA",64,"GCO2E_EUR",2022,4
"EEIO_UK","FR","43.22A","IC",104,"GCO2E_EUR",2022,4
"EEIO_UK","FR","43.22A","PRD",90,"GCO2E_EUR",2022,4
"EEIO_UK","FR","43.22B","FD",134,"GCO2E_EUR",2022,4
"EEIO_UK","FR","43.22B","GVA",64,"GCO2E_EUR",2022,4
"EEIO_UK","FR","43.22B","IC",104,"GCO2E_EUR",2022,4
"EEIO_UK","FR","43.22B","PRD",90,"GCO2E_EUR",2022,4
"EEIO_UK","FR","43.29A","FD",134,"GCO2E_EUR",2022,4
"EEIO_UK","FR","43.29A","GVA",64,"GCO2E_EUR",2022,4
"EEIO_UK","FR","43.29A","IC",104,"GCO2E_EUR",2022,4
"EEIO_UK","FR","43.29A","PRD",90,"GCO2E_EUR",2022,4
"EEIO_UK","FR","43.29B","FD",134,"GCO2E_EUR",2022,4
"EEIO_UK","FR","43.29B","GVA",64,"GCO2E_EUR",2022,4
"EEIO_UK","FR","43.29B","IC",104,"GCO2E_EUR",2022,4
"EEIO_UK","FR","43.29B","PRD",90,"GCO2E_EUR",2022,4
"EEIO_UK","FR","43.31Z","FD",134,"GCO2E_EUR",2022,4
"EEIO_UK","FR","43.31Z","GVA",64,"GCO2E_EUR",2022,4
"EEIO_UK","FR","43.31Z","IC",104,"GCO2E_EUR",2022,4
"EEIO_UK","FR","43.31Z","PRD",90,"GCO2E_EUR",2022,4
"EEIO_UK","FR","43.32A","FD",134,"GCO2E_EUR",2022,4
"EEIO_UK","FR","43.32A","GVA",64,"GCO2E_EUR",2022,4
"EEIO_UK","FR","43.32A","IC",104,"GCO2E_EUR",2022,4
"EEIO_UK","FR","43.32A","PRD",90,"GCO2E_EUR",2022,4
"EEIO_UK","FR","43.32B","FD",134,"GCO2E_EUR",2022,4
"EEIO_UK","FR","43.32B","GVA",64,"GCO2E_EUR",2022,4
"EEIO_UK","FR","43.32B","IC",104,"GCO2E_EUR",2022,4
"EEIO_UK","FR","43.32B","PRD",90,"GCO2E_EUR",2022,4
"EEIO_UK","FR","43.32C","FD",134,"GCO2E_EUR",2022,4
"EEIO_UK","FR","43.32C","GVA",64,"GCO2E_EUR",2022,4
"EEIO_UK","FR","43.32C","IC",104,"GCO2E_EUR",2022,4
"EEIO_UK","FR","43.32C","PRD",90,"GCO2E_EUR",2022,4
"EEIO_UK","FR","43.33Z","FD",134,"GCO2E_EUR",2022,4
"EEIO_UK","FR","43.33Z","GVA",64,"GCO2E_EUR",2022,4
"EEIO_UK","FR","43.33Z","IC",104,"GCO2E_EUR",2022,4
"EEIO_UK","FR","43.33Z","PRD",90,"GCO2E_EUR",2022,4
"EEIO_UK","FR","43.34Z","FD",134,"GCO2E_EUR",2022,4
"EEIO_UK","FR","43.34Z","GVA",64,"GCO2E_EUR",2022,4
"EEIO_UK","FR","43.34Z","IC",104,"GCO2E_EUR",2022,4
"EEIO_UK","FR","43.34Z","PRD",90,"GCO2E_EUR",2022,4
"EEIO_UK","FR","43.39Z","FD",134,"GCO2E_EUR",2022,4
"EEIO_UK","FR","43.39Z","GVA",64,"GCO2E_EUR",2022,4
"EEIO_UK","FR","43.39Z","IC",104,"GCO2E_EUR",2022,4
"EEIO_UK","FR","43.39Z","PRD",90,"GCO2E_EUR",2022,4
"EEIO_UK","FR","43.91A","FD",134,"GCO2E_EUR",2022,4
"EEIO_UK","FR","43.91A","GVA",64,"GCO2E_EUR",2022,4
"EEIO_UK","FR","43.91A","IC",104,"GCO2E_EUR",2022,4
"EEIO_UK","FR","43.91A","PRD",90,"GCO2E_EUR",2022,4
"EEIO_UK","FR","43.91B","FD",134,"GCO2E_EUR",2022,4
"EEIO_UK","FR","43.91B","GVA",64,"GCO2E_EUR",2022,4
"EEIO_UK","FR","43.91B","IC",104,"GCO2E_EUR",2022,4
"EEIO_UK","FR","43.91B","PRD",90,"GCO2E_EUR",2022,4
"EEIO_UK","FR","43.99A","FD",134,"GCO2E_EUR",2022,4
"EEIO_UK","FR","43.99A","GVA",64,"GCO2E_EUR",2022,4
"EEIO_UK","FR","43.99A","IC",104,"GCO2E_EUR",2022,4
"EEIO_UK","FR","43.99A","PRD",90,"GCO2E_EUR",2022,4
"EEIO_UK","FR","43.99B","FD",134,"GCO2E_EUR",2022,4
"EEIO_UK","FR","43.99B","GVA",64,"GCO2E_EUR",2022,4
"EEIO_UK","FR","43.99B","IC",104,"GCO2E_EUR",2022,4
"EEIO_UK","FR","43.99B","PRD",90,"GCO2E_EUR",2022,4
"EEIO_UK","FR","43.99C","FD",134,"GCO2E_EUR",2022,4
"EEIO_UK","FR","43.99C","GVA",64,"GCO2E_EUR",2022,4
"EEIO_UK","FR","43.99C","IC",104,"GCO2E_EUR",2022,4
"EEIO_UK","FR","43.99C","PRD",90,"GCO2E_EUR",2022,4
"EEIO_UK","FR","43.99D","FD",134,"GCO2E_EUR",2022,4
"EEIO_UK","FR","43.99D","GVA",64,"GCO2E_EUR",2022,4
"EEIO_UK","FR","43.99D","IC",104,"GCO2E_EUR",2022,4
"EEIO_UK","FR","43.99D","PRD",90,"GCO2E_EUR",2022,4
"EEIO_UK","FR","43.99E","FD",134,"GCO2E_EUR",2022,4
"EEIO_UK","FR","43.99E","GVA",64,"GCO2E_EUR",2022,4
"EEIO_UK","FR","43.99E","IC",104,"GCO2E_EUR",2022,4
"EEIO_UK","FR","43.99E","PRD",90,"GCO2E_EUR",2022,4
"EEIO_UK","FR","45.11Z","FD",86,"GCO2E_EUR",2022,4
"EEIO_UK","FR","45.11Z","GVA",112,"GCO2E_EUR",2022,4
"EEIO_UK","FR","45.11Z","IC",51,"GCO2E_EUR",2022,4
"EEIO_UK","FR","45.11Z","PRD",83,"GCO2E_EUR",2022,4
"EEIO_UK","FR","45.19Z","FD",86,"GCO2E_EUR",2022,4
"EEIO_UK","FR","45.19Z","GVA",112,"GCO2E_EUR",2022,4
"EEIO_UK","FR","45.19Z","IC",51,"GCO2E_EUR",2022,4
"EEIO_UK","FR","45.19Z","PRD",83,"GCO2E_EUR",2022,4
"EEIO_UK","FR","45.20A","FD",86,"GCO2E_EUR",2022,4
"EEIO_UK","FR","45.20A","GVA",112,"GCO2E_EUR",2022,4
"EEIO_UK","FR","45.20A","IC",51,"GCO2E_EUR",2022,4
"EEIO_UK","FR","45.20A","PRD",83,"GCO2E_EUR",2022,4
"EEIO_UK","FR","45.20B","FD",86,"GCO2E_EUR",2022,4
"EEIO_UK","FR","45.20B","GVA",112,"GCO2E_EUR",2022,4
"EEIO_UK","FR","45.20B","IC",51,"GCO2E_EUR",2022,4
"EEIO_UK","FR","45.20B","PRD",83,"GCO2E_EUR",2022,4
"EEIO_UK","FR","45.31Z","FD",86,"GCO2E_EUR",2022,4
"EEIO_UK","FR","45.31Z","GVA",112,"GCO2E_EUR",2022,4
"EEIO_UK","FR","45.31Z","IC",51,"GCO2E_EUR",2022,4
"EEIO_UK","FR","45.31Z","PRD",83,"GCO2E_EUR",2022,4
"EEIO_UK","FR","45.32Z","FD",86,"GCO2E_EUR",2022,4
"EEIO_UK","FR","45.32Z","GVA",112,"GCO2E_EUR",2022,4
"EEIO_UK","FR","45.32Z","IC",51,"GCO2E_EUR",2022,4
"EEIO_UK","FR","45.32Z","PRD",83,"GCO2E_EUR",2022,4
"EEIO_UK","FR","45.40Z","FD",86,"GCO2E_EUR",2022,4
"EEIO_UK","FR","45.40Z","GVA",112,"GCO2E_EUR",2022,4
"EEIO_UK","FR","45.40Z","IC",51,"GCO2E_EUR",2022,4
"EEIO_UK","FR","45.40Z","PRD",83,"GCO2E_EUR",2022,4
"EEIO_UK","FR","46.11Z","FD",38,"GCO2E_EUR",2022,4
"EEIO_UK","FR","46.11Z","GVA",23,"GCO2E_EUR",2022,4
"EEIO_UK","FR","46.11Z","IC",60,"GCO2E_EUR",2022,4
"EEIO_UK","FR","46.11Z","PRD",38,"GCO2E_EUR",2022,4
"EEIO_UK","FR","46.12A","FD",38,"GCO2E_EUR",2022,4
"EEIO_UK","FR","46.12A","GVA",23,"GCO2E_EUR",2022,4
"EEIO_UK","FR","46.12A","IC",60,"GCO2E_EUR",2022,4
"EEIO_UK","FR","46.12A","PRD",38,"GCO2E_EUR",2022,4
"EEIO_UK","FR","46.12B","FD",38,"GCO2E_EUR",2022,4
"EEIO_UK","FR","46.12B","GVA",23,"GCO2E_EUR",2022,4
"EEIO_UK","FR","46.12B","IC",60,"GCO2E_EUR",2022,4
"EEIO_UK","FR","46.12B","PRD",38,"GCO2E_EUR",2022,4
"EEIO_UK","FR","46.13Z","FD",38,"GCO2E_EUR",2022,4
"EEIO_UK","FR","46.13Z","GVA",23,"GCO2E_EUR",2022,4
"EEIO_UK","FR","46.13Z","IC",60,"GCO2E_EUR",2022,4
"EEIO_UK","FR","46.13Z","PRD",38,"GCO2E_EUR",2022,4
"EEIO_UK","FR","46.14Z","FD",38,"GCO2E_EUR",2022,4
"EEIO_UK","FR","46.14Z","GVA",23,"GCO2E_EUR",2022,4
"EEIO_UK","FR","46.14Z","IC",60,"GCO2E_EUR",2022,4
"EEIO_UK","FR","46.14Z","PRD",38,"GCO2E_EUR",2022,4
"EEIO_UK","FR","46.15Z","FD",38,"GCO2E_EUR",2022,4
"EEIO_UK","FR","46.15Z","GVA",23,"GCO2E_EUR",2022,4
"EEIO_UK","FR","46.15Z","IC",60,"GCO2E_EUR",2022,4
"EEIO_UK","FR","46.15Z","PRD",38,"GCO2E_EUR",2022,4
"EEIO_UK","FR","46.16Z","FD",38,"GCO2E_EUR",2022,4
"EEIO_UK","FR","46.16Z","GVA",23,"GCO2E_EUR",2022,4
"EEIO_UK","FR","46.16Z","IC",60,"GCO2E_EUR",2022,4
"EEIO_UK","FR","46.16Z","PRD",38,"GCO2E_EUR",2022,4
"EEIO_UK","FR","46.17A","FD",38,"GCO2E_EUR",2022,4
"EEIO_UK","FR","46.17A","GVA",23,"GCO2E_EUR",2022,4
"EEIO_UK","FR","46.17A","IC",60,"GCO2E_EUR",2022,4
"EEIO_UK","FR","46.17A","PRD",38,"GCO2E_EUR",2022,4
"EEIO_UK","FR","46.17B","FD",38,"GCO2E_EUR",2022,4
"EEIO_UK","FR","46.17B","GVA",23,"GCO2E_EUR",2022,4
"EEIO_UK","FR","46.17B","IC",60,"GCO2E_EUR",2022,4
"EEIO_UK","FR","46.17B","PRD",38,"GCO2E_EUR",2022,4
"EEIO_UK","FR","46.18Z","FD",38,"GCO2E_EUR",2022,4
"EEIO_UK","FR","46.18Z","GVA",23,"GCO2E_EUR",2022,4
"EEIO_UK","FR","46.18Z","IC",60,"GCO2E_EUR",2022,4
"EEIO_UK","FR","46.18Z","PRD",38,"GCO2E_EUR",2022,4
"EEIO_UK","FR","46.19A","FD",38,"GCO2E_EUR",2022,4
"EEIO_UK","FR","46.19A","GVA",23,"GCO2E_EUR",2022,4
"EEIO_UK","FR","46.19A","IC",60,"GCO2E_EUR",2022,4
"EEIO_UK","FR","46.19A","PRD",38,"GCO2E_EUR",2022,4
"EEIO_UK","FR","46.19B","FD",38,"GCO2E_EUR",2022,4
"EEIO_UK","FR","46.19B","GVA",23,"GCO2E_EUR",2022,4
"EEIO_UK","FR","46.19B","IC",60,"GCO2E_EUR",2022,4
"EEIO_UK","FR","46.19B","PRD",38,"GCO2E_EUR",2022,4
"EEIO_UK","FR","46.21Z","FD",38,"GCO2E_EUR",2022,4
"EEIO_UK","FR","46.21Z","GVA",23,"GCO2E_EUR",2022,4
"EEIO_UK","FR","46.21Z","IC",60,"GCO2E_EUR",2022,4
"EEIO_UK","FR","46.21Z","PRD",38,"GCO2E_EUR",2022,4
"EEIO_UK","FR","46.22Z","FD",38,"GCO2E_EUR",2022,4
"EEIO_UK","FR","46.22Z","GVA",23,"GCO2E_EUR",2022,4
"EEIO_UK","FR","46.22Z","IC",60,"GCO2E_EUR",2022,4
"EEIO_UK","FR","46.22Z","PRD",38,"GCO2E_EUR",2022,4
"EEIO_UK","FR","46.23Z","FD",38,"GCO2E_EUR",2022,4
"EEIO_UK","FR","46.23Z","GVA",23,"GCO2E_EUR",2022,4
"EEIO_UK","FR","46.23Z","IC",60,"GCO2E_EUR",2022,4
"EEIO_UK","FR","46.23Z","PRD",38,"GCO2E_EUR",2022,4
"EEIO_UK","FR","46.24Z","FD",38,"GCO2E_EUR",2022,4
"EEIO_UK","FR","46.24Z","GVA",23,"GCO2E_EUR",2022,4
"EEIO_UK","FR","46.24Z","IC",60,"GCO2E_EUR",2022,4
"EEIO_UK","FR","46.24Z","PRD",38,"GCO2E_EUR",2022,4
"EEIO_UK","FR","46.31Z","FD",38,"GCO2E_EUR",2022,4
"EEIO_UK","FR","46.31Z","GVA",23,"GCO2E_EUR",2022,4
"EEIO_UK","FR","46.31Z","IC",60,"GCO2E_EUR",2022,4
"EEIO_UK","FR","46.31Z","PRD",38,"GCO2E_EUR",2022,4
"EEIO_UK","FR","46.32A","FD",38,"GCO2E_EUR",2022,4
"EEIO_UK","FR","46.32A","GVA",23,"GCO2E_EUR",2022,4
"EEIO_UK","FR","46.32A","IC",60,"GCO2E_EUR",2022,4
"EEIO_UK","FR","46.32A","PRD",38,"GCO2E_EUR",2022,4
"EEIO_UK","FR","46.32B","FD",38,"GCO2E_EUR",2022,4
"EEIO_UK","FR","46.32B","GVA",23,"GCO2E_EUR",2022,4
"EEIO_UK","FR","46.32B","IC",60,"GCO2E_EUR",2022,4
"EEIO_UK","FR","46.32B","PRD",38,"GCO2E_EUR",2022,4
"EEIO_UK","FR","46.32C","FD",38,"GCO2E_EUR",2022,4
"EEIO_UK","FR","46.32C","GVA",23,"GCO2E_EUR",2022,4
"EEIO_UK","FR","46.32C","IC",60,"GCO2E_EUR",2022,4
"EEIO_UK","FR","46.32C","PRD",38,"GCO2E_EUR",2022,4
"EEIO_UK","FR","46.33Z","FD",38,"GCO2E_EUR",2022,4
"EEIO_UK","FR","46.33Z","GVA",23,"GCO2E_EUR",2022,4
"EEIO_UK","FR","46.33Z","IC",60,"GCO2E_EUR",2022,4
"EEIO_UK","FR","46.33Z","PRD",38,"GCO2E_EUR",2022,4
"EEIO_UK","FR","46.34Z","FD",38,"GCO2E_EUR",2022,4
"EEIO_UK","FR","46.34Z","GVA",23,"GCO2E_EUR",2022,4
"EEIO_UK","FR","46.34Z","IC",60,"GCO2E_EUR",2022,4
"EEIO_UK","FR","46.34Z","PRD",38,"GCO2E_EUR",2022,4
"EEIO_UK","FR","46.35Z","FD",38,"GCO2E_EUR",2022,4
"EEIO_UK","FR","46.35Z","GVA",23,"GCO2E_EUR",2022,4
"EEIO_UK","FR","46.35Z","IC",60,"GCO2E_EUR",2022,4
"EEIO_UK","FR","46.35Z","PRD",38,"GCO2E_EUR",2022,4
"EEIO_UK","FR","46.36Z","FD",38,"GCO2E_EUR",2022,4
"EEIO_UK","FR","46.36Z","GVA",23,"GCO2E_EUR",2022,4
"EEIO_UK","FR","46.36Z","IC",60,"GCO2E_EUR",2022,4
"EEIO_UK","FR","46.36Z","PRD",38,"GCO2E_EUR",2022,4
"EEIO_UK","FR","46.37Z","FD",38,"GCO2E_EUR",2022,4
"EEIO_UK","FR","46.37Z","GVA",23,"GCO2E_EUR",2022,4
"EEIO_UK","FR","46.37Z","IC",60,"GCO2E_EUR",2022,4
"EEIO_UK","FR","46.37Z","PRD",38,"GCO2E_EUR",2022,4
"EEIO_UK","FR","46.38A","FD",38,"GCO2E_EUR",2022,4
"EEIO_UK","FR","46.38A","GVA",23,"GCO2E_EUR",2022,4
"EEIO_UK","FR","46.38A","IC",60,"GCO2E_EUR",2022,4
"EEIO_UK","FR","46.38A","PRD",38,"GCO2E_EUR",2022,4
"EEIO_UK","FR","46.38B","FD",38,"GCO2E_EUR",2022,4
"EEIO_UK","FR","46.38B","GVA",23,"GCO2E_EUR",2022,4
"EEIO_UK","FR","46.38B","IC",60,"GCO2E_EUR",2022,4
"EEIO_UK","FR","46.38B","PRD",38,"GCO2E_EUR",2022,4
"EEIO_UK","FR","46.39A","FD",38,"GCO2E_EUR",2022,4
"EEIO_UK","FR","46.39A","GVA",23,"GCO2E_EUR",2022,4
"EEIO_UK","FR","46.39A","IC",60,"GCO2E_EUR",2022,4
"EEIO_UK","FR","46.39A","PRD",38,"GCO2E_EUR",2022,4
"EEIO_UK","FR","46.39B","FD",38,"GCO2E_EUR",2022,4
"EEIO_UK","FR","46.39B","GVA",23,"GCO2E_EUR",2022,4
"EEIO_UK","FR","46.39B","IC",60,"GCO2E_EUR",2022,4
"EEIO_UK","FR","46.39B","PRD",38,"GCO2E_EUR",2022,4
"EEIO_UK","FR","46.41Z","FD",38,"GCO2E_EUR",2022,4
"EEIO_UK","FR","46.41Z","GVA",23,"GCO2E_EUR",2022,4
"EEIO_UK","FR","46.41Z","IC",60,"GCO2E_EUR",2022,4
"EEIO_UK","FR","46.41Z","PRD",38,"GCO2E_EUR",2022,4
"EEIO_UK","FR","46.42Z","FD",38,"GCO2E_EUR",2022,4
"EEIO_UK","FR","46.42Z","GVA",23,"GCO2E_EUR",2022,4
"EEIO_UK","FR","46.42Z","IC",60,"GCO2E_EUR",2022,4
"EEIO_UK","FR","46.42Z","PRD",38,"GCO2E_EUR",2022,4
"EEIO_UK","FR","46.43Z","FD",38,"GCO2E_EUR",2022,4
"EEIO_UK","FR","46.43Z","GVA",23,"GCO2E_EUR",2022,4
"EEIO_UK","FR","46.43Z","IC",60,"GCO2E_EUR",2022,4
"EEIO_UK","FR","46.43Z","PRD",38,"GCO2E_EUR",2022,4
"EEIO_UK","FR","46.44Z","FD",38,"GCO2E_EUR",2022,4
"EEIO_UK","FR","46.44Z","GVA",23,"GCO2E_EUR",2022,4
"EEIO_UK","FR","46.44Z","IC",60,"GCO2E_EUR",2022,4
"EEIO_UK","FR","46.44Z","PRD",38,"GCO2E_EUR",2022,4
"EEIO_UK","FR","46.45Z","FD",38,"GCO2E_EUR",2022,4
"EEIO_UK","FR","46.45Z","GVA",23,"GCO2E_EUR",2022,4
"EEIO_UK","FR","46.45Z","IC",60,"GCO2E_EUR",2022,4
"EEIO_UK","FR","46.45Z","PRD",38,"GCO2E_EUR",2022,4
"EEIO_UK","FR","46.46Z","FD",38,"GCO2E_EUR",2022,4
"EEIO_UK","FR","46.46Z","GVA",23,"GCO2E_EUR",2022,4
"EEIO_UK","FR","46.46Z","IC",60,"GCO2E_EUR",2022,4
"EEIO_UK","FR","46.46Z","PRD",38,"GCO2E_EUR",2022,4
"EEIO_UK","FR","46.47Z","FD",38,"GCO2E_EUR",2022,4
"EEIO_UK","FR","46.47Z","GVA",23,"GCO2E_EUR",2022,4
"EEIO_UK","FR","46.47Z","IC",60,"GCO2E_EUR",2022,4
"EEIO_UK","FR","46.47Z","PRD",38,"GCO2E_EUR",2022,4
"EEIO_UK","FR","46.48Z","FD",38,"GCO2E_EUR",2022,4
"EEIO_UK","FR","46.48Z","GVA",23,"GCO2E_EUR",2022,4
"EEIO_UK","FR","46.48Z","IC",60,"GCO2E_EUR",2022,4
"EEIO_UK","FR","46.48Z","PRD",38,"GCO2E_EUR",2022,4
"EEIO_UK","FR","46.49Z","FD",38,"GCO2E_EUR",2022,4
"EEIO_UK","FR","46.49Z","GVA",23,"GCO2E_EUR",2022,4
"EEIO_UK","FR","46.49Z","IC",60,"GCO2E_EUR",2022,4
"EEIO_UK","FR","46.49Z","PRD",38,"GCO2E_EUR",2022,4
"EEIO_UK","FR","46.51Z","FD",38,"GCO2E_EUR",2022,4
"EEIO_UK","FR","46.51Z","GVA",23,"GCO2E_EUR",2022,4
"EEIO_UK","FR","46.51Z","IC",60,"GCO2E_EUR",2022,4
"EEIO_UK","FR","46.51Z","PRD",38,"GCO2E_EUR",2022,4
"EEIO_UK","FR","46.52Z","FD",38,"GCO2E_EUR",2022,4
"EEIO_UK","FR","46.52Z","GVA",23,"GCO2E_EUR",2022,4
"EEIO_UK","FR","46.52Z","IC",60,"GCO2E_EUR",2022,4
"EEIO_UK","FR","46.52Z","PRD",38,"GCO2E_EUR",2022,4
"EEIO_UK","FR","46.61Z","FD",38,"GCO2E_EUR",2022,4
"EEIO_UK","FR","46.61Z","GVA",23,"GCO2E_EUR",2022,4
"EEIO_UK","FR","46.61Z","IC",60,"GCO2E_EUR",2022,4
"EEIO_UK","FR","46.61Z","PRD",38,"GCO2E_EUR",2022,4
"EEIO_UK","FR","46.62Z","FD",38,"GCO2E_EUR",2022,4
"EEIO_UK","FR","46.62Z","GVA",23,"GCO2E_EUR",2022,4
"EEIO_UK","FR","46.62Z","IC",60,"GCO2E_EUR",2022,4
"EEIO_UK","FR","46.62Z","PRD",38,"GCO2E_EUR",2022,4
"EEIO_UK","FR","46.63Z","FD",38,"GCO2E_EUR",2022,4
"EEIO_UK","FR","46.63Z","GVA",23,"GCO2E_EUR",2022,4
"EEIO_UK","FR","46.63Z","IC",60,"GCO2E_EUR",2022,4
"EEIO_UK","FR","46.63Z","PRD",38,"GCO2E_EUR",2022,4
"EEIO_UK","FR","46.64Z","FD",38,"GCO2E_EUR",2022,4
"EEIO_UK","FR","46.64Z","GVA",23,"GCO2E_EUR",2022,4
"EEIO_UK","FR","46.64Z","IC",60,"GCO2E_EUR",2022,4
"EEIO_UK","FR","46.64Z","PRD",38,"GCO2E_EUR",2022,4
"EEIO_UK","FR","46.65Z","FD",38,"GCO2E_EUR",2022,4
"EEIO_UK","FR","46.65Z","GVA",23,"GCO2E_EUR",2022,4
"EEIO_UK","FR","46.65Z","IC",60,"GCO2E_EUR",2022,4
"EEIO_UK","FR","46.65Z","PRD",38,"GCO2E_EUR",2022,4
"EEIO_UK","FR","46.66Z","FD",38,"GCO2E_EUR",2022,4
"EEIO_UK","FR","46.66Z","GVA",23,"GCO2E_EUR",2022,4
"EEIO_UK","FR","46.66Z","IC",60,"GCO2E_EUR",2022,4
"EEIO_UK","FR","46.66Z","PRD",38,"GCO2E_EUR",2022,4
"EEIO_UK","FR","46.69A","FD",38,"GCO2E_EUR",2022,4
"EEIO_UK","FR","46.69A","GVA",23,"GCO2E_EUR",2022,4
"EEIO_UK","FR","46.69A","IC",60,"GCO2E_EUR",2022,4
"EEIO_UK","FR","46.69A","PRD",38,"GCO2E_EUR",2022,4
"EEIO_UK","FR","46.69B","FD",38,"GCO2E_EUR",2022,4
"EEIO_UK","FR","46.69B","GVA",23,"GCO2E_EUR",2022,4
"EEIO_UK","FR","46.69B","IC",60,"GCO2E_EUR",2022,4
"EEIO_UK","FR","46.69B","PRD",38,"GCO2E_EUR",2022,4
"EEIO_UK","FR","46.69C","FD",38,"GCO2E_EUR",2022,4
"EEIO_UK","FR","46.69C","GVA",23,"GCO2E_EUR",2022,4
"EEIO_UK","FR","46.69C","IC",60,"GCO2E_EUR",2022,4
"EEIO_UK","FR","46.69C","PRD",38,"GCO2E_EUR",2022,4
"EEIO_UK","FR","46.71Z","FD",38,"GCO2E_EUR",2022,4
"EEIO_UK","FR","46.71Z","GVA",23,"GCO2E_EUR",2022,4
"EEIO_UK","FR","46.71Z","IC",60,"GCO2E_EUR",2022,4
"EEIO_UK","FR","46.71Z","PRD",38,"GCO2E_EUR",2022,4
"EEIO_UK","FR","46.72Z","FD",38,"GCO2E_EUR",2022,4
"EEIO_UK","FR","46.72Z","GVA",23,"GCO2E_EUR",2022,4
"EEIO_UK","FR","46.72Z","IC",60,"GCO2E_EUR",2022,4
"EEIO_UK","FR","46.72Z","PRD",38,"GCO2E_EUR",2022,4
"EEIO_UK","FR","46.73A","FD",38,"GCO2E_EUR",2022,4
"EEIO_UK","FR","46.73A","GVA",23,"GCO2E_EUR",2022,4
"EEIO_UK","FR","46.73A","IC",60,"GCO2E_EUR",2022,4
"EEIO_UK","FR","46.73A","PRD",38,"GCO2E_EUR",2022,4
"EEIO_UK","FR","46.73B","FD",38,"GCO2E_EUR",2022,4
"EEIO_UK","FR","46.73B","GVA",23,"GCO2E_EUR",2022,4
"EEIO_UK","FR","46.73B","IC",60,"GCO2E_EUR",2022,4
"EEIO_UK","FR","46.73B","PRD",38,"GCO2E_EUR",2022,4
"EEIO_UK","FR","46.74A","FD",38,"GCO2E_EUR",2022,4
"EEIO_UK","FR","46.74A","GVA",23,"GCO2E_EUR",2022,4
"EEIO_UK","FR","46.74A","IC",60,"GCO2E_EUR",2022,4
"EEIO_UK","FR","46.74A","PRD",38,"GCO2E_EUR",2022,4
"EEIO_UK","FR","46.74B","FD",38,"GCO2E_EUR",2022,4
"EEIO_UK","FR","46.74B","GVA",23,"GCO2E_EUR",2022,4
"EEIO_UK","FR","46.74B","IC",60,"GCO2E_EUR",2022,4
"EEIO_UK","FR","46.74B","PRD",38,"GCO2E_EUR",2022,4
"EEIO_UK","FR","46.75Z","FD",38,"GCO2E_EUR",2022,4
"EEIO_UK","FR","46.75Z","GVA",23,"GCO2E_EUR",2022,4
"EEIO_UK","FR","46.75Z","IC",60,"GCO2E_EUR",2022,4
"EEIO_UK","FR","46.75Z","PRD",38,"GCO2E_EUR",2022,4
"EEIO_UK","FR","46.76Z","FD",38,"GCO2E_EUR",2022,4
"EEIO_UK","FR","46.76Z","GVA",23,"GCO2E_EUR",2022,4
"EEIO_UK","FR","46.76Z","IC",60,"GCO2E_EUR",2022,4
"EEIO_UK","FR","46.76Z","PRD",38,"GCO2E_EUR",2022,4
"EEIO_UK","FR","46.77Z","FD",38,"GCO2E_EUR",2022,4
"EEIO_UK","FR","46.77Z","GVA",23,"GCO2E_EUR",2022,4
"EEIO_UK","FR","46.77Z","IC",60,"GCO2E_EUR",2022,4
"EEIO_UK","FR","46.77Z","PRD",38,"GCO2E_EUR",2022,4
"EEIO_UK","FR","46.90Z","FD",38,"GCO2E_EUR",2022,4
"EEIO_UK","FR","46.90Z","GVA",23,"GCO2E_EUR",2022,4
"EEIO_UK","FR","46.90Z","IC",60,"GCO2E_EUR",2022,4
"EEIO_UK","FR","46.90Z","PRD",38,"GCO2E_EUR",2022,4
"EEIO_UK","FR","47.11A","FD",42,"GCO2E_EUR",2022,4
"EEIO_UK","FR","47.11A","GVA",49,"GCO2E_EUR",2022,4
"EEIO_UK","FR","47.11A","IC",33,"GCO2E_EUR",2022,4
"EEIO_UK","FR","47.11A","PRD",42,"GCO2E_EUR",2022,4
"EEIO_UK","FR","47.11B","FD",42,"GCO2E_EUR",2022,4
"EEIO_UK","FR","47.11B","GVA",49,"GCO2E_EUR",2022,4
"EEIO_UK","FR","47.11B","IC",33,"GCO2E_EUR",2022,4
"EEIO_UK","FR","47.11B","PRD",42,"GCO2E_EUR",2022,4
"EEIO_UK","FR","47.11C","FD",42,"GCO2E_EUR",2022,4
"EEIO_UK","FR","47.11C","GVA",49,"GCO2E_EUR",2022,4
"EEIO_UK","FR","47.11C","IC",33,"GCO2E_EUR",2022,4
"EEIO_UK","FR","47.11C","PRD",42,"GCO2E_EUR",2022,4
"EEIO_UK","FR","47.11D","FD",42,"GCO2E_EUR",2022,4
"EEIO_UK","FR","47.11D","GVA",49,"GCO2E_EUR",2022,4
"EEIO_UK","FR","47.11D","IC",33,"GCO2E_EUR",2022,4
"EEIO_UK","FR","47.11D","PRD",42,"GCO2E_EUR",2022,4
"EEIO_UK","FR","47.11E","FD",42,"GCO2E_EUR",2022,4
"EEIO_UK","FR","47.11E","GVA",49,"GCO2E_EUR",2022,4
"EEIO_UK","FR","47.11E","IC",33,"GCO2E_EUR",2022,4
"EEIO_UK","FR","47.11E","PRD",42,"GCO2E_EUR",2022,4
"EEIO_UK","FR","47.11F","FD",42,"GCO2E_EUR",2022,4
"EEIO_UK","FR","47.11F","GVA",49,"GCO2E_EUR",2022,4
"EEIO_UK","FR","47.11F","IC",33,"GCO2E_EUR",2022,4
"EEIO_UK","FR","47.11F","PRD",42,"GCO2E_EUR",2022,4
"EEIO_UK","FR","47.19A","FD",42,"GCO2E_EUR",2022,4
"EEIO_UK","FR","47.19A","GVA",49,"GCO2E_EUR",2022,4
"EEIO_UK","FR","47.19A","IC",33,"GCO2E_EUR",2022,4
"EEIO_UK","FR","47.19A","PRD",42,"GCO2E_EUR",2022,4
"EEIO_UK","FR","47.19B","FD",42,"GCO2E_EUR",2022,4
"EEIO_UK","FR","47.19B","GVA",49,"GCO2E_EUR",2022,4
"EEIO_UK","FR","47.19B","IC",33,"GCO2E_EUR",2022,4
"EEIO_UK","FR","47.19B","PRD",42,"GCO2E_EUR",2022,4
"EEIO_UK","FR","47.21Z","FD",42,"GCO2E_EUR",2022,4
"EEIO_UK","FR","47.21Z","GVA",49,"GCO2E_EUR",2022,4
"EEIO_UK","FR","47.21Z","IC",33,"GCO2E_EUR",2022,4
"EEIO_UK","FR","47.21Z","PRD",42,"GCO2E_EUR",2022,4
"EEIO_UK","FR","47.22Z","FD",42,"GCO2E_EUR",2022,4
"EEIO_UK","FR","47.22Z","GVA",49,"GCO2E_EUR",2022,4
"EEIO_UK","FR","47.22Z","IC",33,"GCO2E_EUR",2022,4
"EEIO_UK","FR","47.22Z","PRD",42,"GCO2E_EUR",2022,4
"EEIO_UK","FR","47.23Z","FD",42,"GCO2E_EUR",2022,4
"EEIO_UK","FR","47.23Z","GVA",49,"GCO2E_EUR",2022,4
"EEIO_UK","FR","47.23Z","IC",33,"GCO2E_EUR",2022,4
"EEIO_UK","FR","47.23Z","PRD",42,"GCO2E_EUR",2022,4
"EEIO_UK","FR","47.24Z","FD",42,"GCO2E_EUR",2022,4
"EEIO_UK","FR","47.24Z","GVA",49,"GCO2E_EUR",2022,4
"EEIO_UK","FR","47.24Z","IC",33,"GCO2E_EUR",2022,4
"EEIO_UK","FR","47.24Z","PRD",42,"GCO2E_EUR",2022,4
"EEIO_UK","FR","47.25Z","FD",42,"GCO2E_EUR",2022,4
"EEIO_UK","FR","47.25Z","GVA",49,"GCO2E_EUR",2022,4
"EEIO_UK","FR","47.25Z","IC",33,"GCO2E_EUR",2022,4
"EEIO_UK","FR","47.25Z","PRD",42,"GCO2E_EUR",2022,4
"EEIO_UK","FR","47.26Z","FD",42,"GCO2E_EUR",2022,4
"EEIO_UK","FR","47.26Z","GVA",49,"GCO2E_EUR",2022,4
"EEIO_UK","FR","47.26Z","IC",33,"GCO2E_EUR",2022,4
"EEIO_UK","FR","47.26Z","PRD",42,"GCO2E_EUR",2022,4
"EEIO_UK","FR","47.29Z","FD",42,"GCO2E_EUR",2022,4
"EEIO_UK","FR","47.29Z","GVA",49,"GCO2E_EUR",2022,4
"EEIO_UK","FR","47.29Z","IC",33,"GCO2E_EUR",2022,4
"EEIO_UK","FR","47.29Z","PRD",42,"GCO2E_EUR",2022,4
"EEIO_UK","FR","47.30Z","FD",42,"GCO2E_EUR",2022,4
"EEIO_UK","FR","47.30Z","GVA",49,"GCO2E_EUR",2022,4
"EEIO_UK","FR","47.30Z","IC",33,"GCO2E_EUR",2022,4
"EEIO_UK","FR","47.30Z","PRD",42,"GCO2E_EUR",2022,4
"EEIO_UK","FR","47.41Z","FD",42,"GCO2E_EUR",2022,4
"EEIO_UK","FR","47.41Z","GVA",49,"GCO2E_EUR",2022,4
"EEIO_UK","FR","47.41Z","IC",33,"GCO2E_EUR",2022,4
"EEIO_UK","FR","47.41Z","PRD",42,"GCO2E_EUR",2022,4
"EEIO_UK","FR","47.42Z","FD",42,"GCO2E_EUR",2022,4
"EEIO_UK","FR","47.42Z","GVA",49,"GCO2E_EUR",2022,4
"EEIO_UK","FR","47.42Z","IC",33,"GCO2E_EUR",2022,4
"EEIO_UK","FR","47.42Z","PRD",42,"GCO2E_EUR",2022,4
"EEIO_UK","FR","47.43Z","FD",42,"GCO2E_EUR",2022,4
"EEIO_UK","FR","47.43Z","GVA",49,"GCO2E_EUR",2022,4
"EEIO_UK","FR","47.43Z","IC",33,"GCO2E_EUR",2022,4
"EEIO_UK","FR","47.43Z","PRD",42,"GCO2E_EUR",2022,4
"EEIO_UK","FR","47.51Z","FD",42,"GCO2E_EUR",2022,4
"EEIO_UK","FR","47.51Z","GVA",49,"GCO2E_EUR",2022,4
"EEIO_UK","FR","47.51Z","IC",33,"GCO2E_EUR",2022,4
"EEIO_UK","FR","47.51Z","PRD",42,"GCO2E_EUR",2022,4
"EEIO_UK","FR","47.52A","FD",42,"GCO2E_EUR",2022,4
"EEIO_UK","FR","47.52A","GVA",49,"GCO2E_EUR",2022,4
"EEIO_UK","FR","47.52A","IC",33,"GCO2E_EUR",2022,4
"EEIO_UK","FR","47.52A","PRD",42,"GCO2E_EUR",2022,4
"EEIO_UK","FR","47.52B","FD",42,"GCO2E_EUR",2022,4
"EEIO_UK","FR","47.52B","GVA",49,"GCO2E_EUR",2022,4
"EEIO_UK","FR","47.52B","IC",33,"GCO2E_EUR",2022,4
"EEIO_UK","FR","47.52B","PRD",42,"GCO2E_EUR",2022,4
"EEIO_UK","FR","47.53Z","FD",42,"GCO2E_EUR",2022,4
"EEIO_UK","FR","47.53Z","GVA",49,"GCO2E_EUR",2022,4
"EEIO_UK","FR","47.53Z","IC",33,"GCO2E_EUR",2022,4
"EEIO_UK","FR","47.53Z","PRD",42,"GCO2E_EUR",2022,4
"EEIO_UK","FR","47.54Z","FD",42,"GCO2E_EUR",2022,4
"EEIO_UK","FR","47.54Z","GVA",49,"GCO2E_EUR",2022,4
"EEIO_UK","FR","47.54Z","IC",33,"GCO2E_EUR",2022,4
"EEIO_UK","FR","47.54Z","PRD",42,"GCO2E_EUR",2022,4
"EEIO_UK","FR","47.59A","FD",42,"GCO2E_EUR",2022,4
"EEIO_UK","FR","47.59A","GVA",49,"GCO2E_EUR",2022,4
"EEIO_UK","FR","47.59A","IC",33,"GCO2E_EUR",2022,4
"EEIO_UK","FR","47.59A","PRD",42,"GCO2E_EUR",2022,4
"EEIO_UK","FR","47.59B","FD",42,"GCO2E_EUR",2022,4
"EEIO_UK","FR","47.59B","GVA",49,"GCO2E_EUR",2022,4
"EEIO_UK","FR","47.59B","IC",33,"GCO2E_EUR",2022,4
"EEIO_UK","FR","47.59B","PRD",42,"GCO2E_EUR",2022,4
"EEIO_UK","FR","47.61Z","FD",42,"GCO2E_EUR",2022,4
"EEIO_UK","FR","47.61Z","GVA",49,"GCO2E_EUR",2022,4
"EEIO_UK","FR","47.61Z","IC",33,"GCO2E_EUR",2022,4
"EEIO_UK","FR","47.61Z","PRD",42,"GCO2E_EUR",2022,4
"EEIO_UK","FR","47.62Z","FD",42,"GCO2E_EUR",2022,4
"EEIO_UK","FR","47.62Z","GVA",49,"GCO2E_EUR",2022,4
"EEIO_UK","FR","47.62Z","IC",33,"GCO2E_EUR",2022,4
"EEIO_UK","FR","47.62Z","PRD",42,"GCO2E_EUR",2022,4
"EEIO_UK","FR","47.63Z","FD",42,"GCO2E_EUR",2022,4
"EEIO_UK","FR","47.63Z","GVA",49,"GCO2E_EUR",2022,4
"EEIO_UK","FR","47.63Z","IC",33,"GCO2E_EUR",2022,4
"EEIO_UK","FR","47.63Z","PRD",42,"GCO2E_EUR",2022,4
"EEIO_UK","FR","47.64Z","FD",42,"GCO2E_EUR",2022,4
"EEIO_UK","FR","47.64Z","GVA",49,"GCO2E_EUR",2022,4
"EEIO_UK","FR","47.64Z","IC",33,"GCO2E_EUR",2022,4
"EEIO_UK","FR","47.64Z","PRD",42,"GCO2E_EUR",2022,4
"EEIO_UK","FR","47.65Z","FD",42,"GCO2E_EUR",2022,4
"EEIO_UK","FR","47.65Z","GVA",49,"GCO2E_EUR",2022,4
"EEIO_UK","FR","47.65Z","IC",33,"GCO2E_EUR",2022,4
"EEIO_UK","FR","47.65Z","PRD",42,"GCO2E_EUR",2022,4
"EEIO_UK","FR","47.71Z","FD",42,"GCO2E_EUR",2022,4
"EEIO_UK","FR","47.71Z","GVA",49,"GCO2E_EUR",2022,4
"EEIO_UK","FR","47.71Z","IC",33,"GCO2E_EUR",2022,4
"EEIO_UK","FR","47.71Z","PRD",42,"GCO2E_EUR",2022,4
"EEIO_UK","FR","47.72A","FD",42,"GCO2E_EUR",2022,4
"EEIO_UK","FR","47.72A","GVA",49,"GCO2E_EUR",2022,4
"EEIO_UK","FR","47.72A","IC",33,"GCO2E_EUR",2022,4
"EEIO_UK","FR","47.72A","PRD",42,"GCO2E_EUR",2022,4
"EEIO_UK","FR","47.72B","FD",42,"GCO2E_EUR",2022,4
"EEIO_UK","FR","47.72B","GVA",49,"GCO2E_EUR",2022,4
"EEIO_UK","FR","47.72B","IC",33,"GCO2E_EUR",2022,4
"EEIO_UK","FR","47.72B","PRD",42,"GCO2E_EUR",2022,4
"EEIO_UK","FR","47.73Z","FD",42,"GCO2E_EUR",2022,4
"EEIO_UK","FR","47.73Z","GVA",49,"GCO2E_EUR",2022,4
"EEIO_UK","FR","47.73Z","IC",33,"GCO2E_EUR",2022,4
"EEIO_UK","FR","47.73Z","PRD",42,"GCO2E_EUR",2022,4
"EEIO_UK","FR","47.74Z","FD",42,"GCO2E_EUR",2022,4
"EEIO_UK","FR","47.74Z","GVA",49,"GCO2E_EUR",2022,4
"EEIO_UK","FR","47.74Z","IC",33,"GCO2E_EUR",2022,4
"EEIO_UK","FR","47.74Z","PRD",42,"GCO2E_EUR",2022,4
"EEIO_UK","FR","47.75Z","FD",42,"GCO2E_EUR",2022,4
"EEIO_UK","FR","47.75Z","GVA",49,"GCO2E_EUR",2022,4
"EEIO_UK","FR","47.75Z","IC",33,"GCO2E_EUR",2022,4
"EEIO_UK","FR","47.75Z","PRD",42,"GCO2E_EUR",2022,4
"EEIO_UK","FR","47.76Z","FD",42,"GCO2E_EUR",2022,4
"EEIO_UK","FR","47.76Z","GVA",49,"GCO2E_EUR",2022,4
"EEIO_UK","FR","47.76Z","IC",33,"GCO2E_EUR",2022,4
"EEIO_UK","FR","47.76Z","PRD",42,"GCO2E_EUR",2022,4
"EEIO_UK","FR","47.77Z","FD",42,"GCO2E_EUR",2022,4
"EEIO_UK","FR","47.77Z","GVA",49,"GCO2E_EUR",2022,4
"EEIO_UK","FR","47.77Z","IC",33,"GCO2E_EUR",2022,4
"EEIO_UK","FR","47.77Z","PRD",42,"GCO2E_EUR",2022,4
"EEIO_UK","FR","47.78A","FD",42,"GCO2E_EUR",2022,4
"EEIO_UK","FR","47.78A","GVA",49,"GCO2E_EUR",2022,4
"EEIO_UK","FR","47.78A","IC",33,"GCO2E_EUR",2022,4
"EEIO_UK","FR","47.78A","PRD",42,"GCO2E_EUR",2022,4
"EEIO_UK","FR","47.78B","FD",42,"GCO2E_EUR",2022,4
"EEIO_UK","FR","47.78B","GVA",49,"GCO2E_EUR",2022,4
"EEIO_UK","FR","47.78B","IC",33,"GCO2E_EUR",2022,4
"EEIO_UK","FR","47.78B","PRD",42,"GCO2E_EUR",2022,4
"EEIO_UK","FR","47.78C","FD",42,"GCO2E_EUR",2022,4
"EEIO_UK","FR","47.78C","GVA",49,"GCO2E_EUR",2022,4
"EEIO_UK","FR","47.78C","IC",33,"GCO2E_EUR",2022,4
"EEIO_UK","FR","47.78C","PRD",42,"GCO2E_EUR",2022,4
"EEIO_UK","FR","47.79Z","FD",42,"GCO2E_EUR",2022,4
"EEIO_UK","FR","47.79Z","GVA",49,"GCO2E_EUR",2022,4
"EEIO_UK","FR","47.79Z","IC",33,"GCO2E_EUR",2022,4
"EEIO_UK","FR","47.79Z","PRD",42,"GCO2E_EUR",2022,4
"EEIO_UK","FR","47.81Z","FD",42,"GCO2E_EUR",2022,4
"EEIO_UK","FR","47.81Z","GVA",49,"GCO2E_EUR",2022,4
"EEIO_UK","FR","47.81Z","IC",33,"GCO2E_EUR",2022,4
"EEIO_UK","FR","47.81Z","PRD",42,"GCO2E_EUR",2022,4
"EEIO_UK","FR","47.82Z","FD",42,"GCO2E_EUR",2022,4
"EEIO_UK","FR","47.82Z","GVA",49,"GCO2E_EUR",2022,4
"EEIO_UK","FR","47.82Z","IC",33,"GCO2E_EUR",2022,4
"EEIO_UK","FR","47.82Z","PRD",42,"GCO2E_EUR",2022,4
"EEIO_UK","FR","47.89Z","FD",42,"GCO2E_EUR",2022,4
"EEIO_UK","FR","47.89Z","GVA",49,"GCO2E_EUR",2022,4
"EEIO_UK","FR","47.89Z","IC",33,"GCO2E_EUR",2022,4
"EEIO_UK","FR","47.89Z","PRD",42,"GCO2E_EUR",2022,4
"EEIO_UK","FR","47.91A","FD",42,"GCO2E_EUR",2022,4
"EEIO_UK","FR","47.91A","GVA",49,"GCO2E_EUR",2022,4
"EEIO_UK","FR","47.91A","IC",33,"GCO2E_EUR",2022,4
"EEIO_UK","FR","47.91A","PRD",42,"GCO2E_EUR",2022,4
"EEIO_UK","FR","47.91B","FD",42,"GCO2E_EUR",2022,4
"EEIO_UK","FR","47.91B","GVA",49,"GCO2E_EUR",2022,4
"EEIO_UK","FR","47.91B","IC",33,"GCO2E_EUR",2022,4
"EEIO_UK","FR","47.91B","PRD",42,"GCO2E_EUR",2022,4
"EEIO_UK","FR","47.99A","FD",42,"GCO2E_EUR",2022,4
"EEIO_UK","FR","47.99A","GVA",49,"GCO2E_EUR",2022,4
"EEIO_UK","FR","47.99A","IC",33,"GCO2E_EUR",2022,4
"EEIO_UK","FR","47.99A","PRD",42,"GCO2E_EUR",2022,4
"EEIO_UK","FR","47.99B","FD",42,"GCO2E_EUR",2022,4
"EEIO_UK","FR","47.99B","GVA",49,"GCO2E_EUR",2022,4
"EEIO_UK","FR","47.99B","IC",33,"GCO2E_EUR",2022,4
"EEIO_UK","FR","47.99B","PRD",42,"GCO2E_EUR",2022,4
"EEIO_UK","FR","49.10Z","FD",121,"GCO2E_EUR",2022,2
"EEIO_UK","FR","49.10Z","GVA",290,"GCO2E_EUR",2022,2
"EEIO_UK","FR","49.10Z","IC",49,"GCO2E_EUR",2022,2
"EEIO_UK","FR","49.10Z","PRD",102,"GCO2E_EUR",2022,2
"EEIO_UK","FR","49.20Z","FD",121,"GCO2E_EUR",2022,2
"EEIO_UK","FR","49.20Z","GVA",290,"GCO2E_EUR",2022,2
"EEIO_UK","FR","49.20Z","IC",49,"GCO2E_EUR",2022,2
"EEIO_UK","FR","49.20Z","PRD",102,"GCO2E_EUR",2022,2
"EEIO_UK","FR","49.31Z","FD",212,"GCO2E_EUR",2022,3
"EEIO_UK","FR","49.31Z","GVA",336,"GCO2E_EUR",2022,3
"EEIO_UK","FR","49.31Z","IC",50,"GCO2E_EUR",2022,3
"EEIO_UK","FR","49.31Z","PRD",191,"GCO2E_EUR",2022,3
"EEIO_UK","FR","49.32Z","FD",212,"GCO2E_EUR",2022,3
"EEIO_UK","FR","49.32Z","GVA",336,"GCO2E_EUR",2022,3
"EEIO_UK","FR","49.32Z","IC",50,"GCO2E_EUR",2022,3
"EEIO_UK","FR","49.32Z","PRD",191,"GCO2E_EUR",2022,3
"EEIO_UK","FR","49.39A","FD",212,"GCO2E_EUR",2022,3
"EEIO_UK","FR","49.39A","GVA",336,"GCO2E_EUR",2022,3
"EEIO_UK","FR","49.39A","IC",50,"GCO2E_EUR",2022,3
"EEIO_UK","FR","49.39A","PRD",191,"GCO2E_EUR",2022,3
"EEIO_UK","FR","49.39B","FD",212,"GCO2E_EUR",2022,3
"EEIO_UK","FR","49.39B","GVA",336,"GCO2E_EUR",2022,3
"EEIO_UK","FR","49.39B","IC",50,"GCO2E_EUR",2022,3
"EEIO_UK","FR","49.39B","PRD",191,"GCO2E_EUR",2022,3
"EEIO_UK","FR","49.39C","FD",212,"GCO2E_EUR",2022,3
"EEIO_UK","FR","49.39C","GVA",336,"GCO2E_EUR",2022,3
"EEIO_UK","FR","49.39C","IC",50,"GCO2E_EUR",2022,3
"EEIO_UK","FR","49.39C","PRD",191,"GCO2E_EUR",2022,3
"EEIO_UK","FR","49.41A","FD",212,"GCO2E_EUR",2022,3
"EEIO_UK","FR","49.41A","GVA",336,"GCO2E_EUR",2022,3
"EEIO_UK","FR","49.41A","IC",50,"GCO2E_EUR",2022,3
"EEIO_UK","FR","49.41A","PRD",191,"GCO2E_EUR",2022,3
"EEIO_UK","FR","49.41B","FD",212,"GCO2E_EUR",2022,3
"EEIO_UK","FR","49.41B","GVA",336,"GCO2E_EUR",2022,3
"EEIO_UK","FR","49.41B","IC",50,"GCO2E_EUR",2022,3
"EEIO_UK","FR","49.41B","PRD",191,"GCO2E_EUR",2022,3
"EEIO_UK","FR","49.41C","FD",212,"GCO2E_EUR",2022,3
"EEIO_UK","FR","49.41C","GVA",336,"GCO2E_EUR",2022,3
"EEIO_UK","FR","49.41C","IC",50,"GCO2E_EUR",2022,3
"EEIO_UK","FR","49.41C","PRD",191,"GCO2E_EUR",2022,3
"EEIO_UK","FR","49.42Z","FD",212,"GCO2E_EUR",2022,3
"EEIO_UK","FR","49.42Z","GVA",336,"GCO2E_EUR",2022,3
"EEIO_UK","FR","49.42Z","IC",50,"GCO2E_EUR",2022,3
"EEIO_UK","FR","49.42Z","PRD",191,"GCO2E_EUR",2022,3
"EEIO_UK","FR","49.50Z","FD",212,"GCO2E_EUR",2022,3
"EEIO_UK","FR","49.50Z","GVA",336,"GCO2E_EUR",2022,3
"EEIO_UK","FR","49.50Z","IC",50,"GCO2E_EUR",2022,3
"EEIO_UK","FR","49.50Z","PRD",191,"GCO2E_EUR",2022,3
"EEIO_UK","FR","50.10Z","FD",587,"GCO2E_EUR",2022,4
"EEIO_UK","FR","50.10Z","GVA",1718,"GCO2E_EUR",2022,4
"EEIO_UK","FR","50.10Z","IC",3,"GCO2E_EUR",2022,4
"EEIO_UK","FR","50.10Z","PRD",580,"GCO2E_EUR",2022,4
"EEIO_UK","FR","50.20Z","FD",587,"GCO2E_EUR",2022,4
"EEIO_UK","FR","50.20Z","GVA",1718,"GCO2E_EUR",2022,4
"EEIO_UK","FR","50.20Z","IC",3,"GCO2E_EUR",2022,4
"EEIO_UK","FR","50.20Z","PRD",580,"GCO2E_EUR",2022,4
"EEIO_UK","FR","50.30Z","FD",587,"GCO2E_EUR",2022,4
"EEIO_UK","FR","50.30Z","GVA",1718,"GCO2E_EUR",2022,4
"EEIO_UK","FR","50.30Z","IC",3,"GCO2E_EUR",2022,4
"EEIO_UK","FR","50.30Z","PRD",580,"GCO2E_EUR",2022,4
"EEIO_UK","FR","50.40Z","FD",587,"GCO2E_EUR",2022,4
"EEIO_UK","FR","50.40Z","GVA",1718,"GCO2E_EUR",2022,4
"EEIO_UK","FR","50.40Z","IC",3,"GCO2E_EUR",2022,4
"EEIO_UK","FR","50.40Z","PRD",580,"GCO2E_EUR",2022,4
"EEIO_UK","FR","51.10Z","FD",842,"GCO2E_EUR",2022,4
"EEIO_UK","FR","51.10Z","GVA",4928,"GCO2E_EUR",2022,4
"EEIO_UK","FR","51.10Z","IC",19,"GCO2E_EUR",2022,4
"EEIO_UK","FR","51.10Z","PRD",766,"GCO2E_EUR",2022,4
"EEIO_UK","FR","51.21Z","FD",842,"GCO2E_EUR",2022,4
"EEIO_UK","FR","51.21Z","GVA",4928,"GCO2E_EUR",2022,4
"EEIO_UK","FR","51.21Z","IC",19,"GCO2E_EUR",2022,4
"EEIO_UK","FR","51.21Z","PRD",766,"GCO2E_EUR",2022,4
"EEIO_UK","FR","51.22Z","FD",842,"GCO2E_EUR",2022,4
"EEIO_UK","FR","51.22Z","GVA",4928,"GCO2E_EUR",2022,4
"EEIO_UK","FR","51.22Z","IC",19,"GCO2E_EUR",2022,4
"EEIO_UK","FR","51.22Z","PRD",766,"GCO2E_EUR",2022,4
"EEIO_UK","FR","52.10A","FD",126,"GCO2E_EUR",2022,4
"EEIO_UK","FR","52.10A","GVA",36,"GCO2E_EUR",2022,4
"EEIO_UK","FR","52.10A","IC",140,"GCO2E_EUR",2022,4
"EEIO_UK","FR","52.10A","PRD",104,"GCO2E_EUR",2022,4
"EEIO_UK","FR","52.10B","FD",126,"GCO2E_EUR",2022,4
"EEIO_UK","FR","52.10B","GVA",36,"GCO2E_EUR",2022,4
"EEIO_UK","FR","52.10B","IC",140,"GCO2E_EUR",2022,4
"EEIO_UK","FR","52.10B","PRD",104,"GCO2E_EUR",2022,4
"EEIO_UK","FR","52.21Z","FD",126,"GCO2E_EUR",2022,4
"EEIO_UK","FR","52.21Z","GVA",36,"GCO2E_EUR",2022,4
"EEIO_UK","FR","52.21Z","IC",140,"GCO2E_EUR",2022,4
"EEIO_UK","FR","52.21Z","PRD",104,"GCO2E_EUR",2022,4
"EEIO_UK","FR","52.22Z","FD",126,"GCO2E_EUR",2022,4
"EEIO_UK","FR","52.22Z","GVA",36,"GCO2E_EUR",2022,4
"EEIO_UK","FR","52.22Z","IC",140,"GCO2E_EUR",2022,4
"EEIO_UK","FR","52.22Z","PRD",104,"GCO2E_EUR",2022,4
"EEIO_UK","FR","52.23Z","FD",126,"GCO2E_EUR",2022,4
"EEIO_UK","FR","52.23Z","GVA",36,"GCO2E_EUR",2022,4
"EEIO_UK","FR","52.23Z","IC",140,"GCO2E_EUR",2022,4
"EEIO_UK","FR","52.23Z","PRD",104,"GCO2E_EUR",2022,4
"EEIO_UK","FR","52.24A","FD",126,"GCO2E_EUR",2022,4
"EEIO_UK","FR","52.24A","GVA",36,"GCO2E_EUR",2022,4
"EEIO_UK","FR","52.24A","IC",140,"GCO2E_EUR",2022,4
"EEIO_UK","FR","52.24A","PRD",104,"GCO2E_EUR",2022,4
"EEIO_UK","FR","52.24B","FD",126,"GCO2E_EUR",2022,4
"EEIO_UK","FR","52.24B","GVA",36,"GCO2E_EUR",2022,4
"EEIO_UK","FR","52.24B","IC",140,"GCO2E_EUR",2022,4
"EEIO_UK","FR","52.24B","PRD",104,"GCO2E_EUR",2022,4
"EEIO_UK","FR","52.29A","FD",126,"GCO2E_EUR",2022,4
"EEIO_UK","FR","52.29A","GVA",36,"GCO2E_EUR",2022,4
"EEIO_UK","FR","52.29A","IC",140,"GCO2E_EUR",2022,4
"EEIO_UK","FR","52.29A","PRD",104,"GCO2E_EUR",2022,4
"EEIO_UK","FR","52.29B","FD",126,"GCO2E_EUR",2022,4
"EEIO_UK","FR","52.29B","GVA",36,"GCO2E_EUR",2022,4
"EEIO_UK","FR","52.29B","IC",140,"GCO2E_EUR",2022,4
"EEIO_UK","FR","52.29B","PRD",104,"GCO2E_EUR",2022,4
"EEIO_UK","FR","53.10Z","FD",56,"GCO2E_EUR",2022,4
"EEIO_UK","FR","53.10Z","GVA",41,"GCO2E_EUR",2022,4
"EEIO_UK","FR","53.10Z","IC",54,"GCO2E_EUR",2022,4
"EEIO_UK","FR","53.10Z","PRD",47,"GCO2E_EUR",2022,4
"EEIO_UK","FR","53.20Z","FD",56,"GCO2E_EUR",2022,4
"EEIO_UK","FR","53.20Z","GVA",41,"GCO2E_EUR",2022,4
"EEIO_UK","FR","53.20Z","IC",54,"GCO2E_EUR",2022,4
"EEIO_UK","FR","53.20Z","PRD",47,"GCO2E_EUR",2022,4
"EEIO_UK","FR","55.10Z","FD",83,"GCO2E_EUR",2022,3
"EEIO_UK","FR","55.10Z","GVA",38,"GCO2E_EUR",2022,3
"EEIO_UK","FR","55.10Z","IC",132,"GCO2E_EUR",2022,3
"EEIO_UK","FR","55.10Z","PRD",81,"GCO2E_EUR",2022,3
"EEIO_UK","FR","55.20Z","FD",83,"GCO2E_EUR",2022,3
"EEIO_UK","FR","55.20Z","GVA",38,"GCO2E_EUR",2022,3
"EEIO_UK","FR","55.20Z","IC",132,"GCO2E_EUR",2022,3
"EEIO_UK","FR","55.20Z","PRD",81,"GCO2E_EUR",2022,3
"EEIO_UK","FR","55.30Z","FD",83,"GCO2E_EUR",2022,3
"EEIO_UK","FR","55.30Z","GVA",38,"GCO2E_EUR",2022,3
"EEIO_UK","FR","55.30Z","IC",132,"GCO2E_EUR",2022,3
"EEIO_UK","FR","55.30Z","PRD",81,"GCO2E_EUR",2022,3
"EEIO_UK","FR","55.90Z","FD",83,"GCO2E_EUR",2022,3
"EEIO_UK","FR","55.90Z","GVA",38,"GCO2E_EUR",2022,3
"EEIO_UK","FR","55.90Z","IC",132,"GCO2E_EUR",2022,3
"EEIO_UK","FR","55.90Z","PRD",81,"GCO2E_EUR",2022,3
"EEIO_UK","FR","56.10A","FD",69,"GCO2E_EUR",2022,3
"EEIO_UK","FR","56.10A","GVA",24,"GCO2E_EUR",2022,3
"EEIO_UK","FR","56.10A","IC",160,"GCO2E_EUR",2022,3
"EEIO_UK","FR","56.10A","PRD",68,"GCO2E_EUR",2022,3
"EEIO_UK","FR","56.10B","FD",69,"GCO2E_EUR",2022,3
"EEIO_UK","FR","56.10B","GVA",24,"GCO2E_EUR",2022,3
"EEIO_UK","FR","56.10B","IC",160,"GCO2E_EUR",2022,3
"EEIO_UK","FR","56.10B","PRD",68,"GCO2E_EUR",2022,3
"EEIO_UK","FR","56.10C","FD",69,"GCO2E_EUR",2022,3
"EEIO_UK","FR","56.10C","GVA",24,"GCO2E_EUR",2022,3
"EEIO_UK","FR","56.10C","IC",160,"GCO2E_EUR",2022,3
"EEIO_UK","FR","56.10C","PRD",68,"GCO2E_EUR",2022,3
"EEIO_UK","FR","56.21Z","FD",69,"GCO2E_EUR",2022,3
"EEIO_UK","FR","56.21Z","GVA",24,"GCO2E_EUR",2022,3
"EEIO_UK","FR","56.21Z","IC",160,"GCO2E_EUR",2022,3
"EEIO_UK","FR","56.21Z","PRD",68,"GCO2E_EUR",2022,3
"EEIO_UK","FR","56.29A","FD",69,"GCO2E_EUR",2022,3
"EEIO_UK","FR","56.29A","GVA",24,"GCO2E_EUR",2022,3
"EEIO_UK","FR","56.29A","IC",160,"GCO2E_EUR",2022,3
"EEIO_UK","FR","56.29A","PRD",68,"GCO2E_EUR",2022,3
"EEIO_UK","FR","56.29B","FD",69,"GCO2E_EUR",2022,3
"EEIO_UK","FR","56.29B","GVA",24,"GCO2E_EUR",2022,3
"EEIO_UK","FR","56.29B","IC",160,"GCO2E_EUR",2022,3
"EEIO_UK","FR","56.29B","PRD",68,"GCO2E_EUR",2022,3
"EEIO_UK","FR","56.30Z","FD",69,"GCO2E_EUR",2022,3
"EEIO_UK","FR","56.30Z","GVA",24,"GCO2E_EUR",2022,3
"EEIO_UK","FR","56.30Z","IC",160,"GCO2E_EUR",2022,3
"EEIO_UK","FR","56.30Z","PRD",68,"GCO2E_EUR",2022,3
"EEIO_UK","FR","58.11Z","FD",21,"GCO2E_EUR",2022,4
"EEIO_UK","FR","58.11Z","GVA",6,"GCO2E_EUR",2022,4
"EEIO_UK","FR","58.11Z","IC",37,"GCO2E_EUR",2022,4
"EEIO_UK","FR","58.11Z","PRD",19,"GCO2E_EUR",2022,4
"EEIO_UK","FR","58.12Z","FD",21,"GCO2E_EUR",2022,4
"EEIO_UK","FR","58.12Z","GVA",6,"GCO2E_EUR",2022,4
"EEIO_UK","FR","58.12Z","IC",37,"GCO2E_EUR",2022,4
"EEIO_UK","FR","58.12Z","PRD",19,"GCO2E_EUR",2022,4
"EEIO_UK","FR","58.13Z","FD",21,"GCO2E_EUR",2022,4
"EEIO_UK","FR","58.13Z","GVA",6,"GCO2E_EUR",2022,4
"EEIO_UK","FR","58.13Z","IC",37,"GCO2E_EUR",2022,4
"EEIO_UK","FR","58.13Z","PRD",19,"GCO2E_EUR",2022,4
"EEIO_UK","FR","58.14Z","FD",21,"GCO2E_EUR",2022,4
"EEIO_UK","FR","58.14Z","GVA",6,"GCO2E_EUR",2022,4
"EEIO_UK","FR","58.14Z","IC",37,"GCO2E_EUR",2022,4
"EEIO_UK","FR","58.14Z","PRD",19,"GCO2E_EUR",2022,4
"EEIO_UK","FR","58.19Z","FD",21,"GCO2E_EUR",2022,4
"EEIO_UK","FR","58.19Z","GVA",6,"GCO2E_EUR",2022,4
"EEIO_UK","FR","58.19Z","IC",37,"GCO2E_EUR",2022,4
"EEIO_UK","FR","58.19Z","PRD",19,"GCO2E_EUR",2022,4
"EEIO_UK","FR","58.21Z","FD",21,"GCO2E_EUR",2022,4
"EEIO_UK","FR","58.21Z","GVA",6,"GCO2E_EUR",2022,4
"EEIO_UK","FR","58.21Z","IC",37,"GCO2E_EUR",2022,4
"EEIO_UK","FR","58.21Z","PRD",19,"GCO2E_EUR",2022,4
"EEIO_UK","FR","58.29A","FD",21,"GCO2E_EUR",2022,4
"EEIO_UK","FR","58.29A","GVA",6,"GCO2E_EUR",2022,4
"EEIO_UK","FR","58.29A","IC",37,"GCO2E_EUR",2022,4
"EEIO_UK","FR","58.29A","PRD",19,"GCO2E_EUR",2022,4
"EEIO_UK","FR","58.29B","FD",21,"GCO2E_EUR",2022,4
"EEIO_UK","FR","58.29B","GVA",6,"GCO2E_EUR",2022,4
"EEIO_UK","FR","58.29B","IC",37,"GCO2E_EUR",2022,4
"EEIO_UK","FR","58.29B","PRD",19,"GCO2E_EUR",2022,4
"EEIO_UK","FR","58.29C","FD",21,"GCO2E_EUR",2022,4
"EEIO_UK","FR","58.29C","GVA",6,"GCO2E_EUR",2022,4
"EEIO_UK","FR","58.29C","IC",37,"GCO2E_EUR",2022,4
"EEIO_UK","FR","58.29C","PRD",19,"GCO2E_EUR",2022,4
"EEIO_UK","FR","59.11A","FD",28,"GCO2E_EUR",2022,4
"EEIO_UK","FR","59.11A","GVA",17,"GCO2E_EUR",2022,4
"EEIO_UK","FR","59.11A","IC",19,"GCO2E_EUR",2022,4
"EEIO_UK","FR","59.11A","PRD",19,"GCO2E_EUR",2022,4
"EEIO_UK","FR","59.11B","FD",28,"GCO2E_EUR",2022,4
"EEIO_UK","FR","59.11B","GVA",17,"GCO2E_EUR",2022,4
"EEIO_UK","FR","59.11B","IC",19,"GCO2E_EUR",2022,4
"EEIO_UK","FR","59.11B","PRD",19,"GCO2E_EUR",2022,4
"EEIO_UK","FR","59.11C","FD",28,"GCO2E_EUR",2022,4
"EEIO_UK","FR","59.11C","GVA",17,"GCO2E_EUR",2022,4
"EEIO_UK","FR","59.11C","IC",19,"GCO2E_EUR",2022,4
"EEIO_UK","FR","59.11C","PRD",19,"GCO2E_EUR",2022,4
"EEIO_UK","FR","59.12Z","FD",28,"GCO2E_EUR",2022,4
"EEIO_UK","FR","59.12Z","GVA",17,"GCO2E_EUR",2022,4
"EEIO_UK","FR","59.12Z","IC",19,"GCO2E_EUR",2022,4
"EEIO_UK","FR","59.12Z","PRD",19,"GCO2E_EUR",2022,4
"EEIO_UK","FR","59.13A","FD",28,"GCO2E_EUR",2022,4
"EEIO_UK","FR","59.13A","GVA",17,"GCO2E_EUR",2022,4
"EEIO_UK","FR","59.13A","IC",19,"GCO2E_EUR",2022,4
"EEIO_UK","FR","59.13A","PRD",19,"GCO2E_EUR",2022,4
"EEIO_UK","FR","59.13B","FD",28,"GCO2E_EUR",2022,4
"EEIO_UK","FR","59.13B","GVA",17,"GCO2E_EUR",2022,4
"EEIO_UK","FR","59.13B","IC",19,"GCO2E_EUR",2022,4
"EEIO_UK","FR","59.13B","PRD",19,"GCO2E_EUR",2022,4
"EEIO_UK","FR","59.14Z","FD",28,"GCO2E_EUR",2022,4
"EEIO_UK","FR","59.14Z","GVA",17,"GCO2E_EUR",2022,4
"EEIO_UK","FR","59.14Z","IC",19,"GCO2E_EUR",2022,4
"EEIO_UK","FR","59.14Z","PRD",19,"GCO2E_EUR",2022,4
"EEIO_UK","FR","59.20Z","FD",28,"GCO2E_EUR",2022,4
"EEIO_UK","FR","59.20Z","GVA",17,"GCO2E_EUR",2022,4
"EEIO_UK","FR","59.20Z","IC",19,"GCO2E_EUR",2022,4
"EEIO_UK","FR","59.20Z","PRD",19,"GCO2E_EUR",2022,4
"EEIO_UK","FR","60.10Z","FD",28,"GCO2E_EUR",2022,4
"EEIO_UK","FR","60.10Z","GVA",17,"GCO2E_EUR",2022,4
"EEIO_UK","FR","60.10Z","IC",19,"GCO2E_EUR",2022,4
"EEIO_UK","FR","60.10Z","PRD",19,"GCO2E_EUR",2022,4
"EEIO_UK","FR","60.20A","FD",28,"GCO2E_EUR",2022,4
"EEIO_UK","FR","60.20A","GVA",17,"GCO2E_EUR",2022,4
"EEIO_UK","FR","60.20A","IC",19,"GCO2E_EUR",2022,4
"EEIO_UK","FR","60.20A","PRD",19,"GCO2E_EUR",2022,4
"EEIO_UK","FR","60.20B","FD",28,"GCO2E_EUR",2022,4
"EEIO_UK","FR","60.20B","GVA",17,"GCO2E_EUR",2022,4
"EEIO_UK","FR","60.20B","IC",19,"GCO2E_EUR",2022,4
"EEIO_UK","FR","60.20B","PRD",19,"GCO2E_EUR",2022,4
"EEIO_UK","FR","61.10Z","FD",25,"GCO2E_EUR",2022,4
"EEIO_UK","FR","61.10Z","GVA",10,"GCO2E_EUR",2022,4
"EEIO_UK","FR","61.10Z","IC",36,"GCO2E_EUR",2022,4
"EEIO_UK","FR","61.10Z","PRD",23,"GCO2E_EUR",2022,4
"EEIO_UK","FR","61.20Z","FD",25,"GCO2E_EUR",2022,4
"EEIO_UK","FR","61.20Z","GVA",10,"GCO2E_EUR",2022,4
"EEIO_UK","FR","61.20Z","IC",36,"GCO2E_EUR",2022,4
"EEIO_UK","FR","61.20Z","PRD",23,"GCO2E_EUR",2022,4
"EEIO_UK","FR","61.30Z","FD",25,"GCO2E_EUR",2022,4
"EEIO_UK","FR","61.30Z","GVA",10,"GCO2E_EUR",2022,4
"EEIO_UK","FR","61.30Z","IC",36,"GCO2E_EUR",2022,4
"EEIO_UK","FR","61.30Z","PRD",23,"GCO2E_EUR",2022,4
"EEIO_UK","FR","61.90Z","FD",25,"GCO2E_EUR",2022,4
"EEIO_UK","FR","61.90Z","GVA",10,"GCO2E_EUR",2022,4
"EEIO_UK","FR","61.90Z","IC",36,"GCO2E_EUR",2022,4
"EEIO_UK","FR","61.90Z","PRD",23,"GCO2E_EUR",2022,4
"EEIO_UK","FR","62.01Z","FD",16,"GCO2E_EUR",2022,3
"EEIO_UK","FR","62.01Z","GVA",6,"GCO2E_EUR",2022,3
"EEIO_UK","FR","62.01Z","IC",21,"GCO2E_EUR",2022,3
"EEIO_UK","FR","62.01Z","PRD",14,"GCO2E_EUR",2022,3
"EEIO_UK","FR","62.02A","FD",16,"GCO2E_EUR",2022,3
"EEIO_UK","FR","62.02A","GVA",6,"GCO2E_EUR",2022,3
"EEIO_UK","FR","62.02A","IC",21,"GCO2E_EUR",2022,3
"EEIO_UK","FR","62.02A","PRD",14,"GCO2E_EUR",2022,3
"EEIO_UK","FR","62.02B","FD",16,"GCO2E_EUR",2022,3
"EEIO_UK","FR","62.02B","GVA",6,"GCO2E_EUR",2022,3
"EEIO_UK","FR","62.02B","IC",21,"GCO2E_EUR",2022,3
"EEIO_UK","FR","62.02B","PRD",14,"GCO2E_EUR",2022,3
"EEIO_UK","FR","62.03Z","FD",16,"GCO2E_EUR",2022,3
"EEIO_UK","FR","62.03Z","GVA",6,"GCO2E_EUR",2022,3
"EEIO_UK","FR","62.03Z","IC",21,"GCO2E_EUR",2022,3
"EEIO_UK","FR","62.03Z","PRD",14,"GCO2E_EUR",2022,3
"EEIO_UK","FR","62.09Z","FD",16,"GCO2E_EUR",2022,3
"EEIO_UK","FR","62.09Z","GVA",6,"GCO2E_EUR",2022,3
"EEIO_UK","FR","62.09Z","IC",21,"GCO2E_EUR",2022,3
"EEIO_UK","FR","62.09Z","PRD",14,"GCO2E_EUR",2022,3
"EEIO_UK","FR","63.11Z","FD",29,"GCO2E_EUR",2022,3
"EEIO_UK","FR","63.11Z","GVA",6,"GCO2E_EUR",2022,3
"EEIO_UK","FR","63.11Z","IC",45,"GCO2E_EUR",2022,3
"EEIO_UK","FR","63.11Z","PRD",28,"GCO2E_EUR",2022,3
"EEIO_UK","FR","63.12Z","FD",29,"GCO2E_EUR",2022,3
"EEIO_UK","FR","63.12Z","GVA",6,"GCO2E_EUR",2022,3
"EEIO_UK","FR","63.12Z","IC",45,"GCO2E_EUR",2022,3
"EEIO_UK","FR","63.12Z","PRD",28,"GCO2E_EUR",2022,3
"EEIO_UK","FR","63.91Z","FD",29,"GCO2E_EUR",2022,3
"EEIO_UK","FR","63.91Z","GVA",6,"GCO2E_EUR",2022,3
"EEIO_UK","FR","63.91Z","IC",45,"GCO2E_EUR",2022,3
"EEIO_UK","FR","63.91Z","PRD",28,"GCO2E_EUR",2022,3
"EEIO_UK","FR","63.99Z","FD",29,"GCO2E_EUR",2022,3
"EEIO_UK","FR","63.99Z","GVA",6,"GCO2E_EUR",2022,3
"EEIO_UK","FR","63.99Z","IC",45,"GCO2E_EUR",2022,3
"EEIO_UK","FR","63.99Z","PRD",28,"GCO2E_EUR",2022,3
"EEIO_UK","FR","64.11Z","FD",25,"GCO2E_EUR",2022,4
"EEIO_UK","FR","64.11Z","GVA",12,"GCO2E_EUR",2022,4
"EEIO_UK","FR","64.11Z","IC",33,"GCO2E_EUR",2022,4
"EEIO_UK","FR","64.11Z","PRD",23,"GCO2E_EUR",2022,4
"EEIO_UK","FR","64.19Z","FD",25,"GCO2E_EUR",2022,4
"EEIO_UK","FR","64.19Z","GVA",12,"GCO2E_EUR",2022,4
"EEIO_UK","FR","64.19Z","IC",33,"GCO2E_EUR",2022,4
"EEIO_UK","FR","64.19Z","PRD",23,"GCO2E_EUR",2022,4
"EEIO_UK","FR","64.20Z","FD",25,"GCO2E_EUR",2022,4
"EEIO_UK","FR","64.20Z","GVA",12,"GCO2E_EUR",2022,4
"EEIO_UK","FR","64.20Z","IC",33,"GCO2E_EUR",2022,4
"EEIO_UK","FR","64.20Z","PRD",23,"GCO2E_EUR",2022,4
"EEIO_UK","FR","64.30Z","FD",25,"GCO2E_EUR",2022,4
"EEIO_UK","FR","64.30Z","GVA",12,"GCO2E_EUR",2022,4
"EEIO_UK","FR","64.30Z","IC",33,"GCO2E_EUR",2022,4
"EEIO_UK","FR","64.30Z","PRD",23,"GCO2E_EUR",2022,4
"EEIO_UK","FR","64.91Z","FD",25,"GCO2E_EUR",2022,4
"EEIO_UK","FR","64.91Z","GVA",12,"GCO2E_EUR",2022,4
"EEIO_UK","FR","64.91Z","IC",33,"GCO2E_EUR",2022,4
"EEIO_UK","FR","64.91Z","PRD",23,"GCO2E_EUR",2022,4
"EEIO_UK","FR","64.92Z","FD",25,"GCO2E_EUR",2022,4
"EEIO_UK","FR","64.92Z","GVA",12,"GCO2E_EUR",2022,4
"EEIO_UK","FR","64.92Z","IC",33,"GCO2E_EUR",2022,4
"EEIO_UK","FR","64.92Z","PRD",23,"GCO2E_EUR",2022,4
"EEIO_UK","FR","64.99Z","FD",25,"GCO2E_EUR",2022,4
"EEIO_UK","FR","64.99Z","GVA",12,"GCO2E_EUR",2022,4
"EEIO_UK","FR","64.99Z","IC",33,"GCO2E_EUR",2022,4
"EEIO_UK","FR","64.99Z","PRD",23,"GCO2E_EUR",2022,4
"EEIO_UK","FR","65.11Z","FD",19,"GCO2E_EUR",2022,4
"EEIO_UK","FR","65.11Z","GVA",4,"GCO2E_EUR",2022,4
"EEIO_UK","FR","65.11Z","IC",26,"GCO2E_EUR",2022,4
"EEIO_UK","FR","65.11Z","PRD",16,"GCO2E_EUR",2022,4
"EEIO_UK","FR","65.12Z","FD",19,"GCO2E_EUR",2022,4
"EEIO_UK","FR","65.12Z","GVA",4,"GCO2E_EUR",2022,4
"EEIO_UK","FR","65.12Z","IC",26,"GCO2E_EUR",2022,4
"EEIO_UK","FR","65.12Z","PRD",16,"GCO2E_EUR",2022,4
"EEIO_UK","FR","65.20Z","FD",19,"GCO2E_EUR",2022,4
"EEIO_UK","FR","65.20Z","GVA",4,"GCO2E_EUR",2022,4
"EEIO_UK","FR","65.20Z","IC",26,"GCO2E_EUR",2022,4
"EEIO_UK","FR","65.20Z","PRD",16,"GCO2E_EUR",2022,4
"EEIO_UK","FR","65.30Z","FD",19,"GCO2E_EUR",2022,4
"EEIO_UK","FR","65.30Z","GVA",4,"GCO2E_EUR",2022,4
"EEIO_UK","FR","65.30Z","IC",26,"GCO2E_EUR",2022,4
"EEIO_UK","FR","65.30Z","PRD",16,"GCO2E_EUR",2022,4
"EEIO_UK","FR","66.11Z","FD",22,"GCO2E_EUR",2022,4
"EEIO_UK","FR","66.11Z","GVA",6,"GCO2E_EUR",2022,4
"EEIO_UK","FR","66.11Z","IC",32,"GCO2E_EUR",2022,4
"EEIO_UK","FR","66.11Z","PRD",18,"GCO2E_EUR",2022,4
"EEIO_UK","FR","66.12Z","FD",22,"GCO2E_EUR",2022,4
"EEIO_UK","FR","66.12Z","GVA",6,"GCO2E_EUR",2022,4
"EEIO_UK","FR","66.12Z","IC",32,"GCO2E_EUR",2022,4
"EEIO_UK","FR","66.12Z","PRD",18,"GCO2E_EUR",2022,4
"EEIO_UK","FR","66.19A","FD",22,"GCO2E_EUR",2022,4
"EEIO_UK","FR","66.19A","GVA",6,"GCO2E_EUR",2022,4
"EEIO_UK","FR","66.19A","IC",32,"GCO2E_EUR",2022,4
"EEIO_UK","FR","66.19A","PRD",18,"GCO2E_EUR",2022,4
"EEIO_UK","FR","66.19B","FD",22,"GCO2E_EUR",2022,4
"EEIO_UK","FR","66.19B","GVA",6,"GCO2E_EUR",2022,4
"EEIO_UK","FR","66.19B","IC",32,"GCO2E_EUR",2022,4
"EEIO_UK","FR","66.19B","PRD",18,"GCO2E_EUR",2022,4
"EEIO_UK","FR","66.21Z","FD",22,"GCO2E_EUR",2022,4
"EEIO_UK","FR","66.21Z","GVA",6,"GCO2E_EUR",2022,4
"EEIO_UK","FR","66.21Z","IC",32,"GCO2E_EUR",2022,4
"EEIO_UK","FR","66.21Z","PRD",18,"GCO2E_EUR",2022,4
"EEIO_UK","FR","66.22Z","FD",22,"GCO2E_EUR",2022,4
"EEIO_UK","FR","66.22Z","GVA",6,"GCO2E_EUR",2022,4
"EEIO_UK","FR","66.22Z","IC",32,"GCO2E_EUR",2022,4
"EEIO_UK","FR","66.22Z","PRD",18,"GCO2E_EUR",2022,4
"EEIO_UK","FR","66.29Z","FD",22,"GCO2E_EUR",2022,4
"EEIO_UK","FR","66.29Z","GVA",6,"GCO2E_EUR",2022,4
"EEIO_UK","FR","66.29Z","IC",32,"GCO2E_EUR",2022,4
"EEIO_UK","FR","66.29Z","PRD",18,"GCO2E_EUR",2022,4
"EEIO_UK","FR","66.30Z","FD",22,"GCO2E_EUR",2022,4
"EEIO_UK","FR","66.30Z","GVA",6,"GCO2E_EUR",2022,4
"EEIO_UK","FR","66.30Z","IC",32,"GCO2E_EUR",2022,4
"EEIO_UK","FR","66.30Z","PRD",18,"GCO2E_EUR",2022,4
"EEIO_UK","FR","68.10Z","FD",22,"GCO2E_EUR",2022,3
"EEIO_UK","FR","68.10Z","GVA",3,"GCO2E_EUR",2022,3
"EEIO_UK","FR","68.10Z","IC",72,"GCO2E_EUR",2022,3
"EEIO_UK","FR","68.10Z","PRD",21,"GCO2E_EUR",2022,3
"EEIO_UK","FR","68.20A","FD",22,"GCO2E_EUR",2022,3
"EEIO_UK","FR","68.20A","GVA",3,"GCO2E_EUR",2022,3
"EEIO_UK","FR","68.20A","IC",72,"GCO2E_EUR",2022,3
"EEIO_UK","FR","68.20A","PRD",21,"GCO2E_EUR",2022,3
"EEIO_UK","FR","68.20B","FD",22,"GCO2E_EUR",2022,3
"EEIO_UK","FR","68.20B","GVA",3,"GCO2E_EUR",2022,3
"EEIO_UK","FR","68.20B","IC",72,"GCO2E_EUR",2022,3
"EEIO_UK","FR","68.20B","PRD",21,"GCO2E_EUR",2022,3
"EEIO_UK","FR","68.31Z","FD",37,"GCO2E_EUR",2022,2
"EEIO_UK","FR","68.31Z","GVA",26,"GCO2E_EUR",2022,2
"EEIO_UK","FR","68.31Z","IC",48,"GCO2E_EUR",2022,2
"EEIO_UK","FR","68.31Z","PRD",36,"GCO2E_EUR",2022,2
"EEIO_UK","FR","68.32A","FD",37,"GCO2E_EUR",2022,2
"EEIO_UK","FR","68.32A","GVA",26,"GCO2E_EUR",2022,2
"EEIO_UK","FR","68.32A","IC",48,"GCO2E_EUR",2022,2
"EEIO_UK","FR","68.32A","PRD",36,"GCO2E_EUR",2022,2
"EEIO_UK","FR","68.32B","FD",37,"GCO2E_EUR",2022,2
"EEIO_UK","FR","68.32B","GVA",26,"GCO2E_EUR",2022,2
"EEIO_UK","FR","68.32B","IC",48,"GCO2E_EUR",2022,2
"EEIO_UK","FR","68.32B","PRD",36,"GCO2E_EUR",2022,2
"EEIO_UK","FR","69.10Z","FD",11,"GCO2E_EUR",2022,1
"EEIO_UK","FR","69.10Z","GVA",4,"GCO2E_EUR",2022,1
"EEIO_UK","FR","69.10Z","IC",37,"GCO2E_EUR",2022,1
"EEIO_UK","FR","69.10Z","PRD",11,"GCO2E_EUR",2022,1
"EEIO_UK","FR","69.20Z","FD",16,"GCO2E_EUR",2022,1
"EEIO_UK","FR","69.20Z","GVA",4,"GCO2E_EUR",2022,1
"EEIO_UK","FR","69.20Z","IC",43,"GCO2E_EUR",2022,1
"EEIO_UK","FR","69.20Z","PRD",15,"GCO2E_EUR",2022,1
"EEIO_UK","FR","70.10Z","FD",27,"GCO2E_EUR",2022,3
"EEIO_UK","FR","70.10Z","GVA",10,"GCO2E_EUR",2022,3
"EEIO_UK","FR","70.10Z","IC",37,"GCO2E_EUR",2022,3
"EEIO_UK","FR","70.10Z","PRD",23,"GCO2E_EUR",2022,3
"EEIO_UK","FR","70.21Z","FD",27,"GCO2E_EUR",2022,3
"EEIO_UK","FR","70.21Z","GVA",10,"GCO2E_EUR",2022,3
"EEIO_UK","FR","70.21Z","IC",37,"GCO2E_EUR",2022,3
"EEIO_UK","FR","70.21Z","PRD",23,"GCO2E_EUR",2022,3
"EEIO_UK","FR","70.22Z","FD",27,"GCO2E_EUR",2022,3
"EEIO_UK","FR","70.22Z","GVA",10,"GCO2E_EUR",2022,3
"EEIO_UK","FR","70.22Z","IC",37,"GCO2E_EUR",2022,3
"EEIO_UK","FR","70.22Z","PRD",23,"GCO2E_EUR",2022,3
"EEIO_UK","FR","71.11Z","FD",61,"GCO2E_EUR",2022,4
"EEIO_UK","FR","71.11Z","GVA",33,"GCO2E_EUR",2022,4
"EEIO_UK","FR","71.11Z","IC",50,"GCO2E_EUR",2022,4
"EEIO_UK","FR","71.11Z","PRD",44,"GCO2E_EUR",2022,4
"EEIO_UK","FR","71.12A","FD",61,"GCO2E_EUR",2022,4
"EEIO_UK","FR","71.12A","GVA",33,"GCO2E_EUR",2022,4
"EEIO_UK","FR","71.12A","IC",50,"GCO2E_EUR",2022,4
"EEIO_UK","FR","71.12A","PRD",44,"GCO2E_EUR",2022,4
"EEIO_UK","FR","71.12B","FD",61,"GCO2E_EUR",2022,4
"EEIO_UK","FR","71.12B","GVA",33,"GCO2E_EUR",2022,4
"EEIO_UK","FR","71.12B","IC",50,"GCO2E_EUR",2022,4
"EEIO_UK","FR","71.12B","PRD",44,"GCO2E_EUR",2022,4
"EEIO_UK","FR","71.20A","FD",61,"GCO2E_EUR",2022,4
"EEIO_UK","FR","71.20A","GVA",33,"GCO2E_EUR",2022,4
"EEIO_UK","FR","71.20A","IC",50,"GCO2E_EUR",2022,4
"EEIO_UK","FR","71.20A","PRD",44,"GCO2E_EUR",2022,4
"EEIO_UK","FR","71.20B","FD",61,"GCO2E_EUR",2022,4
"EEIO_UK","FR","71.20B","GVA",33,"GCO2E_EUR",2022,4
"EEIO_UK","FR","71.20B","IC",50,"GCO2E_EUR",2022,4
"EEIO_UK","FR","71.20B","PRD",44,"GCO2E_EUR",2022,4
"EEIO_UK","FR","72.11Z","FD",12,"GCO2E_EUR",2022,4
"EEIO_UK","FR","72.11Z","GVA",5,"GCO2E_EUR",2022,4
"EEIO_UK","FR","72.11Z","IC",14,"GCO2E_EUR",2022,4
"EEIO_UK","FR","72.11Z","PRD",9,"GCO2E_EUR",2022,4
"EEIO_UK","FR","72.19Z","FD",12,"GCO2E_EUR",2022,4
"EEIO_UK","FR","72.19Z","GVA",5,"GCO2E_EUR",2022,4
"EEIO_UK","FR","72.19Z","IC",14,"GCO2E_EUR",2022,4
"EEIO_UK","FR","72.19Z","PRD",9,"GCO2E_EUR",2022,4
"EEIO_UK","FR","72.20Z","FD",12,"GCO2E_EUR",2022,4
"EEIO_UK","FR","72.20Z","GVA",5,"GCO2E_EUR",2022,4
"EEIO_UK","FR","72.20Z","IC",14,"GCO2E_EUR",2022,4
"EEIO_UK","FR","72.20Z","PRD",9,"GCO2E_EUR",2022,4
"EEIO_UK","FR","73.11Z","FD",19,"GCO2E_EUR",2022,4
"EEIO_UK","FR","73.11Z","GVA",11,"GCO2E_EUR",2022,4
"EEIO_UK","FR","73.11Z","IC",34,"GCO2E_EUR",2022,4
"EEIO_UK","FR","73.11Z","PRD",17,"GCO2E_EUR",2022,4
"EEIO_UK","FR","73.12Z","FD",19,"GCO2E_EUR",2022,4
"EEIO_UK","FR","73.12Z","GVA",11,"GCO2E_EUR",2022,4
"EEIO_UK","FR","73.12Z","IC",34,"GCO2E_EUR",2022,4
"EEIO_UK","FR","73.12Z","PRD",17,"GCO2E_EUR",2022,4
"EEIO_UK","FR","73.20Z","FD",19,"GCO2E_EUR",2022,4
"EEIO_UK","FR","73.20Z","GVA",11,"GCO2E_EUR",2022,4
"EEIO_UK","FR","73.20Z","IC",34,"GCO2E_EUR",2022,4
"EEIO_UK","FR","73.20Z","PRD",17,"GCO2E_EUR",2022,4
"EEIO_UK","FR","74.10Z","FD",28,"GCO2E_EUR",2022,3
"EEIO_UK","FR","74.10Z","GVA",11,"GCO2E_EUR",2022,3
"EEIO_UK","FR","74.10Z","IC",34,"GCO2E_EUR",2022,3
"EEIO_UK","FR","74.10Z","PRD",22,"GCO2E_EUR",2022,3
"EEIO_UK","FR","74.20Z","FD",28,"GCO2E_EUR",2022,3
"EEIO_UK","FR","74.20Z","GVA",11,"GCO2E_EUR",2022,3
"EEIO_UK","FR","74.20Z","IC",34,"GCO2E_EUR",2022,3
"EEIO_UK","FR","74.20Z","PRD",22,"GCO2E_EUR",2022,3
"EEIO_UK","FR","74.30Z","FD",28,"GCO2E_EUR",2022,3
"EEIO_UK","FR","74.30Z","GVA",11,"GCO2E_EUR",2022,3
"EEIO_UK","FR","74.30Z","IC",34,"GCO2E_EUR",2022,3
"EEIO_UK","FR","74.30Z","PRD",22,"GCO2E_EUR",2022,3
"EEIO_UK","FR","74.90A","FD",28,"GCO2E_EUR",2022,3
"EEIO_UK","FR","74.90A","GVA",11,"GCO2E_EUR",2022,3
"EEIO_UK","FR","74.90A","IC",34,"GCO2E_EUR",2022,3
"EEIO_UK","FR","74.90A","PRD",22,"GCO2E_EUR",2022,3
"EEIO_UK","FR","74.90B","FD",28,"GCO2E_EUR",2022,3
"EEIO_UK","FR","74.90B","GVA",11,"GCO2E_EUR",2022,3
"EEIO_UK","FR","74.90B","IC",34,"GCO2E_EUR",2022,3
"EEIO_UK","FR","74.90B","PRD",22,"GCO2E_EUR",2022,3
"EEIO_UK","FR","75.00Z","FD",27,"GCO2E_EUR",2022,1
"EEIO_UK","FR","75.00Z","GVA",18,"GCO2E_EUR",2022,1
"EEIO_UK","FR","75.00Z","IC",52,"GCO2E_EUR",2022,1
"EEIO_UK","FR","75.00Z","PRD",27,"GCO2E_EUR",2022,1
"EEIO_UK","FR","77.11A","FD",88,"GCO2E_EUR",2022,4
"EEIO_UK","FR","77.11A","GVA",97,"GCO2E_EUR",2022,4
"EEIO_UK","FR","77.11A","IC",55,"GCO2E_EUR",2022,4
"EEIO_UK","FR","77.11A","PRD",84,"GCO2E_EUR",2022,4
"EEIO_UK","FR","77.11B","FD",88,"GCO2E_EUR",2022,4
"EEIO_UK","FR","77.11B","GVA",97,"GCO2E_EUR",2022,4
"EEIO_UK","FR","77.11B","IC",55,"GCO2E_EUR",2022,4
"EEIO_UK","FR","77.11B","PRD",84,"GCO2E_EUR",2022,4
"EEIO_UK","FR","77.12Z","FD",88,"GCO2E_EUR",2022,4
"EEIO_UK","FR","77.12Z","GVA",97,"GCO2E_EUR",2022,4
"EEIO_UK","FR","77.12Z","IC",55,"GCO2E_EUR",2022,4
"EEIO_UK","FR","77.12Z","PRD",84,"GCO2E_EUR",2022,4
"EEIO_UK","FR","77.21Z","FD",88,"GCO2E_EUR",2022,4
"EEIO_UK","FR","77.21Z","GVA",97,"GCO2E_EUR",2022,4
"EEIO_UK","FR","77.21Z","IC",55,"GCO2E_EUR",2022,4
"EEIO_UK","FR","77.21Z","PRD",84,"GCO2E_EUR",2022,4
"EEIO_UK","FR","77.22Z","FD",88,"GCO2E_EUR",2022,4
"EEIO_UK","FR","77.22Z","GVA",97,"GCO2E_EUR",2022,4
"EEIO_UK","FR","77.22Z","IC",55,"GCO2E_EUR",2022,4
"EEIO_UK","FR","77.22Z","PRD",84,"GCO2E_EUR",2022,4
"EEIO_UK","FR","77.29Z","FD",88,"GCO2E_EUR",2022,4
"EEIO_UK","FR","77.29Z","GVA",97,"GCO2E_EUR",2022,4
"EEIO_UK","FR","77.29Z","IC",55,"GCO2E_EUR",2022,4
"EEIO_UK","FR","77.29Z","PRD",84,"GCO2E_EUR",2022,4
"EEIO_UK","FR","77.31Z","FD",88,"GCO2E_EUR",2022,4
"EEIO_UK","FR","77.31Z","GVA",97,"GCO2E_EUR",2022,4
"EEIO_UK","FR","77.31Z","IC",55,"GCO2E_EUR",2022,4
"EEIO_UK","FR","77.31Z","PRD",84,"GCO2E_EUR",2022,4
"EEIO_UK","FR","77.32Z","FD",88,"GCO2E_EUR",2022,4
"EEIO_UK","FR","77.32Z","GVA",97,"GCO2E_EUR",2022,4
"EEIO_UK","FR","77.32Z","IC",55,"GCO2E_EUR",2022,4
"EEIO_UK","FR","77.32Z","PRD",84,"GCO2E_EUR",2022,4
"EEIO_UK","FR","77.33Z","FD",88,"GCO2E_EUR",2022,4
"EEIO_UK","FR","77.33Z","GVA",97,"GCO2E_EUR",2022,4
"EEIO_UK","FR","77.33Z","IC",55,"GCO2E_EUR",2022,4
"EEIO_UK","FR","77.33Z","PRD",84,"GCO2E_EUR",2022,4
"EEIO_UK","FR","77.34Z","FD",88,"GCO2E_EUR",2022,4
"EEIO_UK","FR","77.34Z","GVA",97,"GCO2E_EUR",2022,4
"EEIO_UK","FR","77.34Z","IC",55,"GCO2E_EUR",2022,4
"EEIO_UK","FR","77.34Z","PRD",84,"GCO2E_EUR",2022,4
"EEIO_UK","FR","77.35Z","FD",88,"GCO2E_EUR",2022,4
"EEIO_UK","FR","77.35Z","GVA",97,"GCO2E_EUR",2022,4
"EEIO_UK","FR","77.35Z","IC",55,"GCO2E_EUR",2022,4
"EEIO_UK","FR","77.35Z","PRD",84,"GCO2E_EUR",2022,4
"EEIO_UK","FR","77.39Z","FD",88,"GCO2E_EUR",2022,4
"EEIO_UK","FR","77.39Z","GVA",97,"GCO2E_EUR",2022,4
"EEIO_UK","FR","77.39Z","IC",55,"GCO2E_EUR",2022,4
"EEIO_UK","FR","77.39Z","PRD",84,"GCO2E_EUR",2022,4
"EEIO_UK","FR","77.40Z","FD",88,"GCO2E_EUR",2022,4
"EEIO_UK","FR","77.40Z","GVA",97,"GCO2E_EUR",2022,4
"EEIO_UK","FR","77.40Z","IC",55,"GCO2E_EUR",2022,4
"EEIO_UK","FR","77.40Z","PRD",84,"GCO2E_EUR",2022,4
"EEIO_UK","FR","78.10Z","FD",22,"GCO2E_EUR",2022,4
"EEIO_UK","FR","78.10Z","GVA",15,"GCO2E_EUR",2022,4
"EEIO_UK","FR","78.10Z","IC",19,"GCO2E_EUR",2022,4
"EEIO_UK","FR","78.10Z","PRD",17,"GCO2E_EUR",2022,4
"EEIO_UK","FR","78.20Z","FD",22,"GCO2E_EUR",2022,4
"EEIO_UK","FR","78.20Z","GVA",15,"GCO2E_EUR",2022,4
"EEIO_UK","FR","78.20Z","IC",19,"GCO2E_EUR",2022,4
"EEIO_UK","FR","78.20Z","PRD",17,"GCO2E_EUR",2022,4
"EEIO_UK","FR","78.30Z","FD",22,"GCO2E_EUR",2022,4
"EEIO_UK","FR","78.30Z","GVA",15,"GCO2E_EUR",2022,4
"EEIO_UK","FR","78.30Z","IC",19,"GCO2E_EUR",2022,4
"EEIO_UK","FR","78.30Z","PRD",17,"GCO2E_EUR",2022,4
"EEIO_UK","FR","79.11Z","FD",77,"GCO2E_EUR",2022,4
"EEIO_UK","FR","79.11Z","GVA",15,"GCO2E_EUR",2022,4
"EEIO_UK","FR","79.11Z","IC",96,"GCO2E_EUR",2022,4
"EEIO_UK","FR","79.11Z","PRD",67,"GCO2E_EUR",2022,4
"EEIO_UK","FR","79.12Z","FD",77,"GCO2E_EUR",2022,4
"EEIO_UK","FR","79.12Z","GVA",15,"GCO2E_EUR",2022,4
"EEIO_UK","FR","79.12Z","IC",96,"GCO2E_EUR",2022,4
"EEIO_UK","FR","79.12Z","PRD",67,"GCO2E_EUR",2022,4
"EEIO_UK","FR","79.90Z","FD",77,"GCO2E_EUR",2022,4
"EEIO_UK","FR","79.90Z","GVA",15,"GCO2E_EUR",2022,4
"EEIO_UK","FR","79.90Z","IC",96,"GCO2E_EUR",2022,4
"EEIO_UK","FR","79.90Z","PRD",67,"GCO2E_EUR",2022,4
"EEIO_UK","FR","80.10Z","FD",34,"GCO2E_EUR",2022,3
"EEIO_UK","FR","80.10Z","GVA",31,"GCO2E_EUR",2022,3
"EEIO_UK","FR","80.10Z","IC",18,"GCO2E_EUR",2022,3
"EEIO_UK","FR","80.10Z","PRD",25,"GCO2E_EUR",2022,3
"EEIO_UK","FR","80.20Z","FD",34,"GCO2E_EUR",2022,3
"EEIO_UK","FR","80.20Z","GVA",31,"GCO2E_EUR",2022,3
"EEIO_UK","FR","80.20Z","IC",18,"GCO2E_EUR",2022,3
"EEIO_UK","FR","80.20Z","PRD",25,"GCO2E_EUR",2022,3
"EEIO_UK","FR","80.30Z","FD",34,"GCO2E_EUR",2022,3
"EEIO_UK","FR","80.30Z","GVA",31,"GCO2E_EUR",2022,3
"EEIO_UK","FR","80.30Z","IC",18,"GCO2E_EUR",2022,3
"EEIO_UK","FR","80.30Z","PRD",25,"GCO2E_EUR",2022,3
"EEIO_UK","FR","81.10Z","FD",69,"GCO2E_EUR",2022,3
"EEIO_UK","FR","81.10Z","GVA",56,"GCO2E_EUR",2022,3
"EEIO_UK","FR","81.10Z","IC",48,"GCO2E_EUR",2022,3
"EEIO_UK","FR","81.10Z","PRD",51,"GCO2E_EUR",2022,3
"EEIO_UK","FR","81.21Z","FD",69,"GCO2E_EUR",2022,3
"EEIO_UK","FR","81.21Z","GVA",56,"GCO2E_EUR",2022,3
"EEIO_UK","FR","81.21Z","IC",48,"GCO2E_EUR",2022,3
"EEIO_UK","FR","81.21Z","PRD",51,"GCO2E_EUR",2022,3
"EEIO_UK","FR","81.22Z","FD",69,"GCO2E_EUR",2022,3
"EEIO_UK","FR","81.22Z","GVA",56,"GCO2E_EUR",2022,3
"EEIO_UK","FR","81.22Z","IC",48,"GCO2E_EUR",2022,3
"EEIO_UK","FR","81.22Z","PRD",51,"GCO2E_EUR",2022,3
"EEIO_UK","FR","81.29A","FD",69,"GCO2E_EUR",2022,3
"EEIO_UK","FR","81.29A","GVA",56,"GCO2E_EUR",2022,3
"EEIO_UK","FR","81.29A","IC",48,"GCO2E_EUR",2022,3
"EEIO_UK","FR","81.29A","PRD",51,"GCO2E_EUR",2022,3
"EEIO_UK","FR","81.29B","FD",69,"GCO2E_EUR",2022,3
"EEIO_UK","FR","81.29B","GVA",56,"GCO2E_EUR",2022,3
"EEIO_UK","FR","81.29B","IC",48,"GCO2E_EUR",2022,3
"EEIO_UK","FR","81.29B","PRD",51,"GCO2E_EUR",2022,3
"EEIO_UK","FR","81.30Z","FD",69,"GCO2E_EUR",2022,3
"EEIO_UK","FR","81.30Z","GVA",56,"GCO2E_EUR",2022,3
"EEIO_UK","FR","81.30Z","IC",48,"GCO2E_EUR",2022,3
"EEIO_UK","FR","81.30Z","PRD",51,"GCO2E_EUR",2022,3
"EEIO_UK","FR","82.11Z","FD",33,"GCO2E_EUR",2022,3
"EEIO_UK","FR","82.11Z","GVA",16,"GCO2E_EUR",2022,3
"EEIO_UK","FR","82.11Z","IC",43,"GCO2E_EUR",2022,3
"EEIO_UK","FR","82.11Z","PRD",28,"GCO2E_EUR",2022,3
"EEIO_UK","FR","82.19Z","FD",33,"GCO2E_EUR",2022,3
"EEIO_UK","FR","82.19Z","GVA",16,"GCO2E_EUR",2022,3
"EEIO_UK","FR","82.19Z","IC",43,"GCO2E_EUR",2022,3
"EEIO_UK","FR","82.19Z","PRD",28,"GCO2E_EUR",2022,3
"EEIO_UK","FR","82.20Z","FD",33,"GCO2E_EUR",2022,3
"EEIO_UK","FR","82.20Z","GVA",16,"GCO2E_EUR",2022,3
"EEIO_UK","FR","82.20Z","IC",43,"GCO2E_EUR",2022,3
"EEIO_UK","FR","82.20Z","PRD",28,"GCO2E_EUR",2022,3
"EEIO_UK","FR","82.30Z","FD",33,"GCO2E_EUR",2022,3
"EEIO_UK","FR","82.30Z","GVA",16,"GCO2E_EUR",2022,3
"EEIO_UK","FR","82.30Z","IC",43,"GCO2E_EUR",2022,3
"EEIO_UK","FR","82.30Z","PRD",28,"GCO2E_EUR",2022,3
"EEIO_UK","FR","82.91Z","FD",33,"GCO2E_EUR",2022,3
"EEIO_UK","FR","82.91Z","GVA",16,"GCO2E_EUR",2022,3
"EEIO_UK","FR","82.91Z","IC",43,"GCO2E_EUR",2022,3
"EEIO_UK","FR","82.91Z","PRD",28,"GCO2E_EUR",2022,3
"EEIO_UK","FR","82.92Z","FD",33,"GCO2E_EUR",2022,3
"EEIO_UK","FR","82.92Z","GVA",16,"GCO2E_EUR",2022,3
"EEIO_UK","FR","82.92Z","IC",43,"GCO2E_EUR",2022,3
"EEIO_UK","FR","82.92Z","PRD",28,"GCO2E_EUR",2022,3
"EEIO_UK","FR","82.99Z","FD",33,"GCO2E_EUR",2022,3
"EEIO_UK","FR","82.99Z","GVA",16,"GCO2E_EUR",2022,3
"EEIO_UK","FR","82.99Z","IC",43,"GCO2E_EUR",2022,3
"EEIO_UK","FR","82.99Z","PRD",28,"GCO2E_EUR",2022,3
"EEIO_UK","FR","84.11Z","FD",57,"GCO2E_EUR",2022,4
"EEIO_UK","FR","84.11Z","GVA",36,"GCO2E_EUR",2022,4
"EEIO_UK","FR","84.11Z","IC",80,"GCO2E_EUR",2022,4
"EEIO_UK","FR","84.11Z","PRD",56,"GCO2E_EUR",2022,4
"EEIO_UK","FR","84.12Z","FD",57,"GCO2E_EUR",2022,4
"EEIO_UK","FR","84.12Z","GVA",36,"GCO2E_EUR",2022,4
"EEIO_UK","FR","84.12Z","IC",80,"GCO2E_EUR",2022,4
"EEIO_UK","FR","84.12Z","PRD",56,"GCO2E_EUR",2022,4
"EEIO_UK","FR","84.13Z","FD",57,"GCO2E_EUR",2022,4
"EEIO_UK","FR","84.13Z","GVA",36,"GCO2E_EUR",2022,4
"EEIO_UK","FR","84.13Z","IC",80,"GCO2E_EUR",2022,4
"EEIO_UK","FR","84.13Z","PRD",56,"GCO2E_EUR",2022,4
"EEIO_UK","FR","84.21Z","FD",57,"GCO2E_EUR",2022,4
"EEIO_UK","FR","84.21Z","GVA",36,"GCO2E_EUR",2022,4
"EEIO_UK","FR","84.21Z","IC",80,"GCO2E_EUR",2022,4
"EEIO_UK","FR","84.21Z","PRD",56,"GCO2E_EUR",2022,4
"EEIO_UK","FR","84.22Z","FD",57,"GCO2E_EUR",2022,4
"EEIO_UK","FR","84.22Z","GVA",36,"GCO2E_EUR",2022,4
"EEIO_UK","FR","84.22Z","IC",80,"GCO2E_EUR",2022,4
"EEIO_UK","FR","84.22Z","PRD",56,"GCO2E_EUR",2022,4
"EEIO_UK","FR","84.23Z","FD",57,"GCO2E_EUR",2022,4
"EEIO_UK","FR","84.23Z","GVA",36,"GCO2E_EUR",2022,4
"EEIO_UK","FR","84.23Z","IC",80,"GCO2E_EUR",2022,4
"EEIO_UK","FR","84.23Z","PRD",56,"GCO2E_EUR",2022,4
"EEIO_UK","FR","84.24Z","FD",57,"GCO2E_EUR",2022,4
"EEIO_UK","FR","84.24Z","GVA",36,"GCO2E_EUR",2022,4
"EEIO_UK","FR","84.24Z","IC",80,"GCO2E_EUR",2022,4
"EEIO_UK","FR","84.24Z","PRD",56,"GCO2E_EUR",2022,4
"EEIO_UK","FR","84.25Z","FD",57,"GCO2E_EUR",2022,4
"EEIO_UK","FR","84.25Z","GVA",36,"GCO2E_EUR",2022,4
"EEIO_UK","FR","84.25Z","IC",80,"GCO2E_EUR",2022,4
"EEIO_UK","FR","84.25Z","PRD",56,"GCO2E_EUR",2022,4
"EEIO_UK","FR","84.30A","FD",57,"GCO2E_EUR",2022,4
"EEIO_UK","FR","84.30A","GVA",36,"GCO2E_EUR",2022,4
"EEIO_UK","FR","84.30A","IC",80,"GCO2E_EUR",2022,4
"EEIO_UK","FR","84.30A","PRD",56,"GCO2E_EUR",2022,4
"EEIO_UK","FR","84.30B","FD",57,"GCO2E_EUR",2022,4
"EEIO_UK","FR","84.30B","GVA",36,"GCO2E_EUR",2022,4
"EEIO_UK","FR","84.30B","IC",80,"GCO2E_EUR",2022,4
"EEIO_UK","FR","84.30B","PRD",56,"GCO2E_EUR",2022,4
"EEIO_UK","FR","84.30C","FD",57,"GCO2E_EUR",2022,4
"EEIO_UK","FR","84.30C","GVA",36,"GCO2E_EUR",2022,4
"EEIO_UK","FR","84.30C","IC",80,"GCO2E_EUR",2022,4
"EEIO_UK","FR","84.30C","PRD",56,"GCO2E_EUR",2022,4
"EEIO_UK","FR","85.10Z","FD",50,"GCO2E_EUR",2022,4
"EEIO_UK","FR","85.10Z","GVA",38,"GCO2E_EUR",2022,4
"EEIO_UK","FR","85.10Z","IC",63,"GCO2E_EUR",2022,4
"EEIO_UK","FR","85.10Z","PRD",46,"GCO2E_EUR",2022,4
"EEIO_UK","FR","85.20Z","FD",50,"GCO2E_EUR",2022,4
"EEIO_UK","FR","85.20Z","GVA",38,"GCO2E_EUR",2022,4
"EEIO_UK","FR","85.20Z","IC",63,"GCO2E_EUR",2022,4
"EEIO_UK","FR","85.20Z","PRD",46,"GCO2E_EUR",2022,4
"EEIO_UK","FR","85.31Z","FD",50,"GCO2E_EUR",2022,4
"EEIO_UK","FR","85.31Z","GVA",38,"GCO2E_EUR",2022,4
"EEIO_UK","FR","85.31Z","IC",63,"GCO2E_EUR",2022,4
"EEIO_UK","FR","85.31Z","PRD",46,"GCO2E_EUR",2022,4
"EEIO_UK","FR","85.32Z","FD",50,"GCO2E_EUR",2022,4
"EEIO_UK","FR","85.32Z","GVA",38,"GCO2E_EUR",2022,4
"EEIO_UK","FR","85.32Z","IC",63,"GCO2E_EUR",2022,4
"EEIO_UK","FR","85.32Z","PRD",46,"GCO2E_EUR",2022,4
"EEIO_UK","FR","85.41Z","FD",50,"GCO2E_EUR",2022,4
"EEIO_UK","FR","85.41Z","GVA",38,"GCO2E_EUR",2022,4
"EEIO_UK","FR","85.41Z","IC",63,"GCO2E_EUR",2022,4
"EEIO_UK","FR","85.41Z","PRD",46,"GCO2E_EUR",2022,4
"EEIO_UK","FR","85.42Z","FD",50,"GCO2E_EUR",2022,4
"EEIO_UK","FR","85.42Z","GVA",38,"GCO2E_EUR",2022,4
"EEIO_UK","FR","85.42Z","IC",63,"GCO2E_EUR",2022,4
"EEIO_UK","FR","85.42Z","PRD",46,"GCO2E_EUR",2022,4
"EEIO_UK","FR","85.51Z","FD",50,"GCO2E_EUR",2022,4
"EEIO_UK","FR","85.51Z","GVA",38,"GCO2E_EUR",2022,4
"EEIO_UK","FR","85.51Z","IC",63,"GCO2E_EUR",2022,4
"EEIO_UK","FR","85.51Z","PRD",46,"GCO2E_EUR",2022,4
"EEIO_UK","FR","85.52Z","FD",50,"GCO2E_EUR",2022,4
"EEIO_UK","FR","85.52Z","GVA",38,"GCO2E_EUR",2022,4
"EEIO_UK","FR","85.52Z","IC",63,"GCO2E_EUR",2022,4
"EEIO_UK","FR","85.52Z","PRD",46,"GCO2E_EUR",2022,4
"EEIO_UK","FR","85.53Z","FD",50,"GCO2E_EUR",2022,4
"EEIO_UK","FR","85.53Z","GVA",38,"GCO2E_EUR",2022,4
"EEIO_UK","FR","85.53Z","IC",63,"GCO2E_EUR",2022,4
"EEIO_UK","FR","85.53Z","PRD",46,"GCO2E_EUR",2022,4
"EEIO_UK","FR","85.59A","FD",50,"GCO2E_EUR",2022,4
"EEIO_UK","FR","85.59A","GVA",38,"GCO2E_EUR",2022,4
"EEIO_UK","FR","85.59A","IC",63,"GCO2E_EUR",2022,4
"EEIO_UK","FR","85.59A","PRD",46,"GCO2E_EUR",2022,4
"EEIO_UK","FR","85.59B","FD",50,"GCO2E_EUR",2022,4
"EEIO_UK","FR","85.59B","GVA",38,"GCO2E_EUR",2022,4
"EEIO_UK","FR","85.59B","IC",63,"GCO2E_EUR",2022,4
"EEIO_UK","FR","85.59B","PRD",46,"GCO2E_EUR",2022,4
"EEIO_UK","FR","85.60Z","FD",50,"GCO2E_EUR",2022,4
"EEIO_UK","FR","85.60Z","GVA",38,"GCO2E_EUR",2022,4
"EEIO_UK","FR","85.60Z","IC",63,"GCO2E_EUR",2022,4
"EEIO_UK","FR","85.60Z","PRD",46,"GCO2E_EUR",2022,4
"EEIO_UK","FR","86.10Z","FD",47,"GCO2E_EUR",2022,4
"EEIO_UK","FR","86.10Z","GVA",23,"GCO2E_EUR",2022,4
"EEIO_UK","FR","86.10Z","IC",78,"GCO2E_EUR",2022,4
"EEIO_UK","FR","86.10Z","PRD",47,"GCO2E_EUR",2022,4
"EEIO_UK","FR","86.21Z","FD",47,"GCO2E_EUR",2022,4
"EEIO_UK","FR","86.21Z","GVA",23,"GCO2E_EUR",2022,4
"EEIO_UK","FR","86.21Z","IC",78,"GCO2E_EUR",2022,4
"EEIO_UK","FR","86.21Z","PRD",47,"GCO2E_EUR",2022,4
"EEIO_UK","FR","86.22A","FD",47,"GCO2E_EUR",2022,4
"EEIO_UK","FR","86.22A","GVA",23,"GCO2E_EUR",2022,4
"EEIO_UK","FR","86.22A","IC",78,"GCO2E_EUR",2022,4
"EEIO_UK","FR","86.22A","PRD",47,"GCO2E_EUR",2022,4
"EEIO_UK","FR","86.22B","FD",47,"GCO2E_EUR",2022,4
"EEIO_UK","FR","86.22B","GVA",23,"GCO2E_EUR",2022,4
"EEIO_UK","FR","86.22B","IC",78,"GCO2E_EUR",2022,4
"EEIO_UK","FR","86.22B","PRD",47,"GCO2E_EUR",2022,4
"EEIO_UK","FR","86.22C","FD",47,"GCO2E_EUR",2022,4
"EEIO_UK","FR","86.22C","GVA",23,"GCO2E_EUR",2022,4
"EEIO_UK","FR","86.22C","IC",78,"GCO2E_EUR",2022,4
"EEIO_UK","FR","86.22C","PRD",47,"GCO2E_EUR",2022,4
"EEIO_UK","FR","86.23Z","FD",47,"GCO2E_EUR",2022,4
"EEIO_UK","FR","86.23Z","GVA",23,"GCO2E_EUR",2022,4
"EEIO_UK","FR","86.23Z","IC",78,"GCO2E_EUR",2022,4
"EEIO_UK","FR","86.23Z","PRD",47,"GCO2E_EUR",2022,4
"EEIO_UK","FR","86.90A","FD",47,"GCO2E_EUR",2022,4
"EEIO_UK","FR","86.90A","GVA",23,"GCO2E_EUR",2022,4
"EEIO_UK","FR","86.90A","IC",78,"GCO2E_EUR",2022,4
"EEIO_UK","FR","86.90A","PRD",47,"GCO2E_EUR",2022,4
"EEIO_UK","FR","86.90B","FD",47,"GCO2E_EUR",2022,4
"EEIO_UK","FR","86.90B","GVA",23,"GCO2E_EUR",2022,4
"EEIO_UK","FR","86.90B","IC",78,"GCO2E_EUR",2022,4
"EEIO_UK","FR","86.90B","PRD",47,"GCO2E_EUR",2022,4
"EEIO_UK","FR","86.90C","FD",47,"GCO2E_EUR",2022,4
"EEIO_UK","FR","86.90C","GVA",23,"GCO2E_EUR",2022,4
"EEIO_UK","FR","86.90C","IC",78,"GCO2E_EUR",2022,4
"EEIO_UK","FR","86.90C","PRD",47,"GCO2E_EUR",2022,4
"EEIO_UK","FR","86.90D","FD",47,"GCO2E_EUR",2022,4
"EEIO_UK","FR","86.90D","GVA",23,"GCO2E_EUR",2022,4
"EEIO_UK","FR","86.90D","IC",78,"GCO2E_EUR",2022,4
"EEIO_UK","FR","86.90D","PRD",47,"GCO2E_EUR",2022,4
"EEIO_UK","FR","86.90E","FD",47,"GCO2E_EUR",2022,4
"EEIO_UK","FR","86.90E","GVA",23,"GCO2E_EUR",2022,4
"EEIO_UK","FR","86.90E","IC",78,"GCO2E_EUR",2022,4
"EEIO_UK","FR","86.90E","PRD",47,"GCO2E_EUR",2022,4
"EEIO_UK","FR","86.90F","FD",47,"GCO2E_EUR",2022,4
"EEIO_UK","FR","86.90F","GVA",23,"GCO2E_EUR",2022,4
"EEIO_UK","FR","86.90F","IC",78,"GCO2E_EUR",2022,4
"EEIO_UK","FR","86.90F","PRD",47,"GCO2E_EUR",2022,4
"EEIO_UK","FR","87.10A","FD",64,"GCO2E_EUR",2022,4
"EEIO_UK","FR","87.10A","GVA",57,"GCO2E_EUR",2022,4
"EEIO_UK","FR","87.10A","IC",54,"GCO2E_EUR",2022,4
"EEIO_UK","FR","87.10A","PRD",56,"GCO2E_EUR",2022,4
"EEIO_UK","FR","87.10B","FD",64,"GCO2E_EUR",2022,4
"EEIO_UK","FR","87.10B","GVA",57,"GCO2E_EUR",2022,4
"EEIO_UK","FR","87.10B","IC",54,"GCO2E_EUR",2022,4
"EEIO_UK","FR","87.10B","PRD",56,"GCO2E_EUR",2022,4
"EEIO_UK","FR","87.10C","FD",64,"GCO2E_EUR",2022,4
"EEIO_UK","FR","87.10C","GVA",57,"GCO2E_EUR",2022,4
"EEIO_UK","FR","87.10C","IC",54,"GCO2E_EUR",2022,4
"EEIO_UK","FR","87.10C","PRD",56,"GCO2E_EUR",2022,4
"EEIO_UK","FR","87.20A","FD",64,"GCO2E_EUR",2022,4
"EEIO_UK","FR","87.20A","GVA",57,"GCO2E_EUR",2022,4
"EEIO_UK","FR","87.20A","IC",54,"GCO2E_EUR",2022,4
"EEIO_UK","FR","87.20A","PRD",56,"GCO2E_EUR",2022,4
"EEIO_UK","FR","87.20B","FD",64,"GCO2E_EUR",2022,4
"EEIO_UK","FR","87.20B","GVA",57,"GCO2E_EUR",2022,4
"EEIO_UK","FR","87.20B","IC",54,"GCO2E_EUR",2022,4
"EEIO_UK","FR","87.20B","PRD",56,"GCO2E_EUR",2022,4
"EEIO_UK","FR","87.30A","FD",64,"GCO2E_EUR",2022,4
"EEIO_UK","FR","87.30A","GVA",57,"GCO2E_EUR",2022,4
"EEIO_UK","FR","87.30A","IC",54,"GCO2E_EUR",2022,4
"EEIO_UK","FR","87.30A","PRD",56,"GCO2E_EUR",2022,4
"EEIO_UK","FR","87.30B","FD",64,"GCO2E_EUR",2022,4
"EEIO_UK","FR","87.30B","GVA",57,"GCO2E_EUR",2022,4
"EEIO_UK","FR","87.30B","IC",54,"GCO2E_EUR",2022,4
"EEIO_UK","FR","87.30B","PRD",56,"GCO2E_EUR",2022,4
"EEIO_UK","FR","87.90A","FD",64,"GCO2E_EUR",2022,4
"EEIO_UK","FR","87.90A","GVA",57,"GCO2E_EUR",2022,4
"EEIO_UK","FR","87.90A","IC",54,"GCO2E_EUR",2022,4
"EEIO_UK","FR","87.90A","PRD",56,"GCO2E_EUR",2022,4
"EEIO_UK","FR","87.90B","FD",64,"GCO2E_EUR",2022,4
"EEIO_UK","FR","87.90B","GVA",57,"GCO2E_EUR",2022,4
"EEIO_UK","FR","87.90B","IC",54,"GCO2E_EUR",2022,4
"EEIO_UK","FR","87.90B","PRD",56,"GCO2E_EUR",2022,4
"EEIO_UK","FR","88.10A","FD",64,"GCO2E_EUR",2022,4
"EEIO_UK","FR","88.10A","GVA",57,"GCO2E_EUR",2022,4
"EEIO_UK","FR","88.10A","IC",54,"GCO2E_EUR",2022,4
"EEIO_UK","FR","88.10A","PRD",56,"GCO2E_EUR",2022,4
"EEIO_UK","FR","88.10B","FD",64,"GCO2E_EUR",2022,4
"EEIO_UK","FR","88.10B","GVA",57,"GCO2E_EUR",2022,4
"EEIO_UK","FR","88.10B","IC",54,"GCO2E_EUR",2022,4
"EEIO_UK","FR","88.10B","PRD",56,"GCO2E_EUR",2022,4
"EEIO_UK","FR","88.10C","FD",64,"GCO2E_EUR",2022,4
"EEIO_UK","FR","88.10C","GVA",57,"GCO2E_EUR",2022,4
"EEIO_UK","FR","88.10C","IC",54,"GCO2E_EUR",2022,4
"EEIO_UK","FR","88.10C","PRD",56,"GCO2E_EUR",2022,4
"EEIO_UK","FR","88.91A","FD",64,"GCO2E_EUR",2022,4
"EEIO_UK","FR","88.91A","GVA",57,"GCO2E_EUR",2022,4
"EEIO_UK","FR","88.91A","IC",54,"GCO2E_EUR",2022,4
"EEIO_UK","FR","88.91A","PRD",56,"GCO2E_EUR",2022,4
"EEIO_UK","FR","88.91B","FD",64,"GCO2E_EUR",2022,4
"EEIO_UK","FR","88.91B","GVA",57,"GCO2E_EUR",2022,4
"EEIO_UK","FR","88.91B","IC",54,"GCO2E_EUR",2022,4
"EEIO_UK","FR","88.91B","PRD",56,"GCO2E_EUR",2022,4
"EEIO_UK","FR","88.99A","FD",64,"GCO2E_EUR",2022,4
"EEIO_UK","FR","88.99A","GVA",57,"GCO2E_EUR",2022,4
"EEIO_UK","FR","88.99A","IC",54,"GCO2E_EUR",2022,4
"EEIO_UK","FR","88.99A","PRD",56,"GCO2E_EUR",2022,4
"EEIO_UK","FR","88.99B","FD",64,"GCO2E_EUR",2022,4
"EEIO_UK","FR","88.99B","GVA",57,"GCO2E_EUR",2022,4
"EEIO_UK","FR","88.99B","IC",54,"GCO2E_EUR",2022,4
"EEIO_UK","FR","88.99B","PRD",56,"GCO2E_EUR",2022,4
"EEIO_UK","FR","90.01Z","FD",26,"GCO2E_EUR",2022,3
"EEIO_UK","FR","90.01Z","GVA",22,"GCO2E_EUR",2022,3
"EEIO_UK","FR","90.01Z","IC",19,"GCO2E_EUR",2022,3
"EEIO_UK","FR","90.01Z","PRD",21,"GCO2E_EUR",2022,3
"EEIO_UK","FR","90.02Z","FD",26,"GCO2E_EUR",2022,3
"EEIO_UK","FR","90.02Z","GVA",22,"GCO2E_EUR",2022,3
"EEIO_UK","FR","90.02Z","IC",19,"GCO2E_EUR",2022,3
"EEIO_UK","FR","90.02Z","PRD",21,"GCO2E_EUR",2022,3
"EEIO_UK","FR","90.03A","FD",26,"GCO2E_EUR",2022,3
"EEIO_UK","FR","90.03A","GVA",22,"GCO2E_EUR",2022,3
"EEIO_UK","FR","90.03A","IC",19,"GCO2E_EUR",2022,3
"EEIO_UK","FR","90.03A","PRD",21,"GCO2E_EUR",2022,3
"EEIO_UK","FR","90.03B","FD",26,"GCO2E_EUR",2022,3
"EEIO_UK","FR","90.03B","GVA",22,"GCO2E_EUR",2022,3
"EEIO_UK","FR","90.03B","IC",19,"GCO2E_EUR",2022,3
"EEIO_UK","FR","90.03B","PRD",21,"GCO2E_EUR",2022,3
"EEIO_UK","FR","90.04Z","FD",26,"GCO2E_EUR",2022,3
"EEIO_UK","FR","90.04Z","GVA",22,"GCO2E_EUR",2022,3
"EEIO_UK","FR","90.04Z","IC",19,"GCO2E_EUR",2022,3
"EEIO_UK","FR","90.04Z","PRD",21,"GCO2E_EUR",2022,3
"EEIO_UK","FR","91.01Z","FD",27,"GCO2E_EUR",2022,3
"EEIO_UK","FR","91.01Z","GVA",10,"GCO2E_EUR",2022,3
"EEIO_UK","FR","91.01Z","IC",59,"GCO2E_EUR",2022,3
"EEIO_UK","FR","91.01Z","PRD",27,"GCO2E_EUR",2022,3
"EEIO_UK","FR","91.02Z","FD",27,"GCO2E_EUR",2022,3
"EEIO_UK","FR","91.02Z","GVA",10,"GCO2E_EUR",2022,3
"EEIO_UK","FR","91.02Z","IC",59,"GCO2E_EUR",2022,3
"EEIO_UK","FR","91.02Z","PRD",27,"GCO2E_EUR",2022,3
"EEIO_UK","FR","91.03Z","FD",27,"GCO2E_EUR",2022,3
"EEIO_UK","FR","91.03Z","GVA",10,"GCO2E_EUR",2022,3
"EEIO_UK","FR","91.03Z","IC",59,"GCO2E_EUR",2022,3
"EEIO_UK","FR","91.03Z","PRD",27,"GCO2E_EUR",2022,3
"EEIO_UK","FR","91.04Z","FD",27,"GCO2E_EUR",2022,3
"EEIO_UK","FR","91.04Z","GVA",10,"GCO2E_EUR",2022,3
"EEIO_UK","FR","91.04Z","IC",59,"GCO2E_EUR",2022,3
"EEIO_UK","FR","91.04Z","PRD",27,"GCO2E_EUR",2022,3
"EEIO_UK","FR","92.00Z","FD",30,"GCO2E_EUR",2022,1
"EEIO_UK","FR","92.00Z","GVA",16,"GCO2E_EUR",2022,1
"EEIO_UK","FR","92.00Z","IC",34,"GCO2E_EUR",2022,1
"EEIO_UK","FR","92.00Z","PRD",27,"GCO2E_EUR",2022,1
"EEIO_UK","FR","93.11Z","FD",94,"GCO2E_EUR",2022,4
"EEIO_UK","FR","93.11Z","GVA",97,"GCO2E_EUR",2022,4
"EEIO_UK","FR","93.11Z","IC",85,"GCO2E_EUR",2022,4
"EEIO_UK","FR","93.11Z","PRD",90,"GCO2E_EUR",2022,4
"EEIO_UK","FR","93.12Z","FD",94,"GCO2E_EUR",2022,4
"EEIO_UK","FR","93.12Z","GVA",97,"GCO2E_EUR",2022,4
"EEIO_UK","FR","93.12Z","IC",85,"GCO2E_EUR",2022,4
"EEIO_UK","FR","93.12Z","PRD",90,"GCO2E_EUR",2022,4
"EEIO_UK","FR","93.13Z","FD",94,"GCO2E_EUR",2022,4
"EEIO_UK","FR","93.13Z","GVA",97,"GCO2E_EUR",2022,4
"EEIO_UK","FR","93.13Z","IC",85,"GCO2E_EUR",2022,4
"EEIO_UK","FR","93.13Z","PRD",90,"GCO2E_EUR",2022,4
"EEIO_UK","FR","93.19Z","FD",94,"GCO2E_EUR",2022,4
"EEIO_UK","FR","93.19Z","GVA",97,"GCO2E_EUR",2022,4
"EEIO_UK","FR","93.19Z","IC",85,"GCO2E_EUR",2022,4
"EEIO_UK","FR","93.19Z","PRD",90,"GCO2E_EUR",2022,4
"EEIO_UK","FR","93.21Z","FD",94,"GCO2E_EUR",2022,4
"EEIO_UK","FR","93.21Z","GVA",97,"GCO2E_EUR",2022,4
"EEIO_UK","FR","93.21Z","IC",85,"GCO2E_EUR",2022,4
"EEIO_UK","FR","93.21Z","PRD",90,"GCO2E_EUR",2022,4
"EEIO_UK","FR","93.29Z","FD",94,"GCO2E_EUR",2022,4
"EEIO_UK","FR","93.29Z","GVA",97,"GCO2E_EUR",2022,4
"EEIO_UK","FR","93.29Z","IC",85,"GCO2E_EUR",2022,4
"EEIO_UK","FR","93.29Z","PRD",90,"GCO2E_EUR",2022,4
"EEIO_UK","FR","94.11Z","FD",43,"GCO2E_EUR",2022,4
"EEIO_UK","FR","94.11Z","GVA",17,"GCO2E_EUR",2022,4
"EEIO_UK","FR","94.11Z","IC",71,"GCO2E_EUR",2022,4
"EEIO_UK","FR","94.11Z","PRD",42,"GCO2E_EUR",2022,4
"EEIO_UK","FR","94.12Z","FD",43,"GCO2E_EUR",2022,4
"EEIO_UK","FR","94.12Z","GVA",17,"GCO2E_EUR",2022,4
"EEIO_UK","FR","94.12Z","IC",71,"GCO2E_EUR",2022,4
"EEIO_UK","FR","94.12Z","PRD",42,"GCO2E_EUR",2022,4
"EEIO_UK","FR","94.20Z","FD",43,"GCO2E_EUR",2022,4
"EEIO_UK","FR","94.20Z","GVA",17,"GCO2E_EUR",2022,4
"EEIO_UK","FR","94.20Z","IC",71,"GCO2E_EUR",2022,4
"EEIO_UK","FR","94.20Z","PRD",42,"GCO2E_EUR",2022,4
"EEIO_UK","FR","94.91Z","FD",43,"GCO2E_EUR",2022,4
"EEIO_UK","FR","94.91Z","GVA",17,"GCO2E_EUR",2022,4
"EEIO_UK","FR","94.91Z","IC",71,"GCO2E_EUR",2022,4
"EEIO_UK","FR","94.91Z","PRD",42,"GCO2E_EUR",2022,4
"EEIO_UK","FR","94.92Z","FD",43,"GCO2E_EUR",2022,4
"EEIO_UK","FR","94.92Z","GVA",17,"GCO2E_EUR",2022,4
"EEIO_UK","FR","94.92Z","IC",71,"GCO2E_EUR",2022,4
"EEIO_UK","FR","94.92Z","PRD",42,"GCO2E_EUR",2022,4
"EEIO_UK","FR","94.99Z","FD",43,"GCO2E_EUR",2022,4
"EEIO_UK","FR","94.99Z","GVA",17,"GCO2E_EUR",2022,4
"EEIO_UK","FR","94.99Z","IC",71,"GCO2E_EUR",2022,4
"EEIO_UK","FR","94.99Z","PRD",42,"GCO2E_EUR",2022,4
"EEIO_UK","FR","95.11Z","FD",46,"GCO2E_EUR",2022,4
"EEIO_UK","FR","95.11Z","GVA",28,"GCO2E_EUR",2022,4
"EEIO_UK","FR","95.11Z","IC",59,"GCO2E_EUR",2022,4
"EEIO_UK","FR","95.11Z","PRD",43,"GCO2E_EUR",2022,4
"EEIO_UK","FR","95.12Z","FD",46,"GCO2E_EUR",2022,4
"EEIO_UK","FR","95.12Z","GVA",28,"GCO2E_EUR",2022,4
"EEIO_UK","FR","95.12Z","IC",59,"GCO2E_EUR",2022,4
"EEIO_UK","FR","95.12Z","PRD",43,"GCO2E_EUR",2022,4
"EEIO_UK","FR","95.21Z","FD",46,"GCO2E_EUR",2022,4
"EEIO_UK","FR","95.21Z","GVA",28,"GCO2E_EUR",2022,4
"EEIO_UK","FR","95.21Z","IC",59,"GCO2E_EUR",2022,4
"EEIO_UK","FR","95.21Z","PRD",43,"GCO2E_EUR",2022,4
"EEIO_UK","FR","95.22Z","FD",46,"GCO2E_EUR",2022,4
"EEIO_UK","FR","95.22Z","GVA",28,"GCO2E_EUR",2022,4
"EEIO_UK","FR","95.22Z","IC",59,"GCO2E_EUR",2022,4
"EEIO_UK","FR","95.22Z","PRD",43,"GCO2E_EUR",2022,4
"EEIO_UK","FR","95.23Z","FD",46,"GCO2E_EUR",2022,4
"EEIO_UK","FR","95.23Z","GVA",28,"GCO2E_EUR",2022,4
"EEIO_UK","FR","95.23Z","IC",59,"GCO2E_EUR",2022,4
"EEIO_UK","FR","95.23Z","PRD",43,"GCO2E_EUR",2022,4
"EEIO_UK","FR","95.24Z","FD",46,"GCO2E_EUR",2022,4
"EEIO_UK","FR","95.24Z","GVA",28,"GCO2E_EUR",2022,4
"EEIO_UK","FR","95.24Z","IC",59,"GCO2E_EUR",2022,4
"EEIO_UK","FR","95.24Z","PRD",43,"GCO2E_EUR",2022,4
"EEIO_UK","FR","95.25Z","FD",46,"GCO2E_EUR",2022,4
"EEIO_UK","FR","95.25Z","GVA",28,"GCO2E_EUR",2022,4
"EEIO_UK","FR","95.25Z","IC",59,"GCO2E_EUR",2022,4
"EEIO_UK","FR","95.25Z","PRD",43,"GCO2E_EUR",2022,4
"EEIO_UK","FR","95.29Z","FD",46,"GCO2E_EUR",2022,4
"EEIO_UK","FR","95.29Z","GVA",28,"GCO2E_EUR",2022,4
"EEIO_UK","FR","95.29Z","IC",59,"GCO2E_EUR",2022,4
"EEIO_UK","FR","95.29Z","PRD",43,"GCO2E_EUR",2022,4
"EEIO_UK","FR","96.01A","FD",48,"GCO2E_EUR",2022,4
"EEIO_UK","FR","96.01A","GVA",43,"GCO2E_EUR",2022,4
"EEIO_UK","FR","96.01A","IC",55,"GCO2E_EUR",2022,4
"EEIO_UK","FR","96.01A","PRD",46,"GCO2E_EUR",2022,4
"EEIO_UK","FR","96.01B","FD",48,"GCO2E_EUR",2022,4
"EEIO_UK","FR","96.01B","GVA",43,"GCO2E_EUR",2022,4
"EEIO_UK","FR","96.01B","IC",55,"GCO2E_EUR",2022,4
"EEIO_UK","FR","96.01B","PRD",46,"GCO2E_EUR",2022,4
"EEIO_UK","FR","96.02A","FD",48,"GCO2E_EUR",2022,4
"EEIO_UK","FR","96.02A","GVA",43,"GCO2E_EUR",2022,4
"EEIO_UK","FR","96.02A","IC",55,"GCO2E_EUR",2022,4
"EEIO_UK","FR","96.02A","PRD",46,"GCO2E_EUR",2022,4
"EEIO_UK","FR","96.02B","FD",48,"GCO2E_EUR",2022,4
"EEIO_UK","FR","96.02B","GVA",43,"GCO2E_EUR",2022,4
"EEIO_UK","FR","96.02B","IC",55,"GCO2E_EUR",2022,4
"EEIO_UK","FR","96.02B","PRD",46,"GCO2E_EUR",2022,4
"EEIO_UK","FR","96.03Z","FD",48,"GCO2E_EUR",2022,4
"EEIO_UK","FR","96.03Z","GVA",43,"GCO2E_EUR",2022,4
"EEIO_UK","FR","96.03Z","IC",55,"GCO2E_EUR",2022,4
"EEIO_UK","FR","96.03Z","PRD",46,"GCO2E_EUR",2022,4
"EEIO_UK","FR","96.04Z","FD",48,"GCO2E_EUR",2022,4
"EEIO_UK","FR","96.04Z","GVA",43,"GCO2E_EUR",2022,4
"EEIO_UK","FR","96.04Z","IC",55,"GCO2E_EUR",2022,4
"EEIO_UK","FR","96.04Z","PRD",46,"GCO2E_EUR",2022,4
"EEIO_UK","FR","96.09Z","FD",48,"GCO2E_EUR",2022,4
"EEIO_UK","FR","96.09Z","GVA",43,"GCO2E_EUR",2022,4
"EEIO_UK","FR","96.09Z","IC",55,"GCO2E_EUR",2022,4
"EEIO_UK","FR","96.09Z","PRD",46,"GCO2E_EUR",2022,4
"EEIO_UK","FR","97.00Z","FD",6,"GCO2E_EUR",2022,4
"EEIO_UK","FR","97.00Z","GVA",6,"GCO2E_EUR",2022,4
"EEIO_UK","FR","97.00Z","IC",NA,"GCO2E_EUR",2022,4
"EEIO_UK","FR","97.00Z","PRD",6,"GCO2E_EUR",2022,4
