"year","code_ape_a732","aggregate","fpt","accuracy_fpt","unit","libelle_ape_a732"
"2022","01.11Z","IC",251,2.8,"GCO2E_EUR","Culture de céréales (à l'exception du riz), de légumineuses et de graines oléagineuses"
"2022","01.11Z","GVA",3152,2.8,"GCO2E_EUR","Culture de céréales (à l'exception du riz), de légumineuses et de graines oléagineuses"
"2022","01.11Z","PRD",1024,2.8,"GCO2E_EUR","Culture de céréales (à l'exception du riz), de légumineuses et de graines oléagineuses"
"2022","01.12Z","GVA",3546,3.4,"GCO2E_EUR","Culture du riz"
"2022","01.12Z","IC",275,3.4,"GCO2E_EUR","Culture du riz"
"2022","01.12Z","PRD",1126,3.4,"GCO2E_EUR","Culture du riz"
"2022","01.13Z","GVA",1730,2,"GCO2E_EUR","Culture de légumes, de melons, de racines et de tubercules"
"2022","01.13Z","IC",248,2,"GCO2E_EUR","Culture de légumes, de melons, de racines et de tubercules"
"2022","01.13Z","PRD",879,2,"GCO2E_EUR","Culture de légumes, de melons, de racines et de tubercules"
"2022","01.14Z","PRD",980,3.4,"GCO2E_EUR","Culture de la canne à sucre"
"2022","01.14Z","GVA",2103,3.4,"GCO2E_EUR","Culture de la canne à sucre"
"2022","01.14Z","IC",268,3.4,"GCO2E_EUR","Culture de la canne à sucre"
"2022","01.15Z","PRD",980,3.4,"GCO2E_EUR","Culture du tabac"
"2022","01.15Z","GVA",2103,3.4,"GCO2E_EUR","Culture du tabac"
"2022","01.15Z","IC",268,3.4,"GCO2E_EUR","Culture du tabac"
"2022","01.16Z","IC",268,3.4,"GCO2E_EUR","Culture de plantes à fibres"
"2022","01.16Z","PRD",980,3.4,"GCO2E_EUR","Culture de plantes à fibres"
"2022","01.16Z","GVA",2103,3.4,"GCO2E_EUR","Culture de plantes à fibres"
"2022","01.19Z","GVA",2103,3.4,"GCO2E_EUR","Autres cultures non permanentes"
"2022","01.19Z","IC",268,3.4,"GCO2E_EUR","Autres cultures non permanentes"
"2022","01.19Z","PRD",980,3.4,"GCO2E_EUR","Autres cultures non permanentes"
"2022","01.21Z","GVA",1526,3.4,"GCO2E_EUR","Culture de la vigne"
"2022","01.21Z","IC",262,3.4,"GCO2E_EUR","Culture de la vigne"
"2022","01.21Z","PRD",810,3.4,"GCO2E_EUR","Culture de la vigne"
"2022","01.22Z","IC",262,3.4,"GCO2E_EUR","Culture de fruits tropicaux et subtropicaux"
"2022","01.22Z","PRD",810,3.4,"GCO2E_EUR","Culture de fruits tropicaux et subtropicaux"
"2022","01.22Z","GVA",1526,3.4,"GCO2E_EUR","Culture de fruits tropicaux et subtropicaux"
"2022","01.23Z","IC",262,3.4,"GCO2E_EUR","Culture d'agrumes"
"2022","01.23Z","GVA",1526,3.4,"GCO2E_EUR","Culture d'agrumes"
"2022","01.23Z","PRD",810,3.4,"GCO2E_EUR","Culture d'agrumes"
"2022","01.24Z","IC",262,3.4,"GCO2E_EUR","Culture de fruits à pépins et à noyau"
"2022","01.24Z","GVA",1526,3.4,"GCO2E_EUR","Culture de fruits à pépins et à noyau"
"2022","01.24Z","PRD",810,3.4,"GCO2E_EUR","Culture de fruits à pépins et à noyau"
"2022","01.25Z","GVA",1526,3.4,"GCO2E_EUR","Culture d'autres fruits d'arbres ou d'arbustes et de fruits à coque"
"2022","01.25Z","IC",262,3.4,"GCO2E_EUR","Culture d'autres fruits d'arbres ou d'arbustes et de fruits à coque"
"2022","01.25Z","PRD",810,3.4,"GCO2E_EUR","Culture d'autres fruits d'arbres ou d'arbustes et de fruits à coque"
"2022","01.26Z","IC",262,3.4,"GCO2E_EUR","Culture de fruits oléagineux"
"2022","01.26Z","GVA",1526,3.4,"GCO2E_EUR","Culture de fruits oléagineux"
"2022","01.26Z","PRD",810,3.4,"GCO2E_EUR","Culture de fruits oléagineux"
"2022","01.27Z","IC",262,3.4,"GCO2E_EUR","Culture de plantes à boissons"
"2022","01.27Z","PRD",810,3.4,"GCO2E_EUR","Culture de plantes à boissons"
"2022","01.27Z","GVA",1526,3.4,"GCO2E_EUR","Culture de plantes à boissons"
"2022","01.28Z","IC",268,3.4,"GCO2E_EUR","Culture de plantes à épices, aromatiques, médicinales et pharmaceutiques"
"2022","01.28Z","GVA",2103,3.4,"GCO2E_EUR","Culture de plantes à épices, aromatiques, médicinales et pharmaceutiques"
"2022","01.28Z","PRD",980,3.4,"GCO2E_EUR","Culture de plantes à épices, aromatiques, médicinales et pharmaceutiques"
"2022","01.29Z","GVA",1815,3.4,"GCO2E_EUR","Autres cultures permanentes"
"2022","01.29Z","PRD",895,3.4,"GCO2E_EUR","Autres cultures permanentes"
"2022","01.29Z","IC",265,3.4,"GCO2E_EUR","Autres cultures permanentes"
"2022","01.30Z","PRD",701,2,"GCO2E_EUR","Reproduction de plantes"
"2022","01.30Z","IC",224,2,"GCO2E_EUR","Reproduction de plantes"
"2022","01.30Z","GVA",1272,2,"GCO2E_EUR","Reproduction de plantes"
"2022","01.41Z","GVA",3633,2,"GCO2E_EUR","Élevage de vaches laitières"
"2022","01.41Z","IC",320,2,"GCO2E_EUR","Élevage de vaches laitières"
"2022","01.41Z","PRD",1261,2,"GCO2E_EUR","Élevage de vaches laitières"
"2022","01.42Z","GVA",2887,2,"GCO2E_EUR","Élevage d'autres bovins et de buffles"
"2022","01.42Z","IC",264,2,"GCO2E_EUR","Élevage d'autres bovins et de buffles"
"2022","01.42Z","PRD",1146,2,"GCO2E_EUR","Élevage d'autres bovins et de buffles"
"2022","01.43Z","PRD",910,3.4,"GCO2E_EUR","Élevage de chevaux et d'autres équidés"
"2022","01.43Z","GVA",1656,3.4,"GCO2E_EUR","Élevage de chevaux et d'autres équidés"
"2022","01.43Z","IC",261,3.4,"GCO2E_EUR","Élevage de chevaux et d'autres équidés"
"2022","01.44Z","IC",261,3.4,"GCO2E_EUR","Élevage de chameaux et d'autres camélidés"
"2022","01.44Z","PRD",910,3.4,"GCO2E_EUR","Élevage de chameaux et d'autres camélidés"
"2022","01.44Z","GVA",1656,3.4,"GCO2E_EUR","Élevage de chameaux et d'autres camélidés"
"2022","01.45Z","IC",261,3.4,"GCO2E_EUR","Élevage d'ovins et de caprins"
"2022","01.45Z","PRD",910,3.4,"GCO2E_EUR","Élevage d'ovins et de caprins"
"2022","01.45Z","GVA",1656,3.4,"GCO2E_EUR","Élevage d'ovins et de caprins"
"2022","01.46Z","GVA",1656,3.4,"GCO2E_EUR","Élevage de porcins"
"2022","01.46Z","PRD",910,3.4,"GCO2E_EUR","Élevage de porcins"
"2022","01.46Z","IC",261,3.4,"GCO2E_EUR","Élevage de porcins"
"2022","01.47Z","IC",257,2,"GCO2E_EUR","Élevage de volailles"
"2022","01.47Z","PRD",571,2,"GCO2E_EUR","Élevage de volailles"
"2022","01.47Z","GVA",1306,2,"GCO2E_EUR","Élevage de volailles"
"2022","01.49Z","GVA",1656,3.4,"GCO2E_EUR","Élevage d'autres animaux"
"2022","01.49Z","PRD",910,3.4,"GCO2E_EUR","Élevage d'autres animaux"
"2022","01.49Z","IC",261,3.4,"GCO2E_EUR","Élevage d'autres animaux"
"2022","01.50Z","PRD",946,3.4,"GCO2E_EUR","Culture et élevage associés"
"2022","01.50Z","IC",270,3.4,"GCO2E_EUR","Culture et élevage associés"
"2022","01.50Z","GVA",2111,3.4,"GCO2E_EUR","Culture et élevage associés"
"2022","01.61Z","IC",226,2.8,"GCO2E_EUR","Activités de soutien aux cultures"
"2022","01.61Z","GVA",866,2.8,"GCO2E_EUR","Activités de soutien aux cultures"
"2022","01.61Z","PRD",451,2.8,"GCO2E_EUR","Activités de soutien aux cultures"
"2022","01.62Z","GVA",866,2.8,"GCO2E_EUR","Activités de soutien à la production animale"
"2022","01.62Z","IC",226,2.8,"GCO2E_EUR","Activités de soutien à la production animale"
"2022","01.62Z","PRD",451,2.8,"GCO2E_EUR","Activités de soutien à la production animale"
"2022","01.63Z","PRD",555,3.4,"GCO2E_EUR","Traitement primaire des récoltes"
"2022","01.63Z","GVA",1144,3.4,"GCO2E_EUR","Traitement primaire des récoltes"
"2022","01.63Z","IC",251,3.4,"GCO2E_EUR","Traitement primaire des récoltes"
"2022","01.64Z","PRD",555,3.4,"GCO2E_EUR","Traitement des semences"
"2022","01.64Z","IC",251,3.4,"GCO2E_EUR","Traitement des semences"
"2022","01.64Z","GVA",1144,3.4,"GCO2E_EUR","Traitement des semences"
"2022","01.70Z","GVA",1211,3.4,"GCO2E_EUR","Chasse, piégeage et services annexes"
"2022","01.70Z","PRD",607,3.4,"GCO2E_EUR","Chasse, piégeage et services annexes"
"2022","01.70Z","IC",225,3.4,"GCO2E_EUR","Chasse, piégeage et services annexes"
"2022","02.10Z","GVA",182,3.4,"GCO2E_EUR","Sylviculture et autres activités forestières"
"2022","02.10Z","IC",85,3.4,"GCO2E_EUR","Sylviculture et autres activités forestières"
"2022","02.10Z","PRD",138,3.4,"GCO2E_EUR","Sylviculture et autres activités forestières"
"2022","02.20Z","GVA",182,3.4,"GCO2E_EUR","Exploitation forestière"
"2022","02.20Z","IC",85,3.4,"GCO2E_EUR","Exploitation forestière"
"2022","02.20Z","PRD",138,3.4,"GCO2E_EUR","Exploitation forestière"
"2022","02.30Z","IC",85,3.4,"GCO2E_EUR","Récolte de produits forestiers non ligneux poussant à l'état sauvage"
"2022","02.30Z","GVA",182,3.4,"GCO2E_EUR","Récolte de produits forestiers non ligneux poussant à l'état sauvage"
"2022","02.30Z","PRD",138,3.4,"GCO2E_EUR","Récolte de produits forestiers non ligneux poussant à l'état sauvage"
"2022","02.40Z","GVA",170,2.8,"GCO2E_EUR","Services de soutien à l'exploitation forestière"
"2022","02.40Z","PRD",145,2.8,"GCO2E_EUR","Services de soutien à l'exploitation forestière"
"2022","02.40Z","IC",97,2.8,"GCO2E_EUR","Services de soutien à l'exploitation forestière"
"2022","03.11Z","PRD",564,3.7,"GCO2E_EUR","Pêche en mer"
"2022","03.11Z","GVA",1036,3.7,"GCO2E_EUR","Pêche en mer"
"2022","03.11Z","IC",228,3.7,"GCO2E_EUR","Pêche en mer"
"2022","03.12Z","PRD",564,3.7,"GCO2E_EUR","Pêche en eau douce"
"2022","03.12Z","GVA",1036,3.7,"GCO2E_EUR","Pêche en eau douce"
"2022","03.12Z","IC",228,3.7,"GCO2E_EUR","Pêche en eau douce"
"2022","03.21Z","IC",238,3.7,"GCO2E_EUR","Aquaculture en mer"
"2022","03.21Z","GVA",1181,3.7,"GCO2E_EUR","Aquaculture en mer"
"2022","03.21Z","PRD",667,3.7,"GCO2E_EUR","Aquaculture en mer"
"2022","03.22Z","GVA",1181,3.7,"GCO2E_EUR","Aquaculture en eau douce"
"2022","03.22Z","PRD",667,3.7,"GCO2E_EUR","Aquaculture en eau douce"
"2022","03.22Z","IC",238,3.7,"GCO2E_EUR","Aquaculture en eau douce"
"2022","05.10Z","PRD",568,2.1,"GCO2E_EUR","Extraction de houille"
"2022","05.10Z","IC",178,2.1,"GCO2E_EUR","Extraction de houille"
"2022","05.10Z","GVA",4529,2.1,"GCO2E_EUR","Extraction de houille"
"2022","05.20Z","GVA",4529,2.1,"GCO2E_EUR","Extraction de lignite"
"2022","05.20Z","PRD",568,2.1,"GCO2E_EUR","Extraction de lignite"
"2022","05.20Z","IC",178,2.1,"GCO2E_EUR","Extraction de lignite"
"2022","06.10Z","PRD",199,2.4,"GCO2E_EUR","Extraction de pétrole brut"
"2022","06.10Z","IC",184,2.4,"GCO2E_EUR","Extraction de pétrole brut"
"2022","06.10Z","GVA",205,2.4,"GCO2E_EUR","Extraction de pétrole brut"
"2022","06.20Z","GVA",205,2.4,"GCO2E_EUR","Extraction de gaz naturel"
"2022","06.20Z","PRD",199,2.4,"GCO2E_EUR","Extraction de gaz naturel"
"2022","06.20Z","IC",184,2.4,"GCO2E_EUR","Extraction de gaz naturel"
"2022","07.10Z","PRD",181,2.6,"GCO2E_EUR","Extraction de minerais de fer"
"2022","07.10Z","GVA",184,2.6,"GCO2E_EUR","Extraction de minerais de fer"
"2022","07.10Z","IC",187,2.6,"GCO2E_EUR","Extraction de minerais de fer"
"2022","07.21Z","IC",187,2.6,"GCO2E_EUR","Extraction de minerais d'uranium et de thorium"
"2022","07.21Z","GVA",184,2.6,"GCO2E_EUR","Extraction de minerais d'uranium et de thorium"
"2022","07.21Z","PRD",181,2.6,"GCO2E_EUR","Extraction de minerais d'uranium et de thorium"
"2022","07.29Z","GVA",180,2.6,"GCO2E_EUR","Extraction d'autres minerais de métaux non ferreux"
"2022","07.29Z","IC",211,2.6,"GCO2E_EUR","Extraction d'autres minerais de métaux non ferreux"
"2022","07.29Z","PRD",182,2.6,"GCO2E_EUR","Extraction d'autres minerais de métaux non ferreux"
"2022","08.11Z","GVA",204,1.7,"GCO2E_EUR","Extraction de pierres ornementales et de construction, de calcaire industriel, de gypse, de craie et d'ardoise"
"2022","08.11Z","IC",211,1.8,"GCO2E_EUR","Extraction de pierres ornementales et de construction, de calcaire industriel, de gypse, de craie et d'ardoise"
"2022","08.11Z","PRD",202,1.8,"GCO2E_EUR","Extraction de pierres ornementales et de construction, de calcaire industriel, de gypse, de craie et d'ardoise"
"2022","08.12Z","PRD",220,2.4,"GCO2E_EUR","Exploitation de gravières et sablières, extraction d'argiles et de kaolin"
"2022","08.12Z","IC",226,2.4,"GCO2E_EUR","Exploitation de gravières et sablières, extraction d'argiles et de kaolin"
"2022","08.12Z","GVA",232,2.3,"GCO2E_EUR","Exploitation de gravières et sablières, extraction d'argiles et de kaolin"
"2022","08.91Z","IC",225,2.6,"GCO2E_EUR","Extraction des minéraux chimiques et d'engrais minéraux"
"2022","08.91Z","GVA",170,2.5,"GCO2E_EUR","Extraction des minéraux chimiques et d'engrais minéraux"
"2022","08.91Z","PRD",200,2.6,"GCO2E_EUR","Extraction des minéraux chimiques et d'engrais minéraux"
"2022","08.92Z","PRD",206,2.6,"GCO2E_EUR","Extraction de tourbe"
"2022","08.92Z","GVA",180,2.5,"GCO2E_EUR","Extraction de tourbe"
"2022","08.92Z","IC",202,2.6,"GCO2E_EUR","Extraction de tourbe"
"2022","08.93Z","GVA",187,3.2,"GCO2E_EUR","Production de sel"
"2022","08.93Z","PRD",222,3.1,"GCO2E_EUR","Production de sel"
"2022","08.93Z","IC",228,3.1,"GCO2E_EUR","Production de sel"
"2022","08.99Z","IC",228,3.1,"GCO2E_EUR","Autres activités extractives n.c.a."
"2022","08.99Z","GVA",187,3.2,"GCO2E_EUR","Autres activités extractives n.c.a."
"2022","08.99Z","PRD",222,3.1,"GCO2E_EUR","Autres activités extractives n.c.a."
"2022","09.10Z","PRD",169,2.4,"GCO2E_EUR","Activités de soutien à l'extraction d'hydrocarbures"
"2022","09.10Z","GVA",157,2.4,"GCO2E_EUR","Activités de soutien à l'extraction d'hydrocarbures"
"2022","09.10Z","IC",188,2.4,"GCO2E_EUR","Activités de soutien à l'extraction d'hydrocarbures"
"2022","09.90Z","PRD",169,2.2,"GCO2E_EUR","Activités de soutien aux autres industries extractives"
"2022","09.90Z","IC",186,2.2,"GCO2E_EUR","Activités de soutien aux autres industries extractives"
"2022","09.90Z","GVA",158,2.2,"GCO2E_EUR","Activités de soutien aux autres industries extractives"
"2022","10.11Z","PRD",416,2.1,"GCO2E_EUR","Transformation et conservation de la viande de boucherie"
"2022","10.11Z","GVA",273,2.1,"GCO2E_EUR","Transformation et conservation de la viande de boucherie"
"2022","10.11Z","IC",482,2.1,"GCO2E_EUR","Transformation et conservation de la viande de boucherie"
"2022","10.12Z","GVA",254,1.8,"GCO2E_EUR","Transformation et conservation de la viande de volaille"
"2022","10.12Z","IC",418,1.8,"GCO2E_EUR","Transformation et conservation de la viande de volaille"
"2022","10.12Z","PRD",365,1.8,"GCO2E_EUR","Transformation et conservation de la viande de volaille"
"2022","10.13A","GVA",273,2.1,"GCO2E_EUR","Préparation industrielle de produits à base de viande"
"2022","10.13A","PRD",416,2.1,"GCO2E_EUR","Préparation industrielle de produits à base de viande"
"2022","10.13A","IC",482,2.1,"GCO2E_EUR","Préparation industrielle de produits à base de viande"
"2022","10.13B","GVA",273,2.1,"GCO2E_EUR","Charcuterie"
"2022","10.13B","PRD",416,2.1,"GCO2E_EUR","Charcuterie"
"2022","10.13B","IC",482,2.1,"GCO2E_EUR","Charcuterie"
"2022","10.20Z","GVA",383,1.5,"GCO2E_EUR","Transformation et conservation de poisson, de crustacés et de mollusques"
"2022","10.20Z","IC",283,1.5,"GCO2E_EUR","Transformation et conservation de poisson, de crustacés et de mollusques"
"2022","10.20Z","PRD",290,1.5,"GCO2E_EUR","Transformation et conservation de poisson, de crustacés et de mollusques"
"2022","10.31Z","GVA",335,2.4,"GCO2E_EUR","Transformation et conservation de pommes de terre"
"2022","10.31Z","PRD",355,2.4,"GCO2E_EUR","Transformation et conservation de pommes de terre"
"2022","10.31Z","IC",379,2.4,"GCO2E_EUR","Transformation et conservation de pommes de terre"
"2022","10.32Z","PRD",352,2.4,"GCO2E_EUR","Préparation de jus de fruits et légumes"
"2022","10.32Z","IC",367,2.4,"GCO2E_EUR","Préparation de jus de fruits et légumes"
"2022","10.32Z","GVA",357,2.4,"GCO2E_EUR","Préparation de jus de fruits et légumes"
"2022","10.39A","PRD",357,2.4,"GCO2E_EUR","Autre transformation et conservation de légumes"
"2022","10.39A","GVA",344,2.4,"GCO2E_EUR","Autre transformation et conservation de légumes"
"2022","10.39A","IC",378,2.4,"GCO2E_EUR","Autre transformation et conservation de légumes"
"2022","10.39B","GVA",344,2.4,"GCO2E_EUR","Transformation et conservation de fruits"
"2022","10.39B","IC",378,2.4,"GCO2E_EUR","Transformation et conservation de fruits"
"2022","10.39B","PRD",357,2.4,"GCO2E_EUR","Transformation et conservation de fruits"
"2022","10.41A","GVA",326,2.4,"GCO2E_EUR","Fabrication d'huiles et graisses brutes"
"2022","10.41A","IC",345,2.4,"GCO2E_EUR","Fabrication d'huiles et graisses brutes"
"2022","10.41A","PRD",332,2.4,"GCO2E_EUR","Fabrication d'huiles et graisses brutes"
"2022","10.41B","IC",302,2.4,"GCO2E_EUR","Fabrication d'huiles et graisses raffinées"
"2022","10.41B","PRD",294,2.4,"GCO2E_EUR","Fabrication d'huiles et graisses raffinées"
"2022","10.41B","GVA",315,2.4,"GCO2E_EUR","Fabrication d'huiles et graisses raffinées"
"2022","10.42Z","GVA",315,2.4,"GCO2E_EUR","Fabrication de margarine et graisses comestibles similaires"
"2022","10.42Z","PRD",294,2.4,"GCO2E_EUR","Fabrication de margarine et graisses comestibles similaires"
"2022","10.42Z","IC",302,2.4,"GCO2E_EUR","Fabrication de margarine et graisses comestibles similaires"
"2022","10.51A","PRD",446,2.1,"GCO2E_EUR","Fabrication de lait liquide et de produits frais"
"2022","10.51A","IC",508,2.1,"GCO2E_EUR","Fabrication de lait liquide et de produits frais"
"2022","10.51A","GVA",363,2.1,"GCO2E_EUR","Fabrication de lait liquide et de produits frais"
"2022","10.51B","GVA",363,2.1,"GCO2E_EUR","Fabrication de beurre"
"2022","10.51B","IC",508,2.1,"GCO2E_EUR","Fabrication de beurre"
"2022","10.51B","PRD",446,2.1,"GCO2E_EUR","Fabrication de beurre"
"2022","10.51C","IC",500,1.8,"GCO2E_EUR","Fabrication de fromage"
"2022","10.51C","GVA",346,1.8,"GCO2E_EUR","Fabrication de fromage"
"2022","10.51C","PRD",442,1.8,"GCO2E_EUR","Fabrication de fromage"
"2022","10.51D","PRD",426,2.1,"GCO2E_EUR","Fabrication d'autres produits laitiers"
"2022","10.51D","IC",484,2.1,"GCO2E_EUR","Fabrication d'autres produits laitiers"
"2022","10.51D","GVA",364,2.1,"GCO2E_EUR","Fabrication d'autres produits laitiers"
"2022","10.52Z","IC",439,1.8,"GCO2E_EUR","Fabrication de glaces et sorbets"
"2022","10.52Z","GVA",338,1.8,"GCO2E_EUR","Fabrication de glaces et sorbets"
"2022","10.52Z","PRD",391,1.8,"GCO2E_EUR","Fabrication de glaces et sorbets"
"2022","10.61A","IC",393,2.2,"GCO2E_EUR","Meunerie"
"2022","10.61A","GVA",413,2.2,"GCO2E_EUR","Meunerie"
"2022","10.61A","PRD",388,2.2,"GCO2E_EUR","Meunerie"
"2022","10.61B","PRD",383,2.2,"GCO2E_EUR","Autres activités du travail des grains"
"2022","10.61B","GVA",482,2.2,"GCO2E_EUR","Autres activités du travail des grains"
"2022","10.61B","IC",358,2.2,"GCO2E_EUR","Autres activités du travail des grains"
"2022","10.62Z","PRD",625,1.8,"GCO2E_EUR","Fabrication de produits amylacés"
"2022","10.62Z","GVA",1013,1.8,"GCO2E_EUR","Fabrication de produits amylacés"
"2022","10.62Z","IC",519,1.8,"GCO2E_EUR","Fabrication de produits amylacés"
"2022","10.71A","IC",282,2.2,"GCO2E_EUR","Fabrication industrielle de pain et de pâtisserie fraîche"
"2022","10.71A","GVA",265,2.2,"GCO2E_EUR","Fabrication industrielle de pain et de pâtisserie fraîche"
"2022","10.71A","PRD",276,2.2,"GCO2E_EUR","Fabrication industrielle de pain et de pâtisserie fraîche"
"2022","10.71B","GVA",265,2.2,"GCO2E_EUR","Cuisson de produits de boulangerie"
"2022","10.71B","PRD",276,2.2,"GCO2E_EUR","Cuisson de produits de boulangerie"
"2022","10.71B","IC",281,2.2,"GCO2E_EUR","Cuisson de produits de boulangerie"
"2022","10.71C","IC",281,2.2,"GCO2E_EUR","Boulangerie et boulangerie-pâtisserie"
"2022","10.71C","PRD",276,2.2,"GCO2E_EUR","Boulangerie et boulangerie-pâtisserie"
"2022","10.71C","GVA",265,2.2,"GCO2E_EUR","Boulangerie et boulangerie-pâtisserie"
"2022","10.71D","IC",281,2.2,"GCO2E_EUR","Pâtisserie"
"2022","10.71D","PRD",276,2.2,"GCO2E_EUR","Pâtisserie"
"2022","10.71D","GVA",265,2.2,"GCO2E_EUR","Pâtisserie"
"2022","10.72Z","PRD",277,2.2,"GCO2E_EUR","Fabrication de biscuits, biscottes et pâtisseries de conservation"
"2022","10.72Z","GVA",265,2.2,"GCO2E_EUR","Fabrication de biscuits, biscottes et pâtisseries de conservation"
"2022","10.72Z","IC",283,2.2,"GCO2E_EUR","Fabrication de biscuits, biscottes et pâtisseries de conservation"
"2022","10.73Z","IC",283,2.2,"GCO2E_EUR","Fabrication de pâtes alimentaires"
"2022","10.73Z","PRD",277,2.2,"GCO2E_EUR","Fabrication de pâtes alimentaires"
"2022","10.73Z","GVA",265,2.2,"GCO2E_EUR","Fabrication de pâtes alimentaires"
"2022","10.81Z","GVA",482,2.7,"GCO2E_EUR","Fabrication de sucre"
"2022","10.81Z","IC",281,2.7,"GCO2E_EUR","Fabrication de sucre"
"2022","10.81Z","PRD",336,2.7,"GCO2E_EUR","Fabrication de sucre"
"2022","10.82Z","IC",281,2.7,"GCO2E_EUR","Fabrication de cacao, chocolat et de produits de confiserie"
"2022","10.82Z","GVA",482,2.7,"GCO2E_EUR","Fabrication de cacao, chocolat et de produits de confiserie"
"2022","10.82Z","PRD",336,2.7,"GCO2E_EUR","Fabrication de cacao, chocolat et de produits de confiserie"
"2022","10.83Z","IC",268,2,"GCO2E_EUR","Transformation du thé et du café"
"2022","10.83Z","PRD",262,2,"GCO2E_EUR","Transformation du thé et du café"
"2022","10.83Z","GVA",257,2,"GCO2E_EUR","Transformation du thé et du café"
"2022","10.84Z","GVA",250,2,"GCO2E_EUR","Fabrication de condiments et assaisonnements"
"2022","10.84Z","PRD",281,2,"GCO2E_EUR","Fabrication de condiments et assaisonnements"
"2022","10.84Z","IC",301,2,"GCO2E_EUR","Fabrication de condiments et assaisonnements"
"2022","10.85Z","GVA",302,3.1,"GCO2E_EUR","Fabrication de plats préparés"
"2022","10.85Z","IC",332,3.1,"GCO2E_EUR","Fabrication de plats préparés"
"2022","10.85Z","PRD",318,3.1,"GCO2E_EUR","Fabrication de plats préparés"
"2022","10.86Z","PRD",318,3.1,"GCO2E_EUR","Fabrication d'aliments homogénéisés et diététiques"
"2022","10.86Z","IC",332,3.1,"GCO2E_EUR","Fabrication d'aliments homogénéisés et diététiques"
"2022","10.86Z","GVA",302,3.1,"GCO2E_EUR","Fabrication d'aliments homogénéisés et diététiques"
"2022","10.89Z","GVA",296,3.1,"GCO2E_EUR","Fabrication d'autres produits alimentaires n.c.a."
"2022","10.89Z","IC",318,3.1,"GCO2E_EUR","Fabrication d'autres produits alimentaires n.c.a."
"2022","10.89Z","PRD",304,3.1,"GCO2E_EUR","Fabrication d'autres produits alimentaires n.c.a."
"2022","10.91Z","IC",375,2.2,"GCO2E_EUR","Fabrication d'aliments pour animaux de ferme"
"2022","10.91Z","PRD",347,2.2,"GCO2E_EUR","Fabrication d'aliments pour animaux de ferme"
"2022","10.91Z","GVA",314,2.2,"GCO2E_EUR","Fabrication d'aliments pour animaux de ferme"
"2022","10.92Z","IC",357,1.8,"GCO2E_EUR","Fabrication d'aliments pour animaux de compagnie"
"2022","10.92Z","PRD",325,1.8,"GCO2E_EUR","Fabrication d'aliments pour animaux de compagnie"
"2022","10.92Z","GVA",276,1.8,"GCO2E_EUR","Fabrication d'aliments pour animaux de compagnie"
"2022","11.01Z","PRD",301,1.8,"GCO2E_EUR","Production de boissons alcooliques distillées"
"2022","11.01Z","IC",257,1.8,"GCO2E_EUR","Production de boissons alcooliques distillées"
"2022","11.01Z","GVA",325,1.8,"GCO2E_EUR","Production de boissons alcooliques distillées"
"2022","11.02A","IC",281,2.2,"GCO2E_EUR","Fabrication de vins effervescents"
"2022","11.02A","PRD",277,2.2,"GCO2E_EUR","Fabrication de vins effervescents"
"2022","11.02A","GVA",256,2.2,"GCO2E_EUR","Fabrication de vins effervescents"
"2022","11.02B","GVA",256,2.2,"GCO2E_EUR","Vinification"
"2022","11.02B","IC",281,2.2,"GCO2E_EUR","Vinification"
"2022","11.02B","PRD",277,2.2,"GCO2E_EUR","Vinification"
"2022","11.03Z","IC",281,2.2,"GCO2E_EUR","Fabrication de cidre et de vins de fruits"
"2022","11.03Z","PRD",277,2.2,"GCO2E_EUR","Fabrication de cidre et de vins de fruits"
"2022","11.03Z","GVA",256,2.2,"GCO2E_EUR","Fabrication de cidre et de vins de fruits"
"2022","11.04Z","IC",281,2.2,"GCO2E_EUR","Production d'autres boissons fermentées non distillées"
"2022","11.04Z","PRD",277,2.2,"GCO2E_EUR","Production d'autres boissons fermentées non distillées"
"2022","11.04Z","GVA",256,2.2,"GCO2E_EUR","Production d'autres boissons fermentées non distillées"
"2022","11.05Z","PRD",275,1.5,"GCO2E_EUR","Fabrication de bière"
"2022","11.05Z","GVA",257,1.5,"GCO2E_EUR","Fabrication de bière"
"2022","11.05Z","IC",273,1.5,"GCO2E_EUR","Fabrication de bière"
"2022","11.06Z","PRD",383,2.4,"GCO2E_EUR","Fabrication de malt"
"2022","11.06Z","GVA",325,2.4,"GCO2E_EUR","Fabrication de malt"
"2022","11.06Z","IC",404,2.4,"GCO2E_EUR","Fabrication de malt"
"2022","11.07A","PRD",235,2.4,"GCO2E_EUR","Industrie des eaux de table"
"2022","11.07A","IC",237,2.4,"GCO2E_EUR","Industrie des eaux de table"
"2022","11.07A","GVA",217,2.4,"GCO2E_EUR","Industrie des eaux de table"
"2022","11.07B","PRD",235,2.4,"GCO2E_EUR","Production de boissons rafraîchissantes"
"2022","11.07B","IC",241,2.4,"GCO2E_EUR","Production de boissons rafraîchissantes"
"2022","11.07B","GVA",211,2.4,"GCO2E_EUR","Production de boissons rafraîchissantes"
"2022","12.00Z","PRD",210,1.9,"GCO2E_EUR","Fabrication de produits à base de tabac"
"2022","12.00Z","IC",244,1.9,"GCO2E_EUR","Fabrication de produits à base de tabac"
"2022","12.00Z","GVA",180,1.9,"GCO2E_EUR","Fabrication de produits à base de tabac"
"2022","13.10Z","PRD",222,2,"GCO2E_EUR","Préparation de fibres textiles et filature"
"2022","13.10Z","GVA",222,2,"GCO2E_EUR","Préparation de fibres textiles et filature"
"2022","13.10Z","IC",219,2,"GCO2E_EUR","Préparation de fibres textiles et filature"
"2022","13.20Z","PRD",211,3.2,"GCO2E_EUR","Tissage"
"2022","13.20Z","IC",203,3.2,"GCO2E_EUR","Tissage"
"2022","13.20Z","GVA",217,3.2,"GCO2E_EUR","Tissage"
"2022","13.30Z","GVA",259,2.7,"GCO2E_EUR","Ennoblissement textile"
"2022","13.30Z","PRD",215,2.7,"GCO2E_EUR","Ennoblissement textile"
"2022","13.30Z","IC",191,2.7,"GCO2E_EUR","Ennoblissement textile"
"2022","13.91Z","IC",203,3.2,"GCO2E_EUR","Fabrication d'étoffes à mailles"
"2022","13.91Z","GVA",217,3.2,"GCO2E_EUR","Fabrication d'étoffes à mailles"
"2022","13.91Z","PRD",211,3.2,"GCO2E_EUR","Fabrication d'étoffes à mailles"
"2022","13.92Z","GVA",201,3.2,"GCO2E_EUR","Fabrication d'articles textiles, sauf habillement"
"2022","13.92Z","PRD",206,3.2,"GCO2E_EUR","Fabrication d'articles textiles, sauf habillement"
"2022","13.92Z","IC",204,3.2,"GCO2E_EUR","Fabrication d'articles textiles, sauf habillement"
"2022","13.93Z","IC",200,2,"GCO2E_EUR","Fabrication de tapis et moquettes"
"2022","13.93Z","GVA",204,2,"GCO2E_EUR","Fabrication de tapis et moquettes"
"2022","13.93Z","PRD",203,2,"GCO2E_EUR","Fabrication de tapis et moquettes"
"2022","13.94Z","PRD",205,3.2,"GCO2E_EUR","Fabrication de ficelles, cordes et filets"
"2022","13.94Z","GVA",198,3.2,"GCO2E_EUR","Fabrication de ficelles, cordes et filets"
"2022","13.94Z","IC",204,3.2,"GCO2E_EUR","Fabrication de ficelles, cordes et filets"
"2022","13.95Z","PRD",211,3.2,"GCO2E_EUR","Fabrication de non-tissés, sauf habillement"
"2022","13.95Z","IC",203,3.2,"GCO2E_EUR","Fabrication de non-tissés, sauf habillement"
"2022","13.95Z","GVA",217,3.2,"GCO2E_EUR","Fabrication de non-tissés, sauf habillement"
"2022","13.96Z","PRD",211,3.2,"GCO2E_EUR","Fabrication d'autres textiles techniques et industriels"
"2022","13.96Z","GVA",217,3.2,"GCO2E_EUR","Fabrication d'autres textiles techniques et industriels"
"2022","13.96Z","IC",203,3.2,"GCO2E_EUR","Fabrication d'autres textiles techniques et industriels"
"2022","13.99Z","PRD",205,3.2,"GCO2E_EUR","Fabrication d'autres textiles n.c.a."
"2022","13.99Z","GVA",198,3.2,"GCO2E_EUR","Fabrication d'autres textiles n.c.a."
"2022","13.99Z","IC",204,3.2,"GCO2E_EUR","Fabrication d'autres textiles n.c.a."
"2022","14.11Z","GVA",155,3.2,"GCO2E_EUR","Fabrication de vêtements en cuir"
"2022","14.11Z","IC",196,3.2,"GCO2E_EUR","Fabrication de vêtements en cuir"
"2022","14.11Z","PRD",180,3.2,"GCO2E_EUR","Fabrication de vêtements en cuir"
"2022","14.12Z","PRD",180,3.2,"GCO2E_EUR","Fabrication de vêtements de travail"
"2022","14.12Z","GVA",155,3.2,"GCO2E_EUR","Fabrication de vêtements de travail"
"2022","14.12Z","IC",196,3.2,"GCO2E_EUR","Fabrication de vêtements de travail"
"2022","14.13Z","PRD",180,3.2,"GCO2E_EUR","Fabrication de vêtements de dessus"
"2022","14.13Z","GVA",155,3.2,"GCO2E_EUR","Fabrication de vêtements de dessus"
"2022","14.13Z","IC",196,3.2,"GCO2E_EUR","Fabrication de vêtements de dessus"
"2022","14.14Z","PRD",180,3.2,"GCO2E_EUR","Fabrication de vêtements de dessous"
"2022","14.14Z","GVA",155,3.2,"GCO2E_EUR","Fabrication de vêtements de dessous"
"2022","14.14Z","IC",196,3.2,"GCO2E_EUR","Fabrication de vêtements de dessous"
"2022","14.19Z","GVA",155,3.2,"GCO2E_EUR","Fabrication d'autres vêtements et accessoires"
"2022","14.19Z","PRD",180,3.2,"GCO2E_EUR","Fabrication d'autres vêtements et accessoires"
"2022","14.19Z","IC",196,3.2,"GCO2E_EUR","Fabrication d'autres vêtements et accessoires"
"2022","14.20Z","IC",196,3.2,"GCO2E_EUR","Fabrication d'articles en fourrure"
"2022","14.20Z","GVA",155,3.2,"GCO2E_EUR","Fabrication d'articles en fourrure"
"2022","14.20Z","PRD",180,3.2,"GCO2E_EUR","Fabrication d'articles en fourrure"
"2022","14.31Z","GVA",155,3.2,"GCO2E_EUR","Fabrication d'articles chaussants à mailles"
"2022","14.31Z","PRD",180,3.2,"GCO2E_EUR","Fabrication d'articles chaussants à mailles"
"2022","14.31Z","IC",196,3.2,"GCO2E_EUR","Fabrication d'articles chaussants à mailles"
"2022","14.39Z","GVA",155,3.2,"GCO2E_EUR","Fabrication d'autres articles à mailles"
"2022","14.39Z","IC",196,3.2,"GCO2E_EUR","Fabrication d'autres articles à mailles"
"2022","14.39Z","PRD",180,3.2,"GCO2E_EUR","Fabrication d'autres articles à mailles"
"2022","15.11Z","IC",215,2.7,"GCO2E_EUR","Apprêt et tannage des cuirs ; préparation et teinture des fourrures"
"2022","15.11Z","PRD",198,2.7,"GCO2E_EUR","Apprêt et tannage des cuirs ; préparation et teinture des fourrures"
"2022","15.11Z","GVA",168,2.7,"GCO2E_EUR","Apprêt et tannage des cuirs ; préparation et teinture des fourrures"
"2022","15.12Z","IC",215,2.7,"GCO2E_EUR","Fabrication d'articles de voyage, de maroquinerie et de sellerie"
"2022","15.12Z","GVA",168,2.7,"GCO2E_EUR","Fabrication d'articles de voyage, de maroquinerie et de sellerie"
"2022","15.12Z","PRD",198,2.7,"GCO2E_EUR","Fabrication d'articles de voyage, de maroquinerie et de sellerie"
"2022","15.20Z","IC",215,2.7,"GCO2E_EUR","Fabrication de chaussures"
"2022","15.20Z","PRD",198,2.7,"GCO2E_EUR","Fabrication de chaussures"
"2022","15.20Z","GVA",168,2.7,"GCO2E_EUR","Fabrication de chaussures"
"2022","16.10A","IC",144,2.8,"GCO2E_EUR","Sciage et rabotage du bois, hors imprégnation"
"2022","16.10A","GVA",157,2.8,"GCO2E_EUR","Sciage et rabotage du bois, hors imprégnation"
"2022","16.10A","PRD",149,2.8,"GCO2E_EUR","Sciage et rabotage du bois, hors imprégnation"
"2022","16.10B","GVA",157,2.8,"GCO2E_EUR","Imprégnation du bois"
"2022","16.10B","PRD",149,2.8,"GCO2E_EUR","Imprégnation du bois"
"2022","16.10B","IC",144,2.8,"GCO2E_EUR","Imprégnation du bois"
"2022","16.21Z","PRD",168,2.8,"GCO2E_EUR","Fabrication de placage et de panneaux de bois"
"2022","16.21Z","GVA",208,2.8,"GCO2E_EUR","Fabrication de placage et de panneaux de bois"
"2022","16.21Z","IC",142,2.8,"GCO2E_EUR","Fabrication de placage et de panneaux de bois"
"2022","16.22Z","GVA",208,2.8,"GCO2E_EUR","Fabrication de parquets assemblés"
"2022","16.22Z","PRD",168,2.8,"GCO2E_EUR","Fabrication de parquets assemblés"
"2022","16.22Z","IC",142,2.8,"GCO2E_EUR","Fabrication de parquets assemblés"
"2022","16.23Z","IC",139,2,"GCO2E_EUR","Fabrication de charpentes et d'autres menuiseries"
"2022","16.23Z","PRD",138,2,"GCO2E_EUR","Fabrication de charpentes et d'autres menuiseries"
"2022","16.23Z","GVA",131,2,"GCO2E_EUR","Fabrication de charpentes et d'autres menuiseries"
"2022","16.24Z","IC",146,3.4,"GCO2E_EUR","Fabrication d'emballages en bois"
"2022","16.24Z","PRD",149,3.4,"GCO2E_EUR","Fabrication d'emballages en bois"
"2022","16.24Z","GVA",144,3.4,"GCO2E_EUR","Fabrication d'emballages en bois"
"2022","16.29Z","PRD",149,3.4,"GCO2E_EUR","Fabrication d'objets divers en bois ; fabrication d'objets en liège, vannerie et sparterie"
"2022","16.29Z","IC",146,3.4,"GCO2E_EUR","Fabrication d'objets divers en bois ; fabrication d'objets en liège, vannerie et sparterie"
"2022","16.29Z","GVA",144,3.4,"GCO2E_EUR","Fabrication d'objets divers en bois ; fabrication d'objets en liège, vannerie et sparterie"
"2022","17.11Z","IC",276,1.9,"GCO2E_EUR","Fabrication de pâte à papier"
"2022","17.11Z","GVA",738,1.9,"GCO2E_EUR","Fabrication de pâte à papier"
"2022","17.11Z","PRD",447,1.9,"GCO2E_EUR","Fabrication de pâte à papier"
"2022","17.12Z","IC",263,2.5,"GCO2E_EUR","Fabrication de papier et de carton"
"2022","17.12Z","GVA",641,2.5,"GCO2E_EUR","Fabrication de papier et de carton"
"2022","17.12Z","PRD",425,2.5,"GCO2E_EUR","Fabrication de papier et de carton"
"2022","17.21A","PRD",289,2.8,"GCO2E_EUR","Fabrication de carton ondulé"
"2022","17.21A","GVA",307,2.8,"GCO2E_EUR","Fabrication de carton ondulé"
"2022","17.21A","IC",282,2.8,"GCO2E_EUR","Fabrication de carton ondulé"
"2022","17.21B","GVA",307,2.8,"GCO2E_EUR","Fabrication de cartonnages"
"2022","17.21B","PRD",289,2.8,"GCO2E_EUR","Fabrication de cartonnages"
"2022","17.21B","IC",282,2.8,"GCO2E_EUR","Fabrication de cartonnages"
"2022","17.21C","PRD",281,2,"GCO2E_EUR","Fabrication d'emballages en papier"
"2022","17.21C","IC",282,2,"GCO2E_EUR","Fabrication d'emballages en papier"
"2022","17.21C","GVA",285,2,"GCO2E_EUR","Fabrication d'emballages en papier"
"2022","17.22Z","IC",256,2,"GCO2E_EUR","Fabrication d'articles en papier à usage sanitaire ou domestique"
"2022","17.22Z","GVA",479,2,"GCO2E_EUR","Fabrication d'articles en papier à usage sanitaire ou domestique"
"2022","17.22Z","PRD",329,2,"GCO2E_EUR","Fabrication d'articles en papier à usage sanitaire ou domestique"
"2022","17.23Z","IC",283,2,"GCO2E_EUR","Fabrication d'articles de papeterie"
"2022","17.23Z","GVA",271,2,"GCO2E_EUR","Fabrication d'articles de papeterie"
"2022","17.23Z","PRD",280,2,"GCO2E_EUR","Fabrication d'articles de papeterie"
"2022","17.24Z","IC",287,3.4,"GCO2E_EUR","Fabrication de papiers peints"
"2022","17.24Z","GVA",332,3.4,"GCO2E_EUR","Fabrication de papiers peints"
"2022","17.24Z","PRD",295,3.4,"GCO2E_EUR","Fabrication de papiers peints"
"2022","17.29Z","IC",287,3.4,"GCO2E_EUR","Fabrication d'autres articles en papier ou en carton"
"2022","17.29Z","GVA",332,3.4,"GCO2E_EUR","Fabrication d'autres articles en papier ou en carton"
"2022","17.29Z","PRD",295,3.4,"GCO2E_EUR","Fabrication d'autres articles en papier ou en carton"
"2022","18.11Z","IC",213,2.8,"GCO2E_EUR","Imprimerie de journaux"
"2022","18.11Z","GVA",185,2.8,"GCO2E_EUR","Imprimerie de journaux"
"2022","18.11Z","PRD",199,2.8,"GCO2E_EUR","Imprimerie de journaux"
"2022","18.12Z","PRD",199,2.8,"GCO2E_EUR","Autre imprimerie (labeur)"
"2022","18.12Z","IC",213,2.8,"GCO2E_EUR","Autre imprimerie (labeur)"
"2022","18.12Z","GVA",185,2.8,"GCO2E_EUR","Autre imprimerie (labeur)"
"2022","18.13Z","IC",216,3.4,"GCO2E_EUR","Activités de pré-presse"
"2022","18.13Z","PRD",197,3.4,"GCO2E_EUR","Activités de pré-presse"
"2022","18.13Z","GVA",176,3.4,"GCO2E_EUR","Activités de pré-presse"
"2022","18.14Z","PRD",197,3.4,"GCO2E_EUR","Reliure et activités connexes"
"2022","18.14Z","IC",216,3.4,"GCO2E_EUR","Reliure et activités connexes"
"2022","18.14Z","GVA",176,3.4,"GCO2E_EUR","Reliure et activités connexes"
"2022","18.20Z","PRD",168,2.8,"GCO2E_EUR","Reproduction d'enregistrements"
"2022","18.20Z","IC",179,2.8,"GCO2E_EUR","Reproduction d'enregistrements"
"2022","18.20Z","GVA",155,2.8,"GCO2E_EUR","Reproduction d'enregistrements"
"2022","19.10Z","IC",654,2.9,"GCO2E_EUR","Cokéfaction"
"2022","19.10Z","GVA",2032,2.9,"GCO2E_EUR","Cokéfaction"
"2022","19.10Z","PRD",910,2.9,"GCO2E_EUR","Cokéfaction"
"2022","19.20Z","IC",641,2,"GCO2E_EUR","Raffinage du pétrole"
"2022","19.20Z","PRD",806,2,"GCO2E_EUR","Raffinage du pétrole"
"2022","19.20Z","GVA",1787,2,"GCO2E_EUR","Raffinage du pétrole"
"2022","20.11Z","GVA",2144,1.9,"GCO2E_EUR","Fabrication de gaz industriels"
"2022","20.11Z","IC",325,1.9,"GCO2E_EUR","Fabrication de gaz industriels"
"2022","20.11Z","PRD",685,1.9,"GCO2E_EUR","Fabrication de gaz industriels"
"2022","20.12Z","GVA",627,1.9,"GCO2E_EUR","Fabrication de colorants et de pigments"
"2022","20.12Z","IC",325,1.9,"GCO2E_EUR","Fabrication de colorants et de pigments"
"2022","20.12Z","PRD",467,1.9,"GCO2E_EUR","Fabrication de colorants et de pigments"
"2022","20.13A","IC",332,2.7,"GCO2E_EUR","Enrichissement et retraitement de matières nucléaires"
"2022","20.13A","PRD",680,2.7,"GCO2E_EUR","Enrichissement et retraitement de matières nucléaires"
"2022","20.13A","GVA",2477,2.7,"GCO2E_EUR","Enrichissement et retraitement de matières nucléaires"
"2022","20.13B","PRD",680,2.7,"GCO2E_EUR","Fabrication d'autres produits chimiques inorganiques de base n.c.a."
"2022","20.13B","IC",332,2.7,"GCO2E_EUR","Fabrication d'autres produits chimiques inorganiques de base n.c.a."
"2022","20.13B","GVA",2477,2.7,"GCO2E_EUR","Fabrication d'autres produits chimiques inorganiques de base n.c.a."
"2022","20.14Z","IC",333,2.4,"GCO2E_EUR","Fabrication d'autres produits chimiques organiques de base"
"2022","20.14Z","GVA",1178,2.4,"GCO2E_EUR","Fabrication d'autres produits chimiques organiques de base"
"2022","20.14Z","PRD",598,2.4,"GCO2E_EUR","Fabrication d'autres produits chimiques organiques de base"
"2022","20.15Z","PRD",885,1.5,"GCO2E_EUR","Fabrication de produits azotés et d'engrais"
"2022","20.15Z","IC",325,1.5,"GCO2E_EUR","Fabrication de produits azotés et d'engrais"
"2022","20.15Z","GVA",2163,1.5,"GCO2E_EUR","Fabrication de produits azotés et d'engrais"
"2022","20.16Z","IC",312,2.4,"GCO2E_EUR","Fabrication de matières plastiques de base"
"2022","20.16Z","GVA",1009,2.4,"GCO2E_EUR","Fabrication de matières plastiques de base"
"2022","20.16Z","PRD",484,2.4,"GCO2E_EUR","Fabrication de matières plastiques de base"
"2022","20.17Z","PRD",449,2.4,"GCO2E_EUR","Fabrication de caoutchouc synthétique"
"2022","20.17Z","IC",317,2.4,"GCO2E_EUR","Fabrication de caoutchouc synthétique"
"2022","20.17Z","GVA",827,2.4,"GCO2E_EUR","Fabrication de caoutchouc synthétique"
"2022","20.20Z","PRD",585,1.5,"GCO2E_EUR","Fabrication de pesticides et d'autres produits agrochimiques"
"2022","20.20Z","IC",338,1.5,"GCO2E_EUR","Fabrication de pesticides et d'autres produits agrochimiques"
"2022","20.20Z","GVA",768,1.5,"GCO2E_EUR","Fabrication de pesticides et d'autres produits agrochimiques"
"2022","20.30Z","IC",331,1.8,"GCO2E_EUR","Fabrication de peintures, vernis, encres et mastics"
"2022","20.30Z","PRD",392,1.8,"GCO2E_EUR","Fabrication de peintures, vernis, encres et mastics"
"2022","20.30Z","GVA",505,1.8,"GCO2E_EUR","Fabrication de peintures, vernis, encres et mastics"
"2022","20.41Z","IC",337,1.8,"GCO2E_EUR","Fabrication de savons, détergents et produits d'entretien"
"2022","20.41Z","PRD",413,1.8,"GCO2E_EUR","Fabrication de savons, détergents et produits d'entretien"
"2022","20.41Z","GVA",527,1.8,"GCO2E_EUR","Fabrication de savons, détergents et produits d'entretien"
"2022","20.42Z","PRD",382,1.8,"GCO2E_EUR","Fabrication de parfums et de produits pour la toilette"
"2022","20.42Z","GVA",474,1.8,"GCO2E_EUR","Fabrication de parfums et de produits pour la toilette"
"2022","20.42Z","IC",330,1.8,"GCO2E_EUR","Fabrication de parfums et de produits pour la toilette"
"2022","20.51Z","PRD",393,3.1,"GCO2E_EUR","Fabrication de produits explosifs"
"2022","20.51Z","GVA",446,3.1,"GCO2E_EUR","Fabrication de produits explosifs"
"2022","20.51Z","IC",376,3.1,"GCO2E_EUR","Fabrication de produits explosifs"
"2022","20.52Z","GVA",439,1.8,"GCO2E_EUR","Fabrication de colles"
"2022","20.52Z","IC",370,1.8,"GCO2E_EUR","Fabrication de colles"
"2022","20.52Z","PRD",393,1.8,"GCO2E_EUR","Fabrication de colles"
"2022","20.53Z","GVA",446,3.1,"GCO2E_EUR","Fabrication d'huiles essentielles"
"2022","20.53Z","PRD",393,3.1,"GCO2E_EUR","Fabrication d'huiles essentielles"
"2022","20.53Z","IC",376,3.1,"GCO2E_EUR","Fabrication d'huiles essentielles"
"2022","20.59Z","IC",376,3.1,"GCO2E_EUR","Fabrication d'autres produits chimiques n.c.a."
"2022","20.59Z","PRD",393,3.1,"GCO2E_EUR","Fabrication d'autres produits chimiques n.c.a."
"2022","20.59Z","GVA",446,3.1,"GCO2E_EUR","Fabrication d'autres produits chimiques n.c.a."
"2022","20.60Z","GVA",1157,3.1,"GCO2E_EUR","Fabrication de fibres artificielles ou synthétiques"
"2022","20.60Z","PRD",500,3.1,"GCO2E_EUR","Fabrication de fibres artificielles ou synthétiques"
"2022","20.60Z","IC",363,3.1,"GCO2E_EUR","Fabrication de fibres artificielles ou synthétiques"
"2022","21.10Z","IC",136,1.9,"GCO2E_EUR","Fabrication de produits pharmaceutiques de base"
"2022","21.10Z","GVA",216,1.9,"GCO2E_EUR","Fabrication de produits pharmaceutiques de base"
"2022","21.10Z","PRD",175,1.9,"GCO2E_EUR","Fabrication de produits pharmaceutiques de base"
"2022","21.20Z","GVA",148,1.9,"GCO2E_EUR","Fabrication de préparations pharmaceutiques"
"2022","21.20Z","IC",135,1.9,"GCO2E_EUR","Fabrication de préparations pharmaceutiques"
"2022","21.20Z","PRD",143,1.9,"GCO2E_EUR","Fabrication de préparations pharmaceutiques"
"2022","22.11Z","GVA",300,1.9,"GCO2E_EUR","Fabrication et rechapage de pneumatiques"
"2022","22.11Z","IC",290,1.9,"GCO2E_EUR","Fabrication et rechapage de pneumatiques"
"2022","22.11Z","PRD",296,1.9,"GCO2E_EUR","Fabrication et rechapage de pneumatiques"
"2022","22.19Z","PRD",284,2.5,"GCO2E_EUR","Fabrication d'autres articles en caoutchouc"
"2022","22.19Z","IC",283,2.5,"GCO2E_EUR","Fabrication d'autres articles en caoutchouc"
"2022","22.19Z","GVA",275,2.5,"GCO2E_EUR","Fabrication d'autres articles en caoutchouc"
"2022","22.21Z","GVA",297,2.8,"GCO2E_EUR","Fabrication de plaques, feuilles, tubes et profilés en matières plastiques"
"2022","22.21Z","PRD",295,2.8,"GCO2E_EUR","Fabrication de plaques, feuilles, tubes et profilés en matières plastiques"
"2022","22.21Z","IC",294,2.8,"GCO2E_EUR","Fabrication de plaques, feuilles, tubes et profilés en matières plastiques"
"2022","22.22Z","GVA",314,2,"GCO2E_EUR","Fabrication d'emballages en matières plastiques"
"2022","22.22Z","IC",299,2,"GCO2E_EUR","Fabrication d'emballages en matières plastiques"
"2022","22.22Z","PRD",302,2,"GCO2E_EUR","Fabrication d'emballages en matières plastiques"
"2022","22.23Z","GVA",263,3.4,"GCO2E_EUR","Fabrication d'éléments en matières plastiques pour la construction"
"2022","22.23Z","PRD",290,3.4,"GCO2E_EUR","Fabrication d'éléments en matières plastiques pour la construction"
"2022","22.23Z","IC",302,3.4,"GCO2E_EUR","Fabrication d'éléments en matières plastiques pour la construction"
"2022","22.29A","PRD",302,3.4,"GCO2E_EUR","Fabrication de pièces techniques à base de matières plastiques"
"2022","22.29A","IC",305,3.4,"GCO2E_EUR","Fabrication de pièces techniques à base de matières plastiques"
"2022","22.29A","GVA",297,3.4,"GCO2E_EUR","Fabrication de pièces techniques à base de matières plastiques"
"2022","22.29B","GVA",297,3.4,"GCO2E_EUR","Fabrication de produits de consommation courante en matières plastiques"
"2022","22.29B","IC",305,3.4,"GCO2E_EUR","Fabrication de produits de consommation courante en matières plastiques"
"2022","22.29B","PRD",302,3.4,"GCO2E_EUR","Fabrication de produits de consommation courante en matières plastiques"
"2022","23.11Z","GVA",919,2.4,"GCO2E_EUR","Fabrication de verre plat"
"2022","23.11Z","PRD",538,2.4,"GCO2E_EUR","Fabrication de verre plat"
"2022","23.11Z","IC",263,2.4,"GCO2E_EUR","Fabrication de verre plat"
"2022","23.12Z","IC",263,2.4,"GCO2E_EUR","Façonnage et transformation du verre plat"
"2022","23.12Z","PRD",538,2.4,"GCO2E_EUR","Façonnage et transformation du verre plat"
"2022","23.12Z","GVA",919,2.4,"GCO2E_EUR","Façonnage et transformation du verre plat"
"2022","23.13Z","PRD",538,2.4,"GCO2E_EUR","Fabrication de verre creux"
"2022","23.13Z","GVA",919,2.4,"GCO2E_EUR","Fabrication de verre creux"
"2022","23.13Z","IC",263,2.4,"GCO2E_EUR","Fabrication de verre creux"
"2022","23.14Z","PRD",434,1.9,"GCO2E_EUR","Fabrication de fibres de verre"
"2022","23.14Z","IC",238,1.9,"GCO2E_EUR","Fabrication de fibres de verre"
"2022","23.14Z","GVA",698,1.9,"GCO2E_EUR","Fabrication de fibres de verre"
"2022","23.19Z","GVA",919,2.4,"GCO2E_EUR","Fabrication et façonnage d'autres articles en verre, y compris verre technique"
"2022","23.19Z","IC",263,2.4,"GCO2E_EUR","Fabrication et façonnage d'autres articles en verre, y compris verre technique"
"2022","23.19Z","PRD",538,2.4,"GCO2E_EUR","Fabrication et façonnage d'autres articles en verre, y compris verre technique"
"2022","23.20Z","PRD",498,2.7,"GCO2E_EUR","Fabrication de produits réfractaires"
"2022","23.20Z","GVA",847,2.7,"GCO2E_EUR","Fabrication de produits réfractaires"
"2022","23.20Z","IC",257,2.7,"GCO2E_EUR","Fabrication de produits réfractaires"
"2022","23.31Z","IC",257,2.7,"GCO2E_EUR","Fabrication de carreaux en céramique"
"2022","23.31Z","GVA",847,2.7,"GCO2E_EUR","Fabrication de carreaux en céramique"
"2022","23.31Z","PRD",498,2.7,"GCO2E_EUR","Fabrication de carreaux en céramique"
"2022","23.32Z","PRD",540,3.1,"GCO2E_EUR","Fabrication de briques, tuiles et produits de construction, en terre cuite"
"2022","23.32Z","GVA",914,3.1,"GCO2E_EUR","Fabrication de briques, tuiles et produits de construction, en terre cuite"
"2022","23.32Z","IC",270,3.1,"GCO2E_EUR","Fabrication de briques, tuiles et produits de construction, en terre cuite"
"2022","23.41Z","GVA",847,2.7,"GCO2E_EUR","Fabrication d'articles céramiques à usage domestique ou ornemental"
"2022","23.41Z","IC",257,2.7,"GCO2E_EUR","Fabrication d'articles céramiques à usage domestique ou ornemental"
"2022","23.41Z","PRD",498,2.7,"GCO2E_EUR","Fabrication d'articles céramiques à usage domestique ou ornemental"
"2022","23.42Z","PRD",498,2.7,"GCO2E_EUR","Fabrication d'appareils sanitaires en céramique"
"2022","23.42Z","GVA",847,2.7,"GCO2E_EUR","Fabrication d'appareils sanitaires en céramique"
"2022","23.42Z","IC",257,2.7,"GCO2E_EUR","Fabrication d'appareils sanitaires en céramique"
"2022","23.43Z","IC",257,2.7,"GCO2E_EUR","Fabrication d'isolateurs et pièces isolantes en céramique"
"2022","23.43Z","GVA",847,2.7,"GCO2E_EUR","Fabrication d'isolateurs et pièces isolantes en céramique"
"2022","23.43Z","PRD",498,2.7,"GCO2E_EUR","Fabrication d'isolateurs et pièces isolantes en céramique"
"2022","23.44Z","GVA",847,2.7,"GCO2E_EUR","Fabrication d'autres produits céramiques à usage technique"
"2022","23.44Z","IC",257,2.7,"GCO2E_EUR","Fabrication d'autres produits céramiques à usage technique"
"2022","23.44Z","PRD",498,2.7,"GCO2E_EUR","Fabrication d'autres produits céramiques à usage technique"
"2022","23.49Z","IC",257,2.7,"GCO2E_EUR","Fabrication d'autres produits céramiques"
"2022","23.49Z","GVA",847,2.7,"GCO2E_EUR","Fabrication d'autres produits céramiques"
"2022","23.49Z","PRD",498,2.7,"GCO2E_EUR","Fabrication d'autres produits céramiques"
"2022","23.51Z","PRD",2749,1.9,"GCO2E_EUR","Fabrication de ciment"
"2022","23.51Z","IC",256,1.9,"GCO2E_EUR","Fabrication de ciment"
"2022","23.51Z","GVA",5024,1.9,"GCO2E_EUR","Fabrication de ciment"
"2022","23.52Z","GVA",3143,1.9,"GCO2E_EUR","Fabrication de chaux et plâtre"
"2022","23.52Z","IC",285,1.9,"GCO2E_EUR","Fabrication de chaux et plâtre"
"2022","23.52Z","PRD",1635,1.9,"GCO2E_EUR","Fabrication de chaux et plâtre"
"2022","23.61Z","IC",366,2.4,"GCO2E_EUR","Fabrication d'éléments en béton pour la construction"
"2022","23.61Z","PRD",762,2.4,"GCO2E_EUR","Fabrication d'éléments en béton pour la construction"
"2022","23.61Z","GVA",1345,2.4,"GCO2E_EUR","Fabrication d'éléments en béton pour la construction"
"2022","23.62Z","PRD",943,2.6,"GCO2E_EUR","Fabrication d'éléments en plâtre pour la construction"
"2022","23.62Z","IC",252,2.6,"GCO2E_EUR","Fabrication d'éléments en plâtre pour la construction"
"2022","23.62Z","GVA",1914,2.6,"GCO2E_EUR","Fabrication d'éléments en plâtre pour la construction"
"2022","23.63Z","IC",252,2.6,"GCO2E_EUR","Fabrication de béton prêt à l'emploi"
"2022","23.63Z","PRD",943,2.6,"GCO2E_EUR","Fabrication de béton prêt à l'emploi"
"2022","23.63Z","GVA",1914,2.6,"GCO2E_EUR","Fabrication de béton prêt à l'emploi"
"2022","23.64Z","GVA",1914,2.6,"GCO2E_EUR","Fabrication de mortiers et bétons secs"
"2022","23.64Z","PRD",943,2.6,"GCO2E_EUR","Fabrication de mortiers et bétons secs"
"2022","23.64Z","IC",252,2.6,"GCO2E_EUR","Fabrication de mortiers et bétons secs"
"2022","23.65Z","IC",283,2.7,"GCO2E_EUR","Fabrication d'ouvrages en fibre-ciment"
"2022","23.65Z","GVA",1638,2.7,"GCO2E_EUR","Fabrication d'ouvrages en fibre-ciment"
"2022","23.65Z","PRD",844,2.7,"GCO2E_EUR","Fabrication d'ouvrages en fibre-ciment"
"2022","23.69Z","PRD",1024,2.7,"GCO2E_EUR","Fabrication d'autres ouvrages en béton, en ciment ou en plâtre"
"2022","23.69Z","GVA",2002,2.7,"GCO2E_EUR","Fabrication d'autres ouvrages en béton, en ciment ou en plâtre"
"2022","23.69Z","IC",279,2.7,"GCO2E_EUR","Fabrication d'autres ouvrages en béton, en ciment ou en plâtre"
"2022","23.70Z","PRD",506,1.9,"GCO2E_EUR","Taille, façonnage et finissage de pierres"
"2022","23.70Z","IC",234,1.9,"GCO2E_EUR","Taille, façonnage et finissage de pierres"
"2022","23.70Z","GVA",945,1.9,"GCO2E_EUR","Taille, façonnage et finissage de pierres"
"2022","23.91Z","IC",234,1.9,"GCO2E_EUR","Fabrication de produits abrasifs"
"2022","23.91Z","GVA",942,1.9,"GCO2E_EUR","Fabrication de produits abrasifs"
"2022","23.91Z","PRD",505,1.9,"GCO2E_EUR","Fabrication de produits abrasifs"
"2022","23.99Z","GVA",1513,2.7,"GCO2E_EUR","Fabrication d'autres produits minéraux non métalliques n.c.a."
"2022","23.99Z","IC",255,2.7,"GCO2E_EUR","Fabrication d'autres produits minéraux non métalliques n.c.a."
"2022","23.99Z","PRD",711,2.7,"GCO2E_EUR","Fabrication d'autres produits minéraux non métalliques n.c.a."
"2022","24.10Z","PRD",1033,2,"GCO2E_EUR","Sidérurgie"
"2022","24.10Z","GVA",2497,2,"GCO2E_EUR","Sidérurgie"
"2022","24.10Z","IC",378,2,"GCO2E_EUR","Sidérurgie"
"2022","24.20Z","PRD",689,2.8,"GCO2E_EUR","Fabrication de tubes, tuyaux, profilés creux et accessoires correspondants en acier"
"2022","24.20Z","IC",389,2.8,"GCO2E_EUR","Fabrication de tubes, tuyaux, profilés creux et accessoires correspondants en acier"
"2022","24.20Z","GVA",2021,2.8,"GCO2E_EUR","Fabrication de tubes, tuyaux, profilés creux et accessoires correspondants en acier"
"2022","24.31Z","GVA",2021,2.8,"GCO2E_EUR","Étirage à froid de barres"
"2022","24.31Z","PRD",689,2.8,"GCO2E_EUR","Étirage à froid de barres"
"2022","24.31Z","IC",389,2.8,"GCO2E_EUR","Étirage à froid de barres"
"2022","24.32Z","PRD",689,2.8,"GCO2E_EUR","Laminage à froid de feuillards"
"2022","24.32Z","IC",389,2.8,"GCO2E_EUR","Laminage à froid de feuillards"
"2022","24.32Z","GVA",2021,2.8,"GCO2E_EUR","Laminage à froid de feuillards"
"2022","24.33Z","IC",438,2.8,"GCO2E_EUR","Profilage à froid par formage ou pliage"
"2022","24.33Z","GVA",2018,2.8,"GCO2E_EUR","Profilage à froid par formage ou pliage"
"2022","24.33Z","PRD",718,2.8,"GCO2E_EUR","Profilage à froid par formage ou pliage"
"2022","24.34Z","IC",389,2.8,"GCO2E_EUR","Tréfilage à froid"
"2022","24.34Z","PRD",689,2.8,"GCO2E_EUR","Tréfilage à froid"
"2022","24.34Z","GVA",2021,2.8,"GCO2E_EUR","Tréfilage à froid"
"2022","24.41Z","GVA",1088,3.4,"GCO2E_EUR","Production de métaux précieux"
"2022","24.41Z","PRD",610,3.4,"GCO2E_EUR","Production de métaux précieux"
"2022","24.41Z","IC",390,3.4,"GCO2E_EUR","Production de métaux précieux"
"2022","24.42Z","PRD",746,2.8,"GCO2E_EUR","Métallurgie de l'aluminium"
"2022","24.42Z","IC",409,2.8,"GCO2E_EUR","Métallurgie de l'aluminium"
"2022","24.42Z","GVA",1639,2.8,"GCO2E_EUR","Métallurgie de l'aluminium"
"2022","24.43Z","IC",396,3.4,"GCO2E_EUR","Métallurgie du plomb, du zinc ou de l'étain"
"2022","24.43Z","GVA",1103,3.4,"GCO2E_EUR","Métallurgie du plomb, du zinc ou de l'étain"
"2022","24.43Z","PRD",621,3.4,"GCO2E_EUR","Métallurgie du plomb, du zinc ou de l'étain"
"2022","24.44Z","PRD",560,2.8,"GCO2E_EUR","Métallurgie du cuivre"
"2022","24.44Z","IC",388,2.8,"GCO2E_EUR","Métallurgie du cuivre"
"2022","24.44Z","GVA",950,2.8,"GCO2E_EUR","Métallurgie du cuivre"
"2022","24.45Z","IC",396,3.4,"GCO2E_EUR","Métallurgie des autres métaux non ferreux"
"2022","24.45Z","PRD",621,3.4,"GCO2E_EUR","Métallurgie des autres métaux non ferreux"
"2022","24.45Z","GVA",1103,3.4,"GCO2E_EUR","Métallurgie des autres métaux non ferreux"
"2022","24.46Z","GVA",1433,3.4,"GCO2E_EUR","Élaboration et transformation de matières nucléaires"
"2022","24.46Z","PRD",782,3.4,"GCO2E_EUR","Élaboration et transformation de matières nucléaires"
"2022","24.46Z","IC",390,3.4,"GCO2E_EUR","Élaboration et transformation de matières nucléaires"
"2022","24.51Z","PRD",586,2.8,"GCO2E_EUR","Fonderie de fonte"
"2022","24.51Z","IC",418,2.8,"GCO2E_EUR","Fonderie de fonte"
"2022","24.51Z","GVA",905,2.8,"GCO2E_EUR","Fonderie de fonte"
"2022","24.52Z","GVA",905,2.8,"GCO2E_EUR","Fonderie d'acier"
"2022","24.52Z","IC",418,2.8,"GCO2E_EUR","Fonderie d'acier"
"2022","24.52Z","PRD",586,2.8,"GCO2E_EUR","Fonderie d'acier"
"2022","24.53Z","PRD",614,2.8,"GCO2E_EUR","Fonderie de métaux légers"
"2022","24.53Z","IC",424,2.8,"GCO2E_EUR","Fonderie de métaux légers"
"2022","24.53Z","GVA",981,2.8,"GCO2E_EUR","Fonderie de métaux légers"
"2022","24.54Z","GVA",981,2.8,"GCO2E_EUR","Fonderie d'autres métaux non ferreux"
"2022","24.54Z","PRD",614,2.8,"GCO2E_EUR","Fonderie d'autres métaux non ferreux"
"2022","24.54Z","IC",424,2.8,"GCO2E_EUR","Fonderie d'autres métaux non ferreux"
"2022","25.11Z","GVA",200,2,"GCO2E_EUR","Fabrication de structures métalliques et de parties de structures"
"2022","25.11Z","IC",391,2,"GCO2E_EUR","Fabrication de structures métalliques et de parties de structures"
"2022","25.11Z","PRD",322,2,"GCO2E_EUR","Fabrication de structures métalliques et de parties de structures"
"2022","25.12Z","PRD",295,2,"GCO2E_EUR","Fabrication de portes et fenêtres en métal"
"2022","25.12Z","IC",367,2,"GCO2E_EUR","Fabrication de portes et fenêtres en métal"
"2022","25.12Z","GVA",194,2,"GCO2E_EUR","Fabrication de portes et fenêtres en métal"
"2022","25.21Z","PRD",244,4,"GCO2E_EUR","Fabrication de radiateurs et de chaudières pour le chauffage central"
"2022","25.21Z","GVA",185,4,"GCO2E_EUR","Fabrication de radiateurs et de chaudières pour le chauffage central"
"2022","25.21Z","IC",285,4,"GCO2E_EUR","Fabrication de radiateurs et de chaudières pour le chauffage central"
"2022","25.29Z","PRD",257,2.9,"GCO2E_EUR","Fabrication d'autres réservoirs, citernes et conteneurs métalliques"
"2022","25.29Z","GVA",199,2.9,"GCO2E_EUR","Fabrication d'autres réservoirs, citernes et conteneurs métalliques"
"2022","25.29Z","IC",298,2.9,"GCO2E_EUR","Fabrication d'autres réservoirs, citernes et conteneurs métalliques"
"2022","25.30Z","IC",325,2,"GCO2E_EUR","Fabrication de générateurs de vapeur, à l'exception des chaudières pour le chauffage central"
"2022","25.30Z","PRD",272,2,"GCO2E_EUR","Fabrication de générateurs de vapeur, à l'exception des chaudières pour le chauffage central"
"2022","25.30Z","GVA",197,2,"GCO2E_EUR","Fabrication de générateurs de vapeur, à l'exception des chaudières pour le chauffage central"
"2022","25.40Z","IC",223,2,"GCO2E_EUR","Fabrication d'armes et de munitions"
"2022","25.40Z","GVA",187,2,"GCO2E_EUR","Fabrication d'armes et de munitions"
"2022","25.40Z","PRD",207,2,"GCO2E_EUR","Fabrication d'armes et de munitions"
"2022","25.50A","GVA",239,3.7,"GCO2E_EUR","Forge, estampage, matriçage ; métallurgie des poudres"
"2022","25.50A","IC",314,3.7,"GCO2E_EUR","Forge, estampage, matriçage ; métallurgie des poudres"
"2022","25.50A","PRD",283,3.7,"GCO2E_EUR","Forge, estampage, matriçage ; métallurgie des poudres"
"2022","25.50B","PRD",262,3.7,"GCO2E_EUR","Découpage, emboutissage"
"2022","25.50B","IC",302,3.7,"GCO2E_EUR","Découpage, emboutissage"
"2022","25.50B","GVA",206,3.7,"GCO2E_EUR","Découpage, emboutissage"
"2022","25.61Z","IC",262,2,"GCO2E_EUR","Traitement et revêtement des métaux"
"2022","25.61Z","PRD",261,2,"GCO2E_EUR","Traitement et revêtement des métaux"
"2022","25.61Z","GVA",254,2,"GCO2E_EUR","Traitement et revêtement des métaux"
"2022","25.62A","IC",288,2.9,"GCO2E_EUR","Décolletage"
"2022","25.62A","PRD",251,2.9,"GCO2E_EUR","Décolletage"
"2022","25.62A","GVA",199,2.9,"GCO2E_EUR","Décolletage"
"2022","25.62B","IC",287,2,"GCO2E_EUR","Mécanique industrielle"
"2022","25.62B","PRD",245,2,"GCO2E_EUR","Mécanique industrielle"
"2022","25.62B","GVA",198,2,"GCO2E_EUR","Mécanique industrielle"
"2022","25.71Z","PRD",275,2,"GCO2E_EUR","Fabrication de coutellerie"
"2022","25.71Z","GVA",208,2,"GCO2E_EUR","Fabrication de coutellerie"
"2022","25.71Z","IC",331,2,"GCO2E_EUR","Fabrication de coutellerie"
"2022","25.72Z","PRD",233,3.7,"GCO2E_EUR","Fabrication de serrures et de ferrures"
"2022","25.72Z","GVA",193,3.7,"GCO2E_EUR","Fabrication de serrures et de ferrures"
"2022","25.72Z","IC",261,3.7,"GCO2E_EUR","Fabrication de serrures et de ferrures"
"2022","25.73A","PRD",218,2.9,"GCO2E_EUR","Fabrication de moules et modèles"
"2022","25.73A","GVA",192,2.9,"GCO2E_EUR","Fabrication de moules et modèles"
"2022","25.73A","IC",236,2.9,"GCO2E_EUR","Fabrication de moules et modèles"
"2022","25.73B","IC",255,3.7,"GCO2E_EUR","Fabrication d'autres outillages"
"2022","25.73B","GVA",187,3.7,"GCO2E_EUR","Fabrication d'autres outillages"
"2022","25.73B","PRD",227,3.7,"GCO2E_EUR","Fabrication d'autres outillages"
"2022","25.91Z","PRD",227,2.9,"GCO2E_EUR","Fabrication de fûts et emballages métalliques similaires"
"2022","25.91Z","IC",249,2.9,"GCO2E_EUR","Fabrication de fûts et emballages métalliques similaires"
"2022","25.91Z","GVA",195,2.9,"GCO2E_EUR","Fabrication de fûts et emballages métalliques similaires"
"2022","25.92Z","PRD",254,2.9,"GCO2E_EUR","Fabrication d'emballages métalliques légers"
"2022","25.92Z","IC",292,2.9,"GCO2E_EUR","Fabrication d'emballages métalliques légers"
"2022","25.92Z","GVA",198,2.9,"GCO2E_EUR","Fabrication d'emballages métalliques légers"
"2022","25.93Z","GVA",214,2,"GCO2E_EUR","Fabrication d'articles en fils métalliques, de chaînes et de ressorts"
"2022","25.93Z","PRD",227,2,"GCO2E_EUR","Fabrication d'articles en fils métalliques, de chaînes et de ressorts"
"2022","25.93Z","IC",237,2,"GCO2E_EUR","Fabrication d'articles en fils métalliques, de chaînes et de ressorts"
"2022","25.94Z","GVA",199,2.9,"GCO2E_EUR","Fabrication de vis et de boulons"
"2022","25.94Z","IC",288,2.9,"GCO2E_EUR","Fabrication de vis et de boulons"
"2022","25.94Z","PRD",251,2.9,"GCO2E_EUR","Fabrication de vis et de boulons"
"2022","25.99A","PRD",237,3.7,"GCO2E_EUR","Fabrication d'articles métalliques ménagers"
"2022","25.99A","GVA",195,3.7,"GCO2E_EUR","Fabrication d'articles métalliques ménagers"
"2022","25.99A","IC",267,3.7,"GCO2E_EUR","Fabrication d'articles métalliques ménagers"
"2022","25.99B","GVA",192,3.7,"GCO2E_EUR","Fabrication d'autres articles métalliques"
"2022","25.99B","PRD",237,3.7,"GCO2E_EUR","Fabrication d'autres articles métalliques"
"2022","25.99B","IC",270,3.7,"GCO2E_EUR","Fabrication d'autres articles métalliques"
"2022","26.11Z","GVA",148,2.8,"GCO2E_EUR","Fabrication de composants électroniques"
"2022","26.11Z","IC",163,2.8,"GCO2E_EUR","Fabrication de composants électroniques"
"2022","26.11Z","PRD",159,2.8,"GCO2E_EUR","Fabrication de composants électroniques"
"2022","26.12Z","IC",154,2,"GCO2E_EUR","Fabrication de cartes électroniques assemblées"
"2022","26.12Z","GVA",135,2,"GCO2E_EUR","Fabrication de cartes électroniques assemblées"
"2022","26.12Z","PRD",145,2,"GCO2E_EUR","Fabrication de cartes électroniques assemblées"
"2022","26.20Z","GVA",164,2.8,"GCO2E_EUR","Fabrication d'ordinateurs et d'équipements périphériques"
"2022","26.20Z","IC",169,2.8,"GCO2E_EUR","Fabrication d'ordinateurs et d'équipements périphériques"
"2022","26.20Z","PRD",167,2.8,"GCO2E_EUR","Fabrication d'ordinateurs et d'équipements périphériques"
"2022","26.30Z","PRD",167,2.8,"GCO2E_EUR","Fabrication d'équipements de communication"
"2022","26.30Z","GVA",164,2.8,"GCO2E_EUR","Fabrication d'équipements de communication"
"2022","26.30Z","IC",169,2.8,"GCO2E_EUR","Fabrication d'équipements de communication"
"2022","26.40Z","IC",151,1.8,"GCO2E_EUR","Fabrication de produits électroniques grand public"
"2022","26.40Z","GVA",133,1.8,"GCO2E_EUR","Fabrication de produits électroniques grand public"
"2022","26.40Z","PRD",143,1.8,"GCO2E_EUR","Fabrication de produits électroniques grand public"
"2022","26.51A","IC",157,2,"GCO2E_EUR","Fabrication d'équipements d'aide à la navigation"
"2022","26.51A","PRD",150,2,"GCO2E_EUR","Fabrication d'équipements d'aide à la navigation"
"2022","26.51A","GVA",140,2,"GCO2E_EUR","Fabrication d'équipements d'aide à la navigation"
"2022","26.51B","GVA",136,2.8,"GCO2E_EUR","Fabrication d'instrumentation scientifique et technique"
"2022","26.51B","IC",163,2.8,"GCO2E_EUR","Fabrication d'instrumentation scientifique et technique"
"2022","26.51B","PRD",150,2.8,"GCO2E_EUR","Fabrication d'instrumentation scientifique et technique"
"2022","26.52Z","PRD",145,2,"GCO2E_EUR","Horlogerie"
"2022","26.52Z","GVA",134,2,"GCO2E_EUR","Horlogerie"
"2022","26.52Z","IC",156,2,"GCO2E_EUR","Horlogerie"
"2022","26.60Z","PRD",150,2.8,"GCO2E_EUR","Fabrication d'équipements d'irradiation médicale, d'équipements électromédicaux et électrothérapeutiques"
"2022","26.60Z","IC",163,2.8,"GCO2E_EUR","Fabrication d'équipements d'irradiation médicale, d'équipements électromédicaux et électrothérapeutiques"
"2022","26.60Z","GVA",136,2.8,"GCO2E_EUR","Fabrication d'équipements d'irradiation médicale, d'équipements électromédicaux et électrothérapeutiques"
"2022","26.70Z","GVA",140,2.8,"GCO2E_EUR","Fabrication de matériels optique et photographique"
"2022","26.70Z","IC",176,2.8,"GCO2E_EUR","Fabrication de matériels optique et photographique"
"2022","26.70Z","PRD",160,2.8,"GCO2E_EUR","Fabrication de matériels optique et photographique"
"2022","26.80Z","PRD",144,2,"GCO2E_EUR","Fabrication de supports magnétiques et optiques"
"2022","26.80Z","IC",155,2,"GCO2E_EUR","Fabrication de supports magnétiques et optiques"
"2022","26.80Z","GVA",133,2,"GCO2E_EUR","Fabrication de supports magnétiques et optiques"
"2022","27.11Z","GVA",209,2.5,"GCO2E_EUR","Fabrication de moteurs, génératrices et transformateurs électriques"
"2022","27.11Z","IC",250,2.5,"GCO2E_EUR","Fabrication de moteurs, génératrices et transformateurs électriques"
"2022","27.11Z","PRD",231,2.5,"GCO2E_EUR","Fabrication de moteurs, génératrices et transformateurs électriques"
"2022","27.12Z","IC",247,2.5,"GCO2E_EUR","Fabrication de matériel de distribution et de commande électrique"
"2022","27.12Z","GVA",205,2.5,"GCO2E_EUR","Fabrication de matériel de distribution et de commande électrique"
"2022","27.12Z","PRD",229,2.5,"GCO2E_EUR","Fabrication de matériel de distribution et de commande électrique"
"2022","27.20Z","IC",244,1.9,"GCO2E_EUR","Fabrication de piles et d'accumulateurs électriques"
"2022","27.20Z","GVA",254,1.9,"GCO2E_EUR","Fabrication de piles et d'accumulateurs électriques"
"2022","27.20Z","PRD",244,1.9,"GCO2E_EUR","Fabrication de piles et d'accumulateurs électriques"
"2022","27.31Z","PRD",248,2.5,"GCO2E_EUR","Fabrication de câbles de fibres optiques"
"2022","27.31Z","IC",254,2.5,"GCO2E_EUR","Fabrication de câbles de fibres optiques"
"2022","27.31Z","GVA",234,2.5,"GCO2E_EUR","Fabrication de câbles de fibres optiques"
"2022","27.32Z","GVA",234,2.5,"GCO2E_EUR","Fabrication d'autres fils et câbles électroniques ou électriques"
"2022","27.32Z","IC",254,2.5,"GCO2E_EUR","Fabrication d'autres fils et câbles électroniques ou électriques"
"2022","27.32Z","PRD",248,2.5,"GCO2E_EUR","Fabrication d'autres fils et câbles électroniques ou électriques"
"2022","27.33Z","IC",246,1.9,"GCO2E_EUR","Fabrication de matériel d'installation électrique"
"2022","27.33Z","GVA",228,1.9,"GCO2E_EUR","Fabrication de matériel d'installation électrique"
"2022","27.33Z","PRD",238,1.9,"GCO2E_EUR","Fabrication de matériel d'installation électrique"
"2022","27.40Z","PRD",233,1.9,"GCO2E_EUR","Fabrication d'appareils d'éclairage électrique"
"2022","27.40Z","IC",238,1.9,"GCO2E_EUR","Fabrication d'appareils d'éclairage électrique"
"2022","27.40Z","GVA",221,1.9,"GCO2E_EUR","Fabrication d'appareils d'éclairage électrique"
"2022","27.51Z","PRD",232,2.5,"GCO2E_EUR","Fabrication d'appareils électroménagers"
"2022","27.51Z","GVA",211,2.5,"GCO2E_EUR","Fabrication d'appareils électroménagers"
"2022","27.51Z","IC",247,2.5,"GCO2E_EUR","Fabrication d'appareils électroménagers"
"2022","27.52Z","IC",252,2.5,"GCO2E_EUR","Fabrication d'appareils ménagers non électriques"
"2022","27.52Z","GVA",215,2.5,"GCO2E_EUR","Fabrication d'appareils ménagers non électriques"
"2022","27.52Z","PRD",236,2.5,"GCO2E_EUR","Fabrication d'appareils ménagers non électriques"
"2022","27.90Z","GVA",221,2.8,"GCO2E_EUR","Fabrication d'autres matériels électriques"
"2022","27.90Z","PRD",241,2.8,"GCO2E_EUR","Fabrication d'autres matériels électriques"
"2022","27.90Z","IC",254,2.8,"GCO2E_EUR","Fabrication d'autres matériels électriques"
"2022","28.11Z","PRD",195,1.9,"GCO2E_EUR","Fabrication de moteurs et turbines, à l'exception des moteurs d'avions et de véhicules"
"2022","28.11Z","IC",200,1.9,"GCO2E_EUR","Fabrication de moteurs et turbines, à l'exception des moteurs d'avions et de véhicules"
"2022","28.11Z","GVA",185,1.9,"GCO2E_EUR","Fabrication de moteurs et turbines, à l'exception des moteurs d'avions et de véhicules"
"2022","28.12Z","PRD",193,2,"GCO2E_EUR","Fabrication d'équipements hydrauliques et pneumatiques"
"2022","28.12Z","GVA",181,2,"GCO2E_EUR","Fabrication d'équipements hydrauliques et pneumatiques"
"2022","28.12Z","IC",198,2,"GCO2E_EUR","Fabrication d'équipements hydrauliques et pneumatiques"
"2022","28.13Z","IC",196,1.9,"GCO2E_EUR","Fabrication d'autres pompes et compresseurs"
"2022","28.13Z","GVA",183,1.9,"GCO2E_EUR","Fabrication d'autres pompes et compresseurs"
"2022","28.13Z","PRD",191,1.9,"GCO2E_EUR","Fabrication d'autres pompes et compresseurs"
"2022","28.14Z","GVA",184,2,"GCO2E_EUR","Fabrication d'autres articles de robinetterie"
"2022","28.14Z","PRD",200,2,"GCO2E_EUR","Fabrication d'autres articles de robinetterie"
"2022","28.14Z","IC",209,2,"GCO2E_EUR","Fabrication d'autres articles de robinetterie"
"2022","28.15Z","IC",204,2,"GCO2E_EUR","Fabrication d'engrenages et d'organes mécaniques de transmission"
"2022","28.15Z","PRD",199,2,"GCO2E_EUR","Fabrication d'engrenages et d'organes mécaniques de transmission"
"2022","28.15Z","GVA",188,2,"GCO2E_EUR","Fabrication d'engrenages et d'organes mécaniques de transmission"
"2022","28.21Z","IC",202,1.9,"GCO2E_EUR","Fabrication de fours et brûleurs"
"2022","28.21Z","PRD",200,1.9,"GCO2E_EUR","Fabrication de fours et brûleurs"
"2022","28.21Z","GVA",194,1.9,"GCO2E_EUR","Fabrication de fours et brûleurs"
"2022","28.22Z","IC",208,1.9,"GCO2E_EUR","Fabrication de matériel de levage et de manutention"
"2022","28.22Z","PRD",203,1.9,"GCO2E_EUR","Fabrication de matériel de levage et de manutention"
"2022","28.22Z","GVA",192,1.9,"GCO2E_EUR","Fabrication de matériel de levage et de manutention"
"2022","28.23Z","GVA",213,1.9,"GCO2E_EUR","Fabrication de machines et d'équipements de bureau (à l'exception des ordinateurs et équipements périphériques)"
"2022","28.23Z","PRD",208,1.9,"GCO2E_EUR","Fabrication de machines et d'équipements de bureau (à l'exception des ordinateurs et équipements périphériques)"
"2022","28.23Z","IC",203,1.9,"GCO2E_EUR","Fabrication de machines et d'équipements de bureau (à l'exception des ordinateurs et équipements périphériques)"
"2022","28.24Z","GVA",192,1.9,"GCO2E_EUR","Fabrication d'outillage portatif à moteur incorporé"
"2022","28.24Z","PRD",197,1.9,"GCO2E_EUR","Fabrication d'outillage portatif à moteur incorporé"
"2022","28.24Z","IC",198,1.9,"GCO2E_EUR","Fabrication d'outillage portatif à moteur incorporé"
"2022","28.25Z","IC",206,1.9,"GCO2E_EUR","Fabrication d'équipements aérauliques et frigorifiques industriels"
"2022","28.25Z","PRD",213,1.9,"GCO2E_EUR","Fabrication d'équipements aérauliques et frigorifiques industriels"
"2022","28.25Z","GVA",221,1.9,"GCO2E_EUR","Fabrication d'équipements aérauliques et frigorifiques industriels"
"2022","28.29A","GVA",197,2.5,"GCO2E_EUR","Fabrication d'équipements d'emballage, de conditionnement et de pesage"
"2022","28.29A","IC",199,2.5,"GCO2E_EUR","Fabrication d'équipements d'emballage, de conditionnement et de pesage"
"2022","28.29A","PRD",199,2.5,"GCO2E_EUR","Fabrication d'équipements d'emballage, de conditionnement et de pesage"
"2022","28.29B","PRD",202,2.5,"GCO2E_EUR","Fabrication d'autres machines d'usage général"
"2022","28.29B","GVA",199,2.5,"GCO2E_EUR","Fabrication d'autres machines d'usage général"
"2022","28.29B","IC",203,2.5,"GCO2E_EUR","Fabrication d'autres machines d'usage général"
"2022","28.30Z","IC",206,1.9,"GCO2E_EUR","Fabrication de machines agricoles et forestières"
"2022","28.30Z","GVA",190,1.9,"GCO2E_EUR","Fabrication de machines agricoles et forestières"
"2022","28.30Z","PRD",201,1.9,"GCO2E_EUR","Fabrication de machines agricoles et forestières"
"2022","28.41Z","PRD",200,1.9,"GCO2E_EUR","Fabrication de machines-outils pour le travail des métaux"
"2022","28.41Z","GVA",191,1.9,"GCO2E_EUR","Fabrication de machines-outils pour le travail des métaux"
"2022","28.41Z","IC",204,1.9,"GCO2E_EUR","Fabrication de machines-outils pour le travail des métaux"
"2022","28.49Z","IC",201,2.5,"GCO2E_EUR","Fabrication d'autres machines-outils"
"2022","28.49Z","GVA",199,2.5,"GCO2E_EUR","Fabrication d'autres machines-outils"
"2022","28.49Z","PRD",201,2.5,"GCO2E_EUR","Fabrication d'autres machines-outils"
"2022","28.91Z","GVA",199,2.5,"GCO2E_EUR","Fabrication de machines pour la métallurgie"
"2022","28.91Z","IC",201,2.5,"GCO2E_EUR","Fabrication de machines pour la métallurgie"
"2022","28.91Z","PRD",201,2.5,"GCO2E_EUR","Fabrication de machines pour la métallurgie"
"2022","28.92Z","IC",213,1.9,"GCO2E_EUR","Fabrication de machines pour l'extraction ou la construction"
"2022","28.92Z","GVA",200,1.9,"GCO2E_EUR","Fabrication de machines pour l'extraction ou la construction"
"2022","28.92Z","PRD",209,1.9,"GCO2E_EUR","Fabrication de machines pour l'extraction ou la construction"
"2022","28.93Z","PRD",214,2.5,"GCO2E_EUR","Fabrication de machines pour l'industrie agro-alimentaire"
"2022","28.93Z","IC",223,2.5,"GCO2E_EUR","Fabrication de machines pour l'industrie agro-alimentaire"
"2022","28.93Z","GVA",199,2.5,"GCO2E_EUR","Fabrication de machines pour l'industrie agro-alimentaire"
"2022","28.94Z","GVA",199,2.5,"GCO2E_EUR","Fabrication de machines pour les industries textiles"
"2022","28.94Z","PRD",214,2.5,"GCO2E_EUR","Fabrication de machines pour les industries textiles"
"2022","28.94Z","IC",223,2.5,"GCO2E_EUR","Fabrication de machines pour les industries textiles"
"2022","28.95Z","PRD",214,2.5,"GCO2E_EUR","Fabrication de machines pour les industries du papier et du carton"
"2022","28.95Z","GVA",199,2.5,"GCO2E_EUR","Fabrication de machines pour les industries du papier et du carton"
"2022","28.95Z","IC",223,2.5,"GCO2E_EUR","Fabrication de machines pour les industries du papier et du carton"
"2022","28.96Z","GVA",199,2.5,"GCO2E_EUR","Fabrication de machines pour le travail du caoutchouc ou des plastiques"
"2022","28.96Z","IC",223,2.5,"GCO2E_EUR","Fabrication de machines pour le travail du caoutchouc ou des plastiques"
"2022","28.96Z","PRD",214,2.5,"GCO2E_EUR","Fabrication de machines pour le travail du caoutchouc ou des plastiques"
"2022","28.99A","PRD",214,2.5,"GCO2E_EUR","Fabrication de machines d'imprimerie"
"2022","28.99A","IC",223,2.5,"GCO2E_EUR","Fabrication de machines d'imprimerie"
"2022","28.99A","GVA",199,2.5,"GCO2E_EUR","Fabrication de machines d'imprimerie"
"2022","28.99B","GVA",202,2.8,"GCO2E_EUR","Fabrication d'autres machines spécialisées"
"2022","28.99B","IC",210,2.8,"GCO2E_EUR","Fabrication d'autres machines spécialisées"
"2022","28.99B","PRD",208,2.8,"GCO2E_EUR","Fabrication d'autres machines spécialisées"
"2022","29.10Z","IC",196,1.5,"GCO2E_EUR","Construction de véhicules automobiles"
"2022","29.10Z","GVA",199,1.5,"GCO2E_EUR","Construction de véhicules automobiles"
"2022","29.10Z","PRD",190,1.5,"GCO2E_EUR","Construction de véhicules automobiles"
"2022","29.20Z","PRD",203,1.5,"GCO2E_EUR","Fabrication de carrosseries et remorques"
"2022","29.20Z","IC",228,1.5,"GCO2E_EUR","Fabrication de carrosseries et remorques"
"2022","29.20Z","GVA",194,1.5,"GCO2E_EUR","Fabrication de carrosseries et remorques"
"2022","29.31Z","IC",188,1.8,"GCO2E_EUR","Fabrication d'équipements électriques et électroniques automobiles"
"2022","29.31Z","PRD",180,1.9,"GCO2E_EUR","Fabrication d'équipements électriques et électroniques automobiles"
"2022","29.31Z","GVA",180,1.8,"GCO2E_EUR","Fabrication d'équipements électriques et électroniques automobiles"
"2022","29.32Z","GVA",190,1.8,"GCO2E_EUR","Fabrication d'autres équipements automobiles"
"2022","29.32Z","IC",190,1.8,"GCO2E_EUR","Fabrication d'autres équipements automobiles"
"2022","29.32Z","PRD",183,1.9,"GCO2E_EUR","Fabrication d'autres équipements automobiles"
"2022","30.11Z","PRD",195,2.2,"GCO2E_EUR","Construction de navires et de structures flottantes"
"2022","30.11Z","IC",221,2.2,"GCO2E_EUR","Construction de navires et de structures flottantes"
"2022","30.11Z","GVA",176,2.2,"GCO2E_EUR","Construction de navires et de structures flottantes"
"2022","30.12Z","IC",216,1.8,"GCO2E_EUR","Construction de bateaux de plaisance"
"2022","30.12Z","PRD",196,1.8,"GCO2E_EUR","Construction de bateaux de plaisance"
"2022","30.12Z","GVA",185,1.8,"GCO2E_EUR","Construction de bateaux de plaisance"
"2022","30.20Z","GVA",211,1.5,"GCO2E_EUR","Construction de locomotives et d'autre matériel ferroviaire roulant"
"2022","30.20Z","PRD",199,1.5,"GCO2E_EUR","Construction de locomotives et d'autre matériel ferroviaire roulant"
"2022","30.20Z","IC",198,1.5,"GCO2E_EUR","Construction de locomotives et d'autre matériel ferroviaire roulant"
"2022","30.30Z","GVA",175,1.5,"GCO2E_EUR","Construction aéronautique et spatiale"
"2022","30.30Z","IC",198,1.5,"GCO2E_EUR","Construction aéronautique et spatiale"
"2022","30.30Z","PRD",188,1.5,"GCO2E_EUR","Construction aéronautique et spatiale"
"2022","30.40Z","PRD",224,2,"GCO2E_EUR","Construction de véhicules militaires de combat"
"2022","30.40Z","GVA",181,2,"GCO2E_EUR","Construction de véhicules militaires de combat"
"2022","30.40Z","IC",255,2,"GCO2E_EUR","Construction de véhicules militaires de combat"
"2022","30.91Z","PRD",203,2.7,"GCO2E_EUR","Fabrication de motocycles"
"2022","30.91Z","IC",215,2.7,"GCO2E_EUR","Fabrication de motocycles"
"2022","30.91Z","GVA",183,2.7,"GCO2E_EUR","Fabrication de motocycles"
"2022","30.92Z","GVA",183,2.7,"GCO2E_EUR","Fabrication de bicyclettes et de véhicules pour invalides"
"2022","30.92Z","PRD",203,2.7,"GCO2E_EUR","Fabrication de bicyclettes et de véhicules pour invalides"
"2022","30.92Z","IC",215,2.7,"GCO2E_EUR","Fabrication de bicyclettes et de véhicules pour invalides"
"2022","30.99Z","GVA",171,3.2,"GCO2E_EUR","Fabrication d'autres équipements de transport n.c.a."
"2022","30.99Z","PRD",197,3.2,"GCO2E_EUR","Fabrication d'autres équipements de transport n.c.a."
"2022","30.99Z","IC",211,3.2,"GCO2E_EUR","Fabrication d'autres équipements de transport n.c.a."
"2022","31.01Z","GVA",166,2.7,"GCO2E_EUR","Fabrication de meubles de bureau et de magasin"
"2022","31.01Z","IC",209,2.7,"GCO2E_EUR","Fabrication de meubles de bureau et de magasin"
"2022","31.01Z","PRD",190,2.7,"GCO2E_EUR","Fabrication de meubles de bureau et de magasin"
"2022","31.02Z","PRD",177,2,"GCO2E_EUR","Fabrication de meubles de cuisine"
"2022","31.02Z","GVA",163,2,"GCO2E_EUR","Fabrication de meubles de cuisine"
"2022","31.02Z","IC",190,2,"GCO2E_EUR","Fabrication de meubles de cuisine"
"2022","31.03Z","GVA",180,3.2,"GCO2E_EUR","Fabrication de matelas"
"2022","31.03Z","IC",207,3.2,"GCO2E_EUR","Fabrication de matelas"
"2022","31.03Z","PRD",191,3.2,"GCO2E_EUR","Fabrication de matelas"
"2022","31.09A","GVA",174,2,"GCO2E_EUR","Fabrication de sièges d'ameublement d'intérieur"
"2022","31.09A","IC",197,2,"GCO2E_EUR","Fabrication de sièges d'ameublement d'intérieur"
"2022","31.09A","PRD",185,2,"GCO2E_EUR","Fabrication de sièges d'ameublement d'intérieur"
"2022","31.09B","IC",203,2.7,"GCO2E_EUR","Fabrication d'autres meubles et industries connexes de l'ameublement"
"2022","31.09B","PRD",189,2.7,"GCO2E_EUR","Fabrication d'autres meubles et industries connexes de l'ameublement"
"2022","31.09B","GVA",177,2.7,"GCO2E_EUR","Fabrication d'autres meubles et industries connexes de l'ameublement"
"2022","32.11Z","GVA",158,3.1,"GCO2E_EUR","Frappe de monnaie"
"2022","32.11Z","PRD",191,3.1,"GCO2E_EUR","Frappe de monnaie"
"2022","32.11Z","IC",233,3.1,"GCO2E_EUR","Frappe de monnaie"
"2022","32.12Z","GVA",158,2.7,"GCO2E_EUR","Fabrication d'articles de joaillerie et bijouterie"
"2022","32.12Z","IC",216,2.7,"GCO2E_EUR","Fabrication d'articles de joaillerie et bijouterie"
"2022","32.12Z","PRD",184,2.7,"GCO2E_EUR","Fabrication d'articles de joaillerie et bijouterie"
"2022","32.13Z","GVA",158,2.7,"GCO2E_EUR","Fabrication d'articles de bijouterie fantaisie et articles similaires"
"2022","32.13Z","IC",216,2.7,"GCO2E_EUR","Fabrication d'articles de bijouterie fantaisie et articles similaires"
"2022","32.13Z","PRD",184,2.7,"GCO2E_EUR","Fabrication d'articles de bijouterie fantaisie et articles similaires"
"2022","32.20Z","IC",244,3.1,"GCO2E_EUR","Fabrication d'instruments de musique"
"2022","32.20Z","PRD",198,3.1,"GCO2E_EUR","Fabrication d'instruments de musique"
"2022","32.20Z","GVA",161,3.1,"GCO2E_EUR","Fabrication d'instruments de musique"
"2022","32.30Z","PRD",193,2,"GCO2E_EUR","Fabrication d'articles de sport"
"2022","32.30Z","IC",220,2,"GCO2E_EUR","Fabrication d'articles de sport"
"2022","32.30Z","GVA",170,2,"GCO2E_EUR","Fabrication d'articles de sport"
"2022","32.40Z","GVA",162,2,"GCO2E_EUR","Fabrication de jeux et jouets"
"2022","32.40Z","IC",219,2,"GCO2E_EUR","Fabrication de jeux et jouets"
"2022","32.40Z","PRD",186,2,"GCO2E_EUR","Fabrication de jeux et jouets"
"2022","32.50A","IC",209,1.9,"GCO2E_EUR","Fabrication de matériel médico-chirurgical et dentaire"
"2022","32.50A","GVA",161,1.9,"GCO2E_EUR","Fabrication de matériel médico-chirurgical et dentaire"
"2022","32.50A","PRD",182,1.9,"GCO2E_EUR","Fabrication de matériel médico-chirurgical et dentaire"
"2022","32.50B","IC",206,1.9,"GCO2E_EUR","Fabrication de lunettes"
"2022","32.50B","PRD",177,1.9,"GCO2E_EUR","Fabrication de lunettes"
"2022","32.50B","GVA",156,1.9,"GCO2E_EUR","Fabrication de lunettes"
"2022","32.91Z","PRD",198,3.1,"GCO2E_EUR","Fabrication d'articles de brosserie"
"2022","32.91Z","GVA",161,3.1,"GCO2E_EUR","Fabrication d'articles de brosserie"
"2022","32.91Z","IC",244,3.1,"GCO2E_EUR","Fabrication d'articles de brosserie"
"2022","32.99Z","IC",241,3.1,"GCO2E_EUR","Autres activités manufacturières n.c.a."
"2022","32.99Z","PRD",198,3.1,"GCO2E_EUR","Autres activités manufacturières n.c.a."
"2022","32.99Z","GVA",164,3.1,"GCO2E_EUR","Autres activités manufacturières n.c.a."
"2022","33.11Z","GVA",126,3.2,"GCO2E_EUR","Réparation d'ouvrages en métaux"
"2022","33.11Z","PRD",153,3.2,"GCO2E_EUR","Réparation d'ouvrages en métaux"
"2022","33.11Z","IC",184,3.2,"GCO2E_EUR","Réparation d'ouvrages en métaux"
"2022","33.12Z","PRD",153,3.2,"GCO2E_EUR","Réparation de machines et équipements mécaniques"
"2022","33.12Z","IC",184,3.2,"GCO2E_EUR","Réparation de machines et équipements mécaniques"
"2022","33.12Z","GVA",126,3.2,"GCO2E_EUR","Réparation de machines et équipements mécaniques"
"2022","33.13Z","PRD",143,2,"GCO2E_EUR","Réparation de matériels électroniques et optiques"
"2022","33.13Z","GVA",126,2,"GCO2E_EUR","Réparation de matériels électroniques et optiques"
"2022","33.13Z","IC",164,2,"GCO2E_EUR","Réparation de matériels électroniques et optiques"
"2022","33.14Z","PRD",153,3.2,"GCO2E_EUR","Réparation d'équipements électriques"
"2022","33.14Z","GVA",126,3.2,"GCO2E_EUR","Réparation d'équipements électriques"
"2022","33.14Z","IC",184,3.2,"GCO2E_EUR","Réparation d'équipements électriques"
"2022","33.15Z","IC",256,1.5,"GCO2E_EUR","Réparation et maintenance navale"
"2022","33.15Z","GVA",134,1.5,"GCO2E_EUR","Réparation et maintenance navale"
"2022","33.15Z","PRD",215,1.5,"GCO2E_EUR","Réparation et maintenance navale"
"2022","33.16Z","GVA",138,2,"GCO2E_EUR","Réparation et maintenance d'aéronefs et d'engins spatiaux"
"2022","33.16Z","IC",157,2,"GCO2E_EUR","Réparation et maintenance d'aéronefs et d'engins spatiaux"
"2022","33.16Z","PRD",146,2,"GCO2E_EUR","Réparation et maintenance d'aéronefs et d'engins spatiaux"
"2022","33.17Z","PRD",153,3.2,"GCO2E_EUR","Réparation et maintenance d'autres équipements de transport"
"2022","33.17Z","GVA",126,3.2,"GCO2E_EUR","Réparation et maintenance d'autres équipements de transport"
"2022","33.17Z","IC",184,3.2,"GCO2E_EUR","Réparation et maintenance d'autres équipements de transport"
"2022","33.19Z","IC",184,3.2,"GCO2E_EUR","Réparation d'autres équipements"
"2022","33.19Z","GVA",126,3.2,"GCO2E_EUR","Réparation d'autres équipements"
"2022","33.19Z","PRD",153,3.2,"GCO2E_EUR","Réparation d'autres équipements"
"2022","33.20A","IC",187,3.2,"GCO2E_EUR","Installation de structures métalliques, chaudronnées et de tuyauterie"
"2022","33.20A","GVA",151,3.2,"GCO2E_EUR","Installation de structures métalliques, chaudronnées et de tuyauterie"
"2022","33.20A","PRD",174,3.2,"GCO2E_EUR","Installation de structures métalliques, chaudronnées et de tuyauterie"
"2022","33.20B","GVA",151,3.2,"GCO2E_EUR","Installation de machines et équipements mécaniques"
"2022","33.20B","PRD",174,3.2,"GCO2E_EUR","Installation de machines et équipements mécaniques"
"2022","33.20B","IC",187,3.2,"GCO2E_EUR","Installation de machines et équipements mécaniques"
"2022","33.20C","IC",195,3.2,"GCO2E_EUR","Conception d'ensemble et assemblage sur site industriel d'équipements de contrôle des processus industriels"
"2022","33.20C","GVA",158,3.2,"GCO2E_EUR","Conception d'ensemble et assemblage sur site industriel d'équipements de contrôle des processus industriels"
"2022","33.20C","PRD",181,3.2,"GCO2E_EUR","Conception d'ensemble et assemblage sur site industriel d'équipements de contrôle des processus industriels"
"2022","33.20D","IC",195,3.2,"GCO2E_EUR","Installation d'équipements électriques, de matériels électroniques et optiques ou d'autres matériels"
"2022","33.20D","PRD",181,3.2,"GCO2E_EUR","Installation d'équipements électriques, de matériels électroniques et optiques ou d'autres matériels"
"2022","33.20D","GVA",158,3.2,"GCO2E_EUR","Installation d'équipements électriques, de matériels électroniques et optiques ou d'autres matériels"
"2022","35.11Z","IC",292,1.9,"GCO2E_EUR","Production d'électricité"
"2022","35.11Z","GVA",520,2.6,"GCO2E_EUR","Production d'électricité"
"2022","35.11Z","PRD",436,1.9,"GCO2E_EUR","Production d'électricité"
"2022","35.12Z","GVA",520,2.6,"GCO2E_EUR","Transport d'électricité"
"2022","35.12Z","PRD",415,2.7,"GCO2E_EUR","Transport d'électricité"
"2022","35.12Z","IC",292,2.7,"GCO2E_EUR","Transport d'électricité"
"2022","35.13Z","IC",292,2.7,"GCO2E_EUR","Distribution d'électricité"
"2022","35.13Z","PRD",415,2.7,"GCO2E_EUR","Distribution d'électricité"
"2022","35.13Z","GVA",520,2.6,"GCO2E_EUR","Distribution d'électricité"
"2022","35.14Z","PRD",415,2.7,"GCO2E_EUR","Commerce d'électricité"
"2022","35.14Z","GVA",520,2.6,"GCO2E_EUR","Commerce d'électricité"
"2022","35.14Z","IC",292,2.7,"GCO2E_EUR","Commerce d'électricité"
"2022","35.21Z","IC",299,2.2,"GCO2E_EUR","Production de combustibles gazeux"
"2022","35.21Z","PRD",350,2.2,"GCO2E_EUR","Production de combustibles gazeux"
"2022","35.21Z","GVA",393,2.2,"GCO2E_EUR","Production de combustibles gazeux"
"2022","35.22Z","IC",299,2.2,"GCO2E_EUR","Distribution de combustibles gazeux par conduites"
"2022","35.22Z","GVA",393,2.2,"GCO2E_EUR","Distribution de combustibles gazeux par conduites"
"2022","35.22Z","PRD",350,2.2,"GCO2E_EUR","Distribution de combustibles gazeux par conduites"
"2022","35.23Z","GVA",393,2.2,"GCO2E_EUR","Commerce de combustibles gazeux par conduites"
"2022","35.23Z","PRD",350,2.2,"GCO2E_EUR","Commerce de combustibles gazeux par conduites"
"2022","35.23Z","IC",299,2.2,"GCO2E_EUR","Commerce de combustibles gazeux par conduites"
"2022","35.30Z","IC",307,2.4,"GCO2E_EUR","Production et distribution de vapeur et d'air conditionné"
"2022","35.30Z","PRD",444,2.4,"GCO2E_EUR","Production et distribution de vapeur et d'air conditionné"
"2022","35.30Z","GVA",599,2.4,"GCO2E_EUR","Production et distribution de vapeur et d'air conditionné"
"2022","36.00Z","PRD",230,3.6,"GCO2E_EUR","Captage, traitement et distribution d'eau"
"2022","36.00Z","GVA",194,3.6,"GCO2E_EUR","Captage, traitement et distribution d'eau"
"2022","36.00Z","IC",248,3.6,"GCO2E_EUR","Captage, traitement et distribution d'eau"
"2022","37.00Z","GVA",914,1.8,"GCO2E_EUR","Collecte et traitement des eaux usées"
"2022","37.00Z","PRD",715,1.8,"GCO2E_EUR","Collecte et traitement des eaux usées"
"2022","37.00Z","IC",272,1.8,"GCO2E_EUR","Collecte et traitement des eaux usées"
"2022","38.11Z","IC",245,3.2,"GCO2E_EUR","Collecte des déchets non dangereux"
"2022","38.11Z","GVA",2201,3.2,"GCO2E_EUR","Collecte des déchets non dangereux"
"2022","38.11Z","PRD",899,3.2,"GCO2E_EUR","Collecte des déchets non dangereux"
"2022","38.12Z","PRD",899,3.2,"GCO2E_EUR","Collecte des déchets dangereux"
"2022","38.12Z","IC",245,3.2,"GCO2E_EUR","Collecte des déchets dangereux"
"2022","38.12Z","GVA",2201,3.2,"GCO2E_EUR","Collecte des déchets dangereux"
"2022","38.21Z","PRD",899,3.2,"GCO2E_EUR","Traitement et élimination des déchets non dangereux"
"2022","38.21Z","IC",245,3.2,"GCO2E_EUR","Traitement et élimination des déchets non dangereux"
"2022","38.21Z","GVA",2201,3.2,"GCO2E_EUR","Traitement et élimination des déchets non dangereux"
"2022","38.22Z","PRD",899,3.2,"GCO2E_EUR","Traitement et élimination des déchets dangereux"
"2022","38.22Z","IC",245,3.2,"GCO2E_EUR","Traitement et élimination des déchets dangereux"
"2022","38.22Z","GVA",2201,3.2,"GCO2E_EUR","Traitement et élimination des déchets dangereux"
"2022","38.31Z","GVA",2201,3.2,"GCO2E_EUR","Démantèlement d'épaves"
"2022","38.31Z","IC",245,3.2,"GCO2E_EUR","Démantèlement d'épaves"
"2022","38.31Z","PRD",899,3.2,"GCO2E_EUR","Démantèlement d'épaves"
"2022","38.32Z","PRD",899,3.2,"GCO2E_EUR","Récupération de déchets triés"
"2022","38.32Z","GVA",2201,3.2,"GCO2E_EUR","Récupération de déchets triés"
"2022","38.32Z","IC",245,3.2,"GCO2E_EUR","Récupération de déchets triés"
"2022","39.00Z","IC",228,2,"GCO2E_EUR","Dépollution et autres services de gestion des déchets"
"2022","39.00Z","PRD",479,2,"GCO2E_EUR","Dépollution et autres services de gestion des déchets"
"2022","39.00Z","GVA",820,2,"GCO2E_EUR","Dépollution et autres services de gestion des déchets"
"2022","41.10A","PRD",185,2.7,"GCO2E_EUR","Promotion immobilière de logements"
"2022","41.10A","IC",217,2.7,"GCO2E_EUR","Promotion immobilière de logements"
"2022","41.10A","GVA",143,2.7,"GCO2E_EUR","Promotion immobilière de logements"
"2022","41.10B","PRD",186,2.7,"GCO2E_EUR","Promotion immobilière de bureaux"
"2022","41.10B","IC",225,2.7,"GCO2E_EUR","Promotion immobilière de bureaux"
"2022","41.10B","GVA",141,2.7,"GCO2E_EUR","Promotion immobilière de bureaux"
"2022","41.10C","GVA",141,2.7,"GCO2E_EUR","Promotion immobilière d'autres bâtiments"
"2022","41.10C","IC",225,2.7,"GCO2E_EUR","Promotion immobilière d'autres bâtiments"
"2022","41.10C","PRD",186,2.7,"GCO2E_EUR","Promotion immobilière d'autres bâtiments"
"2022","41.10D","GVA",140,2.7,"GCO2E_EUR","Supports juridiques de programmes"
"2022","41.10D","PRD",180,2.7,"GCO2E_EUR","Supports juridiques de programmes"
"2022","41.10D","IC",207,2.7,"GCO2E_EUR","Supports juridiques de programmes"
"2022","41.20A","IC",188,1.5,"GCO2E_EUR","Construction de maisons individuelles"
"2022","41.20A","GVA",147,1.5,"GCO2E_EUR","Construction de maisons individuelles"
"2022","41.20A","PRD",169,1.5,"GCO2E_EUR","Construction de maisons individuelles"
"2022","41.20B","GVA",139,1.9,"GCO2E_EUR","Construction d'autres bâtiments"
"2022","41.20B","IC",231,1.9,"GCO2E_EUR","Construction d'autres bâtiments"
"2022","41.20B","PRD",176,1.9,"GCO2E_EUR","Construction d'autres bâtiments"
"2022","42.11Z","IC",234,2.8,"GCO2E_EUR","Construction de routes et autoroutes"
"2022","42.11Z","PRD",196,2.8,"GCO2E_EUR","Construction de routes et autoroutes"
"2022","42.11Z","GVA",164,2.8,"GCO2E_EUR","Construction de routes et autoroutes"
"2022","42.12Z","IC",234,2.8,"GCO2E_EUR","Construction de voies ferrées de surface et souterraines"
"2022","42.12Z","PRD",196,2.8,"GCO2E_EUR","Construction de voies ferrées de surface et souterraines"
"2022","42.12Z","GVA",164,2.8,"GCO2E_EUR","Construction de voies ferrées de surface et souterraines"
"2022","42.13A","IC",234,2.8,"GCO2E_EUR","Construction d'ouvrages d'art"
"2022","42.13A","GVA",164,2.8,"GCO2E_EUR","Construction d'ouvrages d'art"
"2022","42.13A","PRD",196,2.8,"GCO2E_EUR","Construction d'ouvrages d'art"
"2022","42.13B","PRD",196,2.8,"GCO2E_EUR","Construction et entretien de tunnels"
"2022","42.13B","GVA",164,2.8,"GCO2E_EUR","Construction et entretien de tunnels"
"2022","42.13B","IC",234,2.8,"GCO2E_EUR","Construction et entretien de tunnels"
"2022","42.21Z","IC",221,3.4,"GCO2E_EUR","Construction de réseaux pour fluides"
"2022","42.21Z","PRD",189,3.4,"GCO2E_EUR","Construction de réseaux pour fluides"
"2022","42.21Z","GVA",153,3.4,"GCO2E_EUR","Construction de réseaux pour fluides"
"2022","42.22Z","GVA",167,1.9,"GCO2E_EUR","Construction de réseaux électriques et de télécommunications"
"2022","42.22Z","IC",191,1.9,"GCO2E_EUR","Construction de réseaux électriques et de télécommunications"
"2022","42.22Z","PRD",179,1.9,"GCO2E_EUR","Construction de réseaux électriques et de télécommunications"
"2022","42.91Z","IC",218,3.4,"GCO2E_EUR","Construction d'ouvrages maritimes et fluviaux"
"2022","42.91Z","PRD",195,3.4,"GCO2E_EUR","Construction d'ouvrages maritimes et fluviaux"
"2022","42.91Z","GVA",162,3.4,"GCO2E_EUR","Construction d'ouvrages maritimes et fluviaux"
"2022","42.99Z","IC",218,3.4,"GCO2E_EUR","Construction d'autres ouvrages de génie civil n.c.a."
"2022","42.99Z","PRD",195,3.4,"GCO2E_EUR","Construction d'autres ouvrages de génie civil n.c.a."
"2022","42.99Z","GVA",162,3.4,"GCO2E_EUR","Construction d'autres ouvrages de génie civil n.c.a."
"2022","43.11Z","PRD",200,3.3,"GCO2E_EUR","Travaux de démolition"
"2022","43.11Z","GVA",167,3.3,"GCO2E_EUR","Travaux de démolition"
"2022","43.11Z","IC",205,3.3,"GCO2E_EUR","Travaux de démolition"
"2022","43.12A","GVA",167,3.3,"GCO2E_EUR","Travaux de terrassement courants et travaux préparatoires"
"2022","43.12A","IC",205,3.3,"GCO2E_EUR","Travaux de terrassement courants et travaux préparatoires"
"2022","43.12A","PRD",200,3.3,"GCO2E_EUR","Travaux de terrassement courants et travaux préparatoires"
"2022","43.12B","GVA",167,3.3,"GCO2E_EUR","Travaux de terrassement spécialisés ou de grande masse"
"2022","43.12B","IC",205,3.3,"GCO2E_EUR","Travaux de terrassement spécialisés ou de grande masse"
"2022","43.12B","PRD",200,3.3,"GCO2E_EUR","Travaux de terrassement spécialisés ou de grande masse"
"2022","43.13Z","GVA",167,3.3,"GCO2E_EUR","Forages et sondages"
"2022","43.13Z","IC",205,3.3,"GCO2E_EUR","Forages et sondages"
"2022","43.13Z","PRD",200,3.3,"GCO2E_EUR","Forages et sondages"
"2022","43.21A","IC",205,3.3,"GCO2E_EUR","Travaux d'installation électrique dans tous locaux"
"2022","43.21A","GVA",167,3.3,"GCO2E_EUR","Travaux d'installation électrique dans tous locaux"
"2022","43.21A","PRD",200,3.3,"GCO2E_EUR","Travaux d'installation électrique dans tous locaux"
"2022","43.21B","IC",205,3.3,"GCO2E_EUR","Travaux d'installation électrique sur la voie publique"
"2022","43.21B","PRD",200,3.3,"GCO2E_EUR","Travaux d'installation électrique sur la voie publique"
"2022","43.21B","GVA",167,3.3,"GCO2E_EUR","Travaux d'installation électrique sur la voie publique"
"2022","43.22A","GVA",167,3.3,"GCO2E_EUR","Travaux d'installation d'eau et de gaz en tous locaux"
"2022","43.22A","PRD",200,3.3,"GCO2E_EUR","Travaux d'installation d'eau et de gaz en tous locaux"
"2022","43.22A","IC",205,3.3,"GCO2E_EUR","Travaux d'installation d'eau et de gaz en tous locaux"
"2022","43.22B","GVA",167,3.3,"GCO2E_EUR","Travaux d'installation d'équipements thermiques et de climatisation"
"2022","43.22B","PRD",200,3.3,"GCO2E_EUR","Travaux d'installation d'équipements thermiques et de climatisation"
"2022","43.22B","IC",205,3.3,"GCO2E_EUR","Travaux d'installation d'équipements thermiques et de climatisation"
"2022","43.29A","IC",205,3.3,"GCO2E_EUR","Travaux d'isolation"
"2022","43.29A","GVA",167,3.3,"GCO2E_EUR","Travaux d'isolation"
"2022","43.29A","PRD",200,3.3,"GCO2E_EUR","Travaux d'isolation"
"2022","43.29B","IC",205,3.3,"GCO2E_EUR","Autres travaux d'installation n.c.a."
"2022","43.29B","PRD",200,3.3,"GCO2E_EUR","Autres travaux d'installation n.c.a."
"2022","43.29B","GVA",167,3.3,"GCO2E_EUR","Autres travaux d'installation n.c.a."
"2022","43.31Z","PRD",200,3.3,"GCO2E_EUR","Travaux de plâtrerie"
"2022","43.31Z","IC",205,3.3,"GCO2E_EUR","Travaux de plâtrerie"
"2022","43.31Z","GVA",167,3.3,"GCO2E_EUR","Travaux de plâtrerie"
"2022","43.32A","PRD",200,3.3,"GCO2E_EUR","Travaux de menuiserie bois et PVC"
"2022","43.32A","GVA",167,3.3,"GCO2E_EUR","Travaux de menuiserie bois et PVC"
"2022","43.32A","IC",205,3.3,"GCO2E_EUR","Travaux de menuiserie bois et PVC"
"2022","43.32B","PRD",200,3.3,"GCO2E_EUR","Travaux de menuiserie métallique et serrurerie"
"2022","43.32B","IC",205,3.3,"GCO2E_EUR","Travaux de menuiserie métallique et serrurerie"
"2022","43.32B","GVA",167,3.3,"GCO2E_EUR","Travaux de menuiserie métallique et serrurerie"
"2022","43.32C","IC",205,3.3,"GCO2E_EUR","Agencement de lieux de vente"
"2022","43.32C","PRD",200,3.3,"GCO2E_EUR","Agencement de lieux de vente"
"2022","43.32C","GVA",167,3.3,"GCO2E_EUR","Agencement de lieux de vente"
"2022","43.33Z","PRD",200,3.3,"GCO2E_EUR","Travaux de revêtement des sols et des murs"
"2022","43.33Z","IC",205,3.3,"GCO2E_EUR","Travaux de revêtement des sols et des murs"
"2022","43.33Z","GVA",167,3.3,"GCO2E_EUR","Travaux de revêtement des sols et des murs"
"2022","43.34Z","PRD",200,3.3,"GCO2E_EUR","Travaux de peinture et vitrerie"
"2022","43.34Z","GVA",167,3.3,"GCO2E_EUR","Travaux de peinture et vitrerie"
"2022","43.34Z","IC",205,3.3,"GCO2E_EUR","Travaux de peinture et vitrerie"
"2022","43.39Z","IC",205,3.3,"GCO2E_EUR","Autres travaux de finition"
"2022","43.39Z","GVA",167,3.3,"GCO2E_EUR","Autres travaux de finition"
"2022","43.39Z","PRD",200,3.3,"GCO2E_EUR","Autres travaux de finition"
"2022","43.91A","PRD",200,3.3,"GCO2E_EUR","Travaux de charpente"
"2022","43.91A","GVA",167,3.3,"GCO2E_EUR","Travaux de charpente"
"2022","43.91A","IC",205,3.3,"GCO2E_EUR","Travaux de charpente"
"2022","43.91B","IC",205,3.3,"GCO2E_EUR","Travaux de couverture par éléments"
"2022","43.91B","PRD",200,3.3,"GCO2E_EUR","Travaux de couverture par éléments"
"2022","43.91B","GVA",167,3.3,"GCO2E_EUR","Travaux de couverture par éléments"
"2022","43.99A","PRD",200,3.3,"GCO2E_EUR","Travaux d'étanchéification"
"2022","43.99A","GVA",167,3.3,"GCO2E_EUR","Travaux d'étanchéification"
"2022","43.99A","IC",205,3.3,"GCO2E_EUR","Travaux d'étanchéification"
"2022","43.99B","PRD",200,3.3,"GCO2E_EUR","Travaux de montage de structures métalliques"
"2022","43.99B","IC",205,3.3,"GCO2E_EUR","Travaux de montage de structures métalliques"
"2022","43.99B","GVA",167,3.3,"GCO2E_EUR","Travaux de montage de structures métalliques"
"2022","43.99C","GVA",167,3.3,"GCO2E_EUR","Travaux de maçonnerie générale et gros œuvre de bâtiment"
"2022","43.99C","IC",205,3.3,"GCO2E_EUR","Travaux de maçonnerie générale et gros œuvre de bâtiment"
"2022","43.99C","PRD",200,3.3,"GCO2E_EUR","Travaux de maçonnerie générale et gros œuvre de bâtiment"
"2022","43.99D","PRD",200,3.3,"GCO2E_EUR","Autres travaux spécialisés de construction"
"2022","43.99D","GVA",167,3.3,"GCO2E_EUR","Autres travaux spécialisés de construction"
"2022","43.99D","IC",205,3.3,"GCO2E_EUR","Autres travaux spécialisés de construction"
"2022","43.99E","IC",205,3.3,"GCO2E_EUR","Location avec opérateur de matériel de construction"
"2022","43.99E","GVA",167,3.3,"GCO2E_EUR","Location avec opérateur de matériel de construction"
"2022","43.99E","PRD",200,3.3,"GCO2E_EUR","Location avec opérateur de matériel de construction"
"2022","45.11Z","GVA",162,2.4,"GCO2E_EUR","Commerce de voitures et de véhicules automobiles légers"
"2022","45.11Z","PRD",151,2.4,"GCO2E_EUR","Commerce de voitures et de véhicules automobiles légers"
"2022","45.11Z","IC",125,2.4,"GCO2E_EUR","Commerce de voitures et de véhicules automobiles légers"
"2022","45.19Z","IC",125,2.4,"GCO2E_EUR","Commerce d'autres véhicules automobiles"
"2022","45.19Z","PRD",151,2.4,"GCO2E_EUR","Commerce d'autres véhicules automobiles"
"2022","45.19Z","GVA",162,2.4,"GCO2E_EUR","Commerce d'autres véhicules automobiles"
"2022","45.20A","IC",126,2.2,"GCO2E_EUR","Entretien et réparation de véhicules automobiles légers"
"2022","45.20A","PRD",130,2.2,"GCO2E_EUR","Entretien et réparation de véhicules automobiles légers"
"2022","45.20A","GVA",145,2.2,"GCO2E_EUR","Entretien et réparation de véhicules automobiles légers"
"2022","45.20B","GVA",145,2.2,"GCO2E_EUR","Entretien et réparation d'autres véhicules automobiles"
"2022","45.20B","IC",126,2.2,"GCO2E_EUR","Entretien et réparation d'autres véhicules automobiles"
"2022","45.20B","PRD",130,2.2,"GCO2E_EUR","Entretien et réparation d'autres véhicules automobiles"
"2022","45.31Z","IC",121,1.7,"GCO2E_EUR","Commerce de gros d'équipements automobiles"
"2022","45.31Z","PRD",137,1.7,"GCO2E_EUR","Commerce de gros d'équipements automobiles"
"2022","45.31Z","GVA",162,1.7,"GCO2E_EUR","Commerce de gros d'équipements automobiles"
"2022","45.32Z","GVA",185,1.7,"GCO2E_EUR","Commerce de détail d'équipements automobiles"
"2022","45.32Z","PRD",151,1.7,"GCO2E_EUR","Commerce de détail d'équipements automobiles"
"2022","45.32Z","IC",107,1.7,"GCO2E_EUR","Commerce de détail d'équipements automobiles"
"2022","45.40Z","PRD",151,2.7,"GCO2E_EUR","Commerce et réparation de motocycles"
"2022","45.40Z","GVA",178,2.7,"GCO2E_EUR","Commerce et réparation de motocycles"
"2022","45.40Z","IC",137,2.7,"GCO2E_EUR","Commerce et réparation de motocycles"
"2022","46.11Z","PRD",120,3.7,"GCO2E_EUR","Intermédiaires du commerce en matières premières agricoles, animaux vivants, matières premières textiles et pr…"
"2022","46.11Z","GVA",89,3.7,"GCO2E_EUR","Intermédiaires du commerce en matières premières agricoles, animaux vivants, matières premières textiles et pr…"
"2022","46.11Z","IC",149,3.7,"GCO2E_EUR","Intermédiaires du commerce en matières premières agricoles, animaux vivants, matières premières textiles et pr…"
"2022","46.12A","PRD",120,3.7,"GCO2E_EUR","Centrales d'achat de carburant"
"2022","46.12A","IC",149,3.7,"GCO2E_EUR","Centrales d'achat de carburant"
"2022","46.12A","GVA",89,3.7,"GCO2E_EUR","Centrales d'achat de carburant"
"2022","46.12B","IC",149,3.7,"GCO2E_EUR","Autres intermédiaires du commerce en combustibles, métaux, minéraux et produits chimiques"
"2022","46.12B","PRD",120,3.7,"GCO2E_EUR","Autres intermédiaires du commerce en combustibles, métaux, minéraux et produits chimiques"
"2022","46.12B","GVA",89,3.7,"GCO2E_EUR","Autres intermédiaires du commerce en combustibles, métaux, minéraux et produits chimiques"
"2022","46.13Z","GVA",89,3.7,"GCO2E_EUR","Intermédiaires du commerce en bois et matériaux de construction"
"2022","46.13Z","IC",149,3.7,"GCO2E_EUR","Intermédiaires du commerce en bois et matériaux de construction"
"2022","46.13Z","PRD",120,3.7,"GCO2E_EUR","Intermédiaires du commerce en bois et matériaux de construction"
"2022","46.14Z","IC",149,3.7,"GCO2E_EUR","Intermédiaires du commerce en machines, équipements industriels, navires et avions"
"2022","46.14Z","PRD",120,3.7,"GCO2E_EUR","Intermédiaires du commerce en machines, équipements industriels, navires et avions"
"2022","46.14Z","GVA",89,3.7,"GCO2E_EUR","Intermédiaires du commerce en machines, équipements industriels, navires et avions"
"2022","46.15Z","GVA",89,3.7,"GCO2E_EUR","Intermédiaires du commerce en meubles, articles de ménage et quincaillerie"
"2022","46.15Z","IC",149,3.7,"GCO2E_EUR","Intermédiaires du commerce en meubles, articles de ménage et quincaillerie"
"2022","46.15Z","PRD",120,3.7,"GCO2E_EUR","Intermédiaires du commerce en meubles, articles de ménage et quincaillerie"
"2022","46.16Z","GVA",89,3.7,"GCO2E_EUR","Intermédiaires du commerce en textiles, habillement, fourrures, chaussures et articles en cuir"
"2022","46.16Z","IC",149,3.7,"GCO2E_EUR","Intermédiaires du commerce en textiles, habillement, fourrures, chaussures et articles en cuir"
"2022","46.16Z","PRD",120,3.7,"GCO2E_EUR","Intermédiaires du commerce en textiles, habillement, fourrures, chaussures et articles en cuir"
"2022","46.17A","IC",149,3.7,"GCO2E_EUR","Centrales d'achat alimentaires"
"2022","46.17A","GVA",89,3.7,"GCO2E_EUR","Centrales d'achat alimentaires"
"2022","46.17A","PRD",120,3.7,"GCO2E_EUR","Centrales d'achat alimentaires"
"2022","46.17B","GVA",89,3.7,"GCO2E_EUR","Autres intermédiaires du commerce en denrées, boissons et tabac"
"2022","46.17B","PRD",120,3.7,"GCO2E_EUR","Autres intermédiaires du commerce en denrées, boissons et tabac"
"2022","46.17B","IC",149,3.7,"GCO2E_EUR","Autres intermédiaires du commerce en denrées, boissons et tabac"
"2022","46.18Z","GVA",89,3.7,"GCO2E_EUR","Intermédiaires spécialisés dans le commerce d'autres produits spécifiques"
"2022","46.18Z","PRD",120,3.7,"GCO2E_EUR","Intermédiaires spécialisés dans le commerce d'autres produits spécifiques"
"2022","46.18Z","IC",149,3.7,"GCO2E_EUR","Intermédiaires spécialisés dans le commerce d'autres produits spécifiques"
"2022","46.19A","PRD",120,3.7,"GCO2E_EUR","Centrales d'achat non alimentaires"
"2022","46.19A","IC",149,3.7,"GCO2E_EUR","Centrales d'achat non alimentaires"
"2022","46.19A","GVA",89,3.7,"GCO2E_EUR","Centrales d'achat non alimentaires"
"2022","46.19B","IC",149,3.7,"GCO2E_EUR","Autres intermédiaires du commerce en produits divers"
"2022","46.19B","GVA",89,3.7,"GCO2E_EUR","Autres intermédiaires du commerce en produits divers"
"2022","46.19B","PRD",120,3.7,"GCO2E_EUR","Autres intermédiaires du commerce en produits divers"
"2022","46.21Z","IC",149,3.7,"GCO2E_EUR","Commerce de gros (commerce interentreprises) de céréales, de tabac non manufacturé, de semences et d'aliments …"
"2022","46.21Z","PRD",125,3.7,"GCO2E_EUR","Commerce de gros (commerce interentreprises) de céréales, de tabac non manufacturé, de semences et d'aliments …"
"2022","46.21Z","GVA",96,3.7,"GCO2E_EUR","Commerce de gros (commerce interentreprises) de céréales, de tabac non manufacturé, de semences et d'aliments …"
"2022","46.22Z","IC",149,3.7,"GCO2E_EUR","Commerce de gros (commerce interentreprises) de fleurs et plantes"
"2022","46.22Z","GVA",96,3.7,"GCO2E_EUR","Commerce de gros (commerce interentreprises) de fleurs et plantes"
"2022","46.22Z","PRD",125,3.7,"GCO2E_EUR","Commerce de gros (commerce interentreprises) de fleurs et plantes"
"2022","46.23Z","PRD",125,3.7,"GCO2E_EUR","Commerce de gros (commerce interentreprises) d'animaux vivants"
"2022","46.23Z","GVA",96,3.7,"GCO2E_EUR","Commerce de gros (commerce interentreprises) d'animaux vivants"
"2022","46.23Z","IC",149,3.7,"GCO2E_EUR","Commerce de gros (commerce interentreprises) d'animaux vivants"
"2022","46.24Z","GVA",96,3.7,"GCO2E_EUR","Commerce de gros (commerce interentreprises) de cuirs et peaux"
"2022","46.24Z","IC",149,3.7,"GCO2E_EUR","Commerce de gros (commerce interentreprises) de cuirs et peaux"
"2022","46.24Z","PRD",125,3.7,"GCO2E_EUR","Commerce de gros (commerce interentreprises) de cuirs et peaux"
"2022","46.31Z","GVA",94,3.7,"GCO2E_EUR","Commerce de gros (commerce interentreprises) de fruits et légumes"
"2022","46.31Z","PRD",122,3.7,"GCO2E_EUR","Commerce de gros (commerce interentreprises) de fruits et légumes"
"2022","46.31Z","IC",146,3.7,"GCO2E_EUR","Commerce de gros (commerce interentreprises) de fruits et légumes"
"2022","46.32A","PRD",122,3.7,"GCO2E_EUR","Commerce de gros (commerce interentreprises) de viandes de boucherie"
"2022","46.32A","GVA",94,3.7,"GCO2E_EUR","Commerce de gros (commerce interentreprises) de viandes de boucherie"
"2022","46.32A","IC",146,3.7,"GCO2E_EUR","Commerce de gros (commerce interentreprises) de viandes de boucherie"
"2022","46.32B","PRD",122,3.7,"GCO2E_EUR","Commerce de gros (commerce interentreprises) de produits à base de viande"
"2022","46.32B","IC",146,3.7,"GCO2E_EUR","Commerce de gros (commerce interentreprises) de produits à base de viande"
"2022","46.32B","GVA",94,3.7,"GCO2E_EUR","Commerce de gros (commerce interentreprises) de produits à base de viande"
"2022","46.32C","GVA",94,3.7,"GCO2E_EUR","Commerce de gros (commerce interentreprises) de volailles et gibier"
"2022","46.32C","PRD",122,3.7,"GCO2E_EUR","Commerce de gros (commerce interentreprises) de volailles et gibier"
"2022","46.32C","IC",146,3.7,"GCO2E_EUR","Commerce de gros (commerce interentreprises) de volailles et gibier"
"2022","46.33Z","GVA",94,3.7,"GCO2E_EUR","Commerce de gros (commerce interentreprises) de produits laitiers, œufs, huiles et matières grasses comestibles"
"2022","46.33Z","PRD",122,3.7,"GCO2E_EUR","Commerce de gros (commerce interentreprises) de produits laitiers, œufs, huiles et matières grasses comestibles"
"2022","46.33Z","IC",146,3.7,"GCO2E_EUR","Commerce de gros (commerce interentreprises) de produits laitiers, œufs, huiles et matières grasses comestibles"
"2022","46.34Z","IC",148,3.7,"GCO2E_EUR","Commerce de gros (commerce interentreprises) de boissons"
"2022","46.34Z","GVA",95,3.7,"GCO2E_EUR","Commerce de gros (commerce interentreprises) de boissons"
"2022","46.34Z","PRD",124,3.7,"GCO2E_EUR","Commerce de gros (commerce interentreprises) de boissons"
"2022","46.35Z","PRD",122,3.7,"GCO2E_EUR","Commerce de gros (commerce interentreprises) de produits à base de tabac"
"2022","46.35Z","GVA",94,3.7,"GCO2E_EUR","Commerce de gros (commerce interentreprises) de produits à base de tabac"
"2022","46.35Z","IC",146,3.7,"GCO2E_EUR","Commerce de gros (commerce interentreprises) de produits à base de tabac"
"2022","46.36Z","GVA",94,3.7,"GCO2E_EUR","Commerce de gros (commerce interentreprises) de sucre, chocolat et confiserie"
"2022","46.36Z","IC",146,3.7,"GCO2E_EUR","Commerce de gros (commerce interentreprises) de sucre, chocolat et confiserie"
"2022","46.36Z","PRD",122,3.7,"GCO2E_EUR","Commerce de gros (commerce interentreprises) de sucre, chocolat et confiserie"
"2022","46.37Z","GVA",94,3.7,"GCO2E_EUR","Commerce de gros (commerce interentreprises) de café, thé, cacao et épices"
"2022","46.37Z","IC",146,3.7,"GCO2E_EUR","Commerce de gros (commerce interentreprises) de café, thé, cacao et épices"
"2022","46.37Z","PRD",122,3.7,"GCO2E_EUR","Commerce de gros (commerce interentreprises) de café, thé, cacao et épices"
"2022","46.38A","PRD",122,3.7,"GCO2E_EUR","Commerce de gros (commerce interentreprises) de poissons, crustacés et mollusques"
"2022","46.38A","GVA",94,3.7,"GCO2E_EUR","Commerce de gros (commerce interentreprises) de poissons, crustacés et mollusques"
"2022","46.38A","IC",146,3.7,"GCO2E_EUR","Commerce de gros (commerce interentreprises) de poissons, crustacés et mollusques"
"2022","46.38B","PRD",122,3.7,"GCO2E_EUR","Commerce de gros (commerce interentreprises) alimentaire spécialisé divers"
"2022","46.38B","GVA",94,3.7,"GCO2E_EUR","Commerce de gros (commerce interentreprises) alimentaire spécialisé divers"
"2022","46.38B","IC",146,3.7,"GCO2E_EUR","Commerce de gros (commerce interentreprises) alimentaire spécialisé divers"
"2022","46.39A","GVA",94,3.7,"GCO2E_EUR","Commerce de gros (commerce interentreprises) de produits surgelés"
"2022","46.39A","IC",146,3.7,"GCO2E_EUR","Commerce de gros (commerce interentreprises) de produits surgelés"
"2022","46.39A","PRD",122,3.7,"GCO2E_EUR","Commerce de gros (commerce interentreprises) de produits surgelés"
"2022","46.39B","IC",146,3.7,"GCO2E_EUR","Commerce de gros (commerce interentreprises) alimentaire non spécialisé"
"2022","46.39B","PRD",122,3.7,"GCO2E_EUR","Commerce de gros (commerce interentreprises) alimentaire non spécialisé"
"2022","46.39B","GVA",94,3.7,"GCO2E_EUR","Commerce de gros (commerce interentreprises) alimentaire non spécialisé"
"2022","46.41Z","GVA",96,3.7,"GCO2E_EUR","Commerce de gros (commerce interentreprises) de textiles"
"2022","46.41Z","IC",149,3.7,"GCO2E_EUR","Commerce de gros (commerce interentreprises) de textiles"
"2022","46.41Z","PRD",125,3.7,"GCO2E_EUR","Commerce de gros (commerce interentreprises) de textiles"
"2022","46.42Z","GVA",96,3.7,"GCO2E_EUR","Commerce de gros (commerce interentreprises) d'habillement et de chaussures"
"2022","46.42Z","IC",149,3.7,"GCO2E_EUR","Commerce de gros (commerce interentreprises) d'habillement et de chaussures"
"2022","46.42Z","PRD",125,3.7,"GCO2E_EUR","Commerce de gros (commerce interentreprises) d'habillement et de chaussures"
"2022","46.43Z","IC",146,3.7,"GCO2E_EUR","Commerce de gros (commerce interentreprises) d'appareils électroménagers"
"2022","46.43Z","GVA",92,3.7,"GCO2E_EUR","Commerce de gros (commerce interentreprises) d'appareils électroménagers"
"2022","46.43Z","PRD",122,3.7,"GCO2E_EUR","Commerce de gros (commerce interentreprises) d'appareils électroménagers"
"2022","46.44Z","GVA",94,3.7,"GCO2E_EUR","Commerce de gros (commerce interentreprises) de vaisselle, verrerie et produits d'entretien"
"2022","46.44Z","PRD",123,3.7,"GCO2E_EUR","Commerce de gros (commerce interentreprises) de vaisselle, verrerie et produits d'entretien"
"2022","46.44Z","IC",147,3.7,"GCO2E_EUR","Commerce de gros (commerce interentreprises) de vaisselle, verrerie et produits d'entretien"
"2022","46.45Z","IC",149,3.7,"GCO2E_EUR","Commerce de gros (commerce interentreprises) de parfumerie et de produits de beauté"
"2022","46.45Z","PRD",125,3.7,"GCO2E_EUR","Commerce de gros (commerce interentreprises) de parfumerie et de produits de beauté"
"2022","46.45Z","GVA",96,3.7,"GCO2E_EUR","Commerce de gros (commerce interentreprises) de parfumerie et de produits de beauté"
"2022","46.46Z","GVA",83,2,"GCO2E_EUR","Commerce de gros (commerce interentreprises) de produits pharmaceutiques"
"2022","46.46Z","IC",117,2,"GCO2E_EUR","Commerce de gros (commerce interentreprises) de produits pharmaceutiques"
"2022","46.46Z","PRD",101,2,"GCO2E_EUR","Commerce de gros (commerce interentreprises) de produits pharmaceutiques"
"2022","46.47Z","GVA",93,3.7,"GCO2E_EUR","Commerce de gros (commerce interentreprises) de meubles, de tapis et d'appareils d'éclairage"
"2022","46.47Z","PRD",122,3.7,"GCO2E_EUR","Commerce de gros (commerce interentreprises) de meubles, de tapis et d'appareils d'éclairage"
"2022","46.47Z","IC",146,3.7,"GCO2E_EUR","Commerce de gros (commerce interentreprises) de meubles, de tapis et d'appareils d'éclairage"
"2022","46.48Z","PRD",125,3.7,"GCO2E_EUR","Commerce de gros (commerce interentreprises) d'articles d'horlogerie et de bijouterie"
"2022","46.48Z","GVA",96,3.7,"GCO2E_EUR","Commerce de gros (commerce interentreprises) d'articles d'horlogerie et de bijouterie"
"2022","46.48Z","IC",149,3.7,"GCO2E_EUR","Commerce de gros (commerce interentreprises) d'articles d'horlogerie et de bijouterie"
"2022","46.49Z","PRD",125,3.7,"GCO2E_EUR","Commerce de gros (commerce interentreprises) d'autres biens domestiques"
"2022","46.49Z","GVA",96,3.7,"GCO2E_EUR","Commerce de gros (commerce interentreprises) d'autres biens domestiques"
"2022","46.49Z","IC",149,3.7,"GCO2E_EUR","Commerce de gros (commerce interentreprises) d'autres biens domestiques"
"2022","46.51Z","GVA",88,3.7,"GCO2E_EUR","Commerce de gros (commerce interentreprises) d'ordinateurs, d'équipements informatiques périphériques et de lo…"
"2022","46.51Z","IC",144,3.7,"GCO2E_EUR","Commerce de gros (commerce interentreprises) d'ordinateurs, d'équipements informatiques périphériques et de lo…"
"2022","46.51Z","PRD",118,3.7,"GCO2E_EUR","Commerce de gros (commerce interentreprises) d'ordinateurs, d'équipements informatiques périphériques et de lo…"
"2022","46.52Z","GVA",92,3.7,"GCO2E_EUR","Commerce de gros (commerce interentreprises) de composants et d'équipements électroniques et de télécommunicat…"
"2022","46.52Z","IC",146,3.7,"GCO2E_EUR","Commerce de gros (commerce interentreprises) de composants et d'équipements électroniques et de télécommunicat…"
"2022","46.52Z","PRD",122,3.7,"GCO2E_EUR","Commerce de gros (commerce interentreprises) de composants et d'équipements électroniques et de télécommunicat…"
"2022","46.61Z","IC",147,3.7,"GCO2E_EUR","Commerce de gros (commerce interentreprises) de matériel agricole"
"2022","46.61Z","GVA",105,3.7,"GCO2E_EUR","Commerce de gros (commerce interentreprises) de matériel agricole"
"2022","46.61Z","PRD",129,3.7,"GCO2E_EUR","Commerce de gros (commerce interentreprises) de matériel agricole"
"2022","46.62Z","GVA",105,3.7,"GCO2E_EUR","Commerce de gros (commerce interentreprises) de machines-outils"
"2022","46.62Z","IC",147,3.7,"GCO2E_EUR","Commerce de gros (commerce interentreprises) de machines-outils"
"2022","46.62Z","PRD",129,3.7,"GCO2E_EUR","Commerce de gros (commerce interentreprises) de machines-outils"
"2022","46.63Z","PRD",129,3.7,"GCO2E_EUR","Commerce de gros (commerce interentreprises) de machines pour l'extraction, la construction et le génie civil"
"2022","46.63Z","IC",147,3.7,"GCO2E_EUR","Commerce de gros (commerce interentreprises) de machines pour l'extraction, la construction et le génie civil"
"2022","46.63Z","GVA",105,3.7,"GCO2E_EUR","Commerce de gros (commerce interentreprises) de machines pour l'extraction, la construction et le génie civil"
"2022","46.64Z","PRD",129,3.7,"GCO2E_EUR","Commerce de gros (commerce interentreprises) de machines pour l'industrie textile et l'habillement"
"2022","46.64Z","GVA",105,3.7,"GCO2E_EUR","Commerce de gros (commerce interentreprises) de machines pour l'industrie textile et l'habillement"
"2022","46.64Z","IC",147,3.7,"GCO2E_EUR","Commerce de gros (commerce interentreprises) de machines pour l'industrie textile et l'habillement"
"2022","46.65Z","GVA",94,3.7,"GCO2E_EUR","Commerce de gros (commerce interentreprises) de mobilier de bureau"
"2022","46.65Z","PRD",123,3.7,"GCO2E_EUR","Commerce de gros (commerce interentreprises) de mobilier de bureau"
"2022","46.65Z","IC",147,3.7,"GCO2E_EUR","Commerce de gros (commerce interentreprises) de mobilier de bureau"
"2022","46.66Z","GVA",88,3.7,"GCO2E_EUR","Commerce de gros (commerce interentreprises) d'autres machines et équipements de bureau"
"2022","46.66Z","IC",144,3.7,"GCO2E_EUR","Commerce de gros (commerce interentreprises) d'autres machines et équipements de bureau"
"2022","46.66Z","PRD",118,3.7,"GCO2E_EUR","Commerce de gros (commerce interentreprises) d'autres machines et équipements de bureau"
"2022","46.69A","PRD",122,3.7,"GCO2E_EUR","Commerce de gros (commerce interentreprises) de matériel électrique"
"2022","46.69A","GVA",92,3.7,"GCO2E_EUR","Commerce de gros (commerce interentreprises) de matériel électrique"
"2022","46.69A","IC",146,3.7,"GCO2E_EUR","Commerce de gros (commerce interentreprises) de matériel électrique"
"2022","46.69B","IC",147,3.7,"GCO2E_EUR","Commerce de gros (commerce interentreprises) de fournitures et équipements industriels divers"
"2022","46.69B","GVA",105,3.7,"GCO2E_EUR","Commerce de gros (commerce interentreprises) de fournitures et équipements industriels divers"
"2022","46.69B","PRD",129,3.7,"GCO2E_EUR","Commerce de gros (commerce interentreprises) de fournitures et équipements industriels divers"
"2022","46.69C","PRD",129,3.7,"GCO2E_EUR","Commerce de gros (commerce interentreprises) de fournitures et équipements divers pour le commerce et les serv…"
"2022","46.69C","GVA",105,3.7,"GCO2E_EUR","Commerce de gros (commerce interentreprises) de fournitures et équipements divers pour le commerce et les serv…"
"2022","46.69C","IC",147,3.7,"GCO2E_EUR","Commerce de gros (commerce interentreprises) de fournitures et équipements divers pour le commerce et les serv…"
"2022","46.71Z","IC",127,2.9,"GCO2E_EUR","Commerce de gros (commerce interentreprises) de combustibles et de produits annexes"
"2022","46.71Z","PRD",121,2.9,"GCO2E_EUR","Commerce de gros (commerce interentreprises) de combustibles et de produits annexes"
"2022","46.71Z","GVA",104,2.9,"GCO2E_EUR","Commerce de gros (commerce interentreprises) de combustibles et de produits annexes"
"2022","46.72Z","GVA",94,3.7,"GCO2E_EUR","Commerce de gros (commerce interentreprises) de minerais et métaux"
"2022","46.72Z","PRD",123,3.7,"GCO2E_EUR","Commerce de gros (commerce interentreprises) de minerais et métaux"
"2022","46.72Z","IC",147,3.7,"GCO2E_EUR","Commerce de gros (commerce interentreprises) de minerais et métaux"
"2022","46.73A","PRD",123,3.7,"GCO2E_EUR","Commerce de gros (commerce interentreprises) de bois et de matériaux de construction"
"2022","46.73A","IC",147,3.7,"GCO2E_EUR","Commerce de gros (commerce interentreprises) de bois et de matériaux de construction"
"2022","46.73A","GVA",94,3.7,"GCO2E_EUR","Commerce de gros (commerce interentreprises) de bois et de matériaux de construction"
"2022","46.73B","IC",147,3.7,"GCO2E_EUR","Commerce de gros (commerce interentreprises) d'appareils sanitaires et de produits de décoration"
"2022","46.73B","PRD",123,3.7,"GCO2E_EUR","Commerce de gros (commerce interentreprises) d'appareils sanitaires et de produits de décoration"
"2022","46.73B","GVA",94,3.7,"GCO2E_EUR","Commerce de gros (commerce interentreprises) d'appareils sanitaires et de produits de décoration"
"2022","46.74A","IC",147,3.7,"GCO2E_EUR","Commerce de gros (commerce interentreprises) de quincaillerie"
"2022","46.74A","GVA",94,3.7,"GCO2E_EUR","Commerce de gros (commerce interentreprises) de quincaillerie"
"2022","46.74A","PRD",123,3.7,"GCO2E_EUR","Commerce de gros (commerce interentreprises) de quincaillerie"
"2022","46.74B","GVA",94,3.7,"GCO2E_EUR","Commerce de gros (commerce interentreprises) de fournitures pour la plomberie et le chauffage"
"2022","46.74B","IC",147,3.7,"GCO2E_EUR","Commerce de gros (commerce interentreprises) de fournitures pour la plomberie et le chauffage"
"2022","46.74B","PRD",123,3.7,"GCO2E_EUR","Commerce de gros (commerce interentreprises) de fournitures pour la plomberie et le chauffage"
"2022","46.75Z","IC",149,3.7,"GCO2E_EUR","Commerce de gros (commerce interentreprises) de produits chimiques"
"2022","46.75Z","PRD",125,3.7,"GCO2E_EUR","Commerce de gros (commerce interentreprises) de produits chimiques"
"2022","46.75Z","GVA",96,3.7,"GCO2E_EUR","Commerce de gros (commerce interentreprises) de produits chimiques"
"2022","46.76Z","GVA",96,3.7,"GCO2E_EUR","Commerce de gros (commerce interentreprises) d'autres produits intermédiaires"
"2022","46.76Z","IC",149,3.7,"GCO2E_EUR","Commerce de gros (commerce interentreprises) d'autres produits intermédiaires"
"2022","46.76Z","PRD",125,3.7,"GCO2E_EUR","Commerce de gros (commerce interentreprises) d'autres produits intermédiaires"
"2022","46.77Z","GVA",94,3.7,"GCO2E_EUR","Commerce de gros (commerce interentreprises) de déchets et débris"
"2022","46.77Z","IC",147,3.7,"GCO2E_EUR","Commerce de gros (commerce interentreprises) de déchets et débris"
"2022","46.77Z","PRD",123,3.7,"GCO2E_EUR","Commerce de gros (commerce interentreprises) de déchets et débris"
"2022","46.90Z","GVA",95,3.7,"GCO2E_EUR","Commerce de gros (commerce interentreprises) non spécialisé"
"2022","46.90Z","PRD",124,3.7,"GCO2E_EUR","Commerce de gros (commerce interentreprises) non spécialisé"
"2022","46.90Z","IC",148,3.7,"GCO2E_EUR","Commerce de gros (commerce interentreprises) non spécialisé"
"2022","47.11A","IC",122,2.9,"GCO2E_EUR","Commerce de détail de produits surgelés"
"2022","47.11A","GVA",90,2.9,"GCO2E_EUR","Commerce de détail de produits surgelés"
"2022","47.11A","PRD",102,2.9,"GCO2E_EUR","Commerce de détail de produits surgelés"
"2022","47.11B","GVA",90,2.9,"GCO2E_EUR","Commerce d'alimentation générale"
"2022","47.11B","IC",122,2.9,"GCO2E_EUR","Commerce d'alimentation générale"
"2022","47.11B","PRD",102,2.9,"GCO2E_EUR","Commerce d'alimentation générale"
"2022","47.11C","IC",122,2.9,"GCO2E_EUR","Supérettes"
"2022","47.11C","GVA",90,2.9,"GCO2E_EUR","Supérettes"
"2022","47.11C","PRD",102,2.9,"GCO2E_EUR","Supérettes"
"2022","47.11D","PRD",102,2.9,"GCO2E_EUR","Supermarchés"
"2022","47.11D","IC",122,2.9,"GCO2E_EUR","Supermarchés"
"2022","47.11D","GVA",90,2.9,"GCO2E_EUR","Supermarchés"
"2022","47.11E","GVA",92,2.9,"GCO2E_EUR","Magasins multi-commerces"
"2022","47.11E","IC",117,2.9,"GCO2E_EUR","Magasins multi-commerces"
"2022","47.11E","PRD",102,2.9,"GCO2E_EUR","Magasins multi-commerces"
"2022","47.11F","IC",117,2.9,"GCO2E_EUR","Hypermarchés"
"2022","47.11F","GVA",92,2.9,"GCO2E_EUR","Hypermarchés"
"2022","47.11F","PRD",102,2.9,"GCO2E_EUR","Hypermarchés"
"2022","47.19A","GVA",92,2.9,"GCO2E_EUR","Grands magasins"
"2022","47.19A","PRD",102,2.9,"GCO2E_EUR","Grands magasins"
"2022","47.19A","IC",117,2.9,"GCO2E_EUR","Grands magasins"
"2022","47.19B","GVA",93,3.7,"GCO2E_EUR","Autres commerces de détail en magasin non spécialisé"
"2022","47.19B","PRD",106,3.7,"GCO2E_EUR","Autres commerces de détail en magasin non spécialisé"
"2022","47.19B","IC",125,3.7,"GCO2E_EUR","Autres commerces de détail en magasin non spécialisé"
"2022","47.21Z","GVA",92,3.7,"GCO2E_EUR","Commerce de détail de fruits et légumes en magasin spécialisé"
"2022","47.21Z","PRD",106,3.7,"GCO2E_EUR","Commerce de détail de fruits et légumes en magasin spécialisé"
"2022","47.21Z","IC",128,3.7,"GCO2E_EUR","Commerce de détail de fruits et légumes en magasin spécialisé"
"2022","47.22Z","GVA",92,3.7,"GCO2E_EUR","Commerce de détail de viandes et de produits à base de viande en magasin spécialisé"
"2022","47.22Z","IC",128,3.7,"GCO2E_EUR","Commerce de détail de viandes et de produits à base de viande en magasin spécialisé"
"2022","47.22Z","PRD",106,3.7,"GCO2E_EUR","Commerce de détail de viandes et de produits à base de viande en magasin spécialisé"
"2022","47.23Z","IC",128,3.7,"GCO2E_EUR","Commerce de détail de poissons, crustacés et mollusques en magasin spécialisé"
"2022","47.23Z","GVA",92,3.7,"GCO2E_EUR","Commerce de détail de poissons, crustacés et mollusques en magasin spécialisé"
"2022","47.23Z","PRD",106,3.7,"GCO2E_EUR","Commerce de détail de poissons, crustacés et mollusques en magasin spécialisé"
"2022","47.24Z","PRD",106,3.7,"GCO2E_EUR","Commerce de détail de pain, pâtisserie et confiserie en magasin spécialisé"
"2022","47.24Z","GVA",92,3.7,"GCO2E_EUR","Commerce de détail de pain, pâtisserie et confiserie en magasin spécialisé"
"2022","47.24Z","IC",128,3.7,"GCO2E_EUR","Commerce de détail de pain, pâtisserie et confiserie en magasin spécialisé"
"2022","47.25Z","IC",128,3.7,"GCO2E_EUR","Commerce de détail de boissons en magasin spécialisé"
"2022","47.25Z","PRD",106,3.7,"GCO2E_EUR","Commerce de détail de boissons en magasin spécialisé"
"2022","47.25Z","GVA",92,3.7,"GCO2E_EUR","Commerce de détail de boissons en magasin spécialisé"
"2022","47.26Z","GVA",92,3.7,"GCO2E_EUR","Commerce de détail de produits à base de tabac en magasin spécialisé"
"2022","47.26Z","IC",128,3.7,"GCO2E_EUR","Commerce de détail de produits à base de tabac en magasin spécialisé"
"2022","47.26Z","PRD",106,3.7,"GCO2E_EUR","Commerce de détail de produits à base de tabac en magasin spécialisé"
"2022","47.29Z","GVA",92,3.7,"GCO2E_EUR","Autres commerces de détail alimentaires en magasin spécialisé"
"2022","47.29Z","IC",128,3.7,"GCO2E_EUR","Autres commerces de détail alimentaires en magasin spécialisé"
"2022","47.29Z","PRD",106,3.7,"GCO2E_EUR","Autres commerces de détail alimentaires en magasin spécialisé"
"2022","47.30Z","PRD",106,2,"GCO2E_EUR","Commerce de détail de carburants en magasin spécialisé"
"2022","47.30Z","GVA",95,2,"GCO2E_EUR","Commerce de détail de carburants en magasin spécialisé"
"2022","47.30Z","IC",122,2,"GCO2E_EUR","Commerce de détail de carburants en magasin spécialisé"
"2022","47.41Z","PRD",102,3.7,"GCO2E_EUR","Commerce de détail d'ordinateurs, d'unités périphériques et de logiciels en magasin spécialisé"
"2022","47.41Z","GVA",87,3.7,"GCO2E_EUR","Commerce de détail d'ordinateurs, d'unités périphériques et de logiciels en magasin spécialisé"
"2022","47.41Z","IC",123,3.7,"GCO2E_EUR","Commerce de détail d'ordinateurs, d'unités périphériques et de logiciels en magasin spécialisé"
"2022","47.42Z","IC",123,3.7,"GCO2E_EUR","Commerce de détail de matériels de télécommunication en magasin spécialisé"
"2022","47.42Z","PRD",102,3.7,"GCO2E_EUR","Commerce de détail de matériels de télécommunication en magasin spécialisé"
"2022","47.42Z","GVA",87,3.7,"GCO2E_EUR","Commerce de détail de matériels de télécommunication en magasin spécialisé"
"2022","47.43Z","PRD",102,3.7,"GCO2E_EUR","Commerce de détail de matériels audio et vidéo en magasin spécialisé"
"2022","47.43Z","GVA",87,3.7,"GCO2E_EUR","Commerce de détail de matériels audio et vidéo en magasin spécialisé"
"2022","47.43Z","IC",123,3.7,"GCO2E_EUR","Commerce de détail de matériels audio et vidéo en magasin spécialisé"
"2022","47.51Z","PRD",113,4,"GCO2E_EUR","Commerce de détail de textiles en magasin spécialisé"
"2022","47.51Z","IC",137,4,"GCO2E_EUR","Commerce de détail de textiles en magasin spécialisé"
"2022","47.51Z","GVA",95,4,"GCO2E_EUR","Commerce de détail de textiles en magasin spécialisé"
"2022","47.52A","IC",119,3.7,"GCO2E_EUR","Commerce de détail de quincaillerie, peintures et verres en petites surfaces (moins de 400 m²)"
"2022","47.52A","PRD",136,3.7,"GCO2E_EUR","Commerce de détail de quincaillerie, peintures et verres en petites surfaces (moins de 400 m²)"
"2022","47.52A","GVA",136,3.7,"GCO2E_EUR","Commerce de détail de quincaillerie, peintures et verres en petites surfaces (moins de 400 m²)"
"2022","47.52B","PRD",136,3.7,"GCO2E_EUR","Commerce de détail de quincaillerie, peintures et verres en grandes surfaces (400 m² et plus)"
"2022","47.52B","GVA",136,3.7,"GCO2E_EUR","Commerce de détail de quincaillerie, peintures et verres en grandes surfaces (400 m² et plus)"
"2022","47.52B","IC",119,3.7,"GCO2E_EUR","Commerce de détail de quincaillerie, peintures et verres en grandes surfaces (400 m² et plus)"
"2022","47.53Z","IC",123,3.7,"GCO2E_EUR","Commerce de détail de tapis, moquettes et revêtements de murs et de sols en magasin spécialisé"
"2022","47.53Z","GVA",87,3.7,"GCO2E_EUR","Commerce de détail de tapis, moquettes et revêtements de murs et de sols en magasin spécialisé"
"2022","47.53Z","PRD",102,3.7,"GCO2E_EUR","Commerce de détail de tapis, moquettes et revêtements de murs et de sols en magasin spécialisé"
"2022","47.54Z","PRD",102,3.7,"GCO2E_EUR","Commerce de détail d'appareils électroménagers en magasin spécialisé"
"2022","47.54Z","GVA",87,3.7,"GCO2E_EUR","Commerce de détail d'appareils électroménagers en magasin spécialisé"
"2022","47.54Z","IC",123,3.7,"GCO2E_EUR","Commerce de détail d'appareils électroménagers en magasin spécialisé"
"2022","47.59A","PRD",102,3.7,"GCO2E_EUR","Commerce de détail de meubles"
"2022","47.59A","GVA",87,3.7,"GCO2E_EUR","Commerce de détail de meubles"
"2022","47.59A","IC",123,3.7,"GCO2E_EUR","Commerce de détail de meubles"
"2022","47.59B","GVA",87,3.7,"GCO2E_EUR","Commerce de détail d'autres équipements du foyer"
"2022","47.59B","IC",123,3.7,"GCO2E_EUR","Commerce de détail d'autres équipements du foyer"
"2022","47.59B","PRD",102,3.7,"GCO2E_EUR","Commerce de détail d'autres équipements du foyer"
"2022","47.61Z","PRD",113,4,"GCO2E_EUR","Commerce de détail de livres en magasin spécialisé"
"2022","47.61Z","IC",137,4,"GCO2E_EUR","Commerce de détail de livres en magasin spécialisé"
"2022","47.61Z","GVA",95,4,"GCO2E_EUR","Commerce de détail de livres en magasin spécialisé"
"2022","47.62Z","GVA",95,4,"GCO2E_EUR","Commerce de détail de journaux et papeterie en magasin spécialisé"
"2022","47.62Z","PRD",113,4,"GCO2E_EUR","Commerce de détail de journaux et papeterie en magasin spécialisé"
"2022","47.62Z","IC",137,4,"GCO2E_EUR","Commerce de détail de journaux et papeterie en magasin spécialisé"
"2022","47.63Z","PRD",113,4,"GCO2E_EUR","Commerce de détail d'enregistrements musicaux et vidéo en magasin spécialisé"
"2022","47.63Z","GVA",95,4,"GCO2E_EUR","Commerce de détail d'enregistrements musicaux et vidéo en magasin spécialisé"
"2022","47.63Z","IC",137,4,"GCO2E_EUR","Commerce de détail d'enregistrements musicaux et vidéo en magasin spécialisé"
"2022","47.64Z","GVA",95,4,"GCO2E_EUR","Commerce de détail d'articles de sport en magasin spécialisé"
"2022","47.64Z","PRD",113,4,"GCO2E_EUR","Commerce de détail d'articles de sport en magasin spécialisé"
"2022","47.64Z","IC",137,4,"GCO2E_EUR","Commerce de détail d'articles de sport en magasin spécialisé"
"2022","47.65Z","IC",137,4,"GCO2E_EUR","Commerce de détail de jeux et jouets en magasin spécialisé"
"2022","47.65Z","GVA",95,4,"GCO2E_EUR","Commerce de détail de jeux et jouets en magasin spécialisé"
"2022","47.65Z","PRD",113,4,"GCO2E_EUR","Commerce de détail de jeux et jouets en magasin spécialisé"
"2022","47.71Z","PRD",91,2.9,"GCO2E_EUR","Commerce de détail d'habillement en magasin spécialisé"
"2022","47.71Z","IC",107,2.9,"GCO2E_EUR","Commerce de détail d'habillement en magasin spécialisé"
"2022","47.71Z","GVA",78,2.9,"GCO2E_EUR","Commerce de détail d'habillement en magasin spécialisé"
"2022","47.72A","IC",107,2.9,"GCO2E_EUR","Commerce de détail de la chaussure"
"2022","47.72A","GVA",78,2.9,"GCO2E_EUR","Commerce de détail de la chaussure"
"2022","47.72A","PRD",91,2.9,"GCO2E_EUR","Commerce de détail de la chaussure"
"2022","47.72B","GVA",78,2.9,"GCO2E_EUR","Commerce de détail de maroquinerie et d'articles de voyage"
"2022","47.72B","IC",107,2.9,"GCO2E_EUR","Commerce de détail de maroquinerie et d'articles de voyage"
"2022","47.72B","PRD",91,2.9,"GCO2E_EUR","Commerce de détail de maroquinerie et d'articles de voyage"
"2022","47.73Z","PRD",92,2.9,"GCO2E_EUR","Commerce de détail de produits pharmaceutiques en magasin spécialisé"
"2022","47.73Z","GVA",79,2.9,"GCO2E_EUR","Commerce de détail de produits pharmaceutiques en magasin spécialisé"
"2022","47.73Z","IC",113,2.9,"GCO2E_EUR","Commerce de détail de produits pharmaceutiques en magasin spécialisé"
"2022","47.74Z","IC",113,2.9,"GCO2E_EUR","Commerce de détail d'articles médicaux et orthopédiques en magasin spécialisé"
"2022","47.74Z","GVA",79,2.9,"GCO2E_EUR","Commerce de détail d'articles médicaux et orthopédiques en magasin spécialisé"
"2022","47.74Z","PRD",92,2.9,"GCO2E_EUR","Commerce de détail d'articles médicaux et orthopédiques en magasin spécialisé"
"2022","47.75Z","IC",113,2.9,"GCO2E_EUR","Commerce de détail de parfumerie et de produits de beauté en magasin spécialisé"
"2022","47.75Z","GVA",79,2.9,"GCO2E_EUR","Commerce de détail de parfumerie et de produits de beauté en magasin spécialisé"
"2022","47.75Z","PRD",92,2.9,"GCO2E_EUR","Commerce de détail de parfumerie et de produits de beauté en magasin spécialisé"
"2022","47.76Z","IC",121,3.7,"GCO2E_EUR","Commerce de détail de fleurs, plantes, graines, engrais, animaux de compagnie et aliments pour ces animaux en …"
"2022","47.76Z","GVA",112,3.7,"GCO2E_EUR","Commerce de détail de fleurs, plantes, graines, engrais, animaux de compagnie et aliments pour ces animaux en …"
"2022","47.76Z","PRD",119,3.7,"GCO2E_EUR","Commerce de détail de fleurs, plantes, graines, engrais, animaux de compagnie et aliments pour ces animaux en …"
"2022","47.77Z","PRD",99,3.7,"GCO2E_EUR","Commerce de détail d'articles d'horlogerie et de bijouterie en magasin spécialisé"
"2022","47.77Z","IC",119,3.7,"GCO2E_EUR","Commerce de détail d'articles d'horlogerie et de bijouterie en magasin spécialisé"
"2022","47.77Z","GVA",85,3.7,"GCO2E_EUR","Commerce de détail d'articles d'horlogerie et de bijouterie en magasin spécialisé"
"2022","47.78A","IC",113,2.9,"GCO2E_EUR","Commerces de détail d'optique"
"2022","47.78A","GVA",79,2.9,"GCO2E_EUR","Commerces de détail d'optique"
"2022","47.78A","PRD",92,2.9,"GCO2E_EUR","Commerces de détail d'optique"
"2022","47.78B","PRD",113,4,"GCO2E_EUR","Commerces de détail de charbons et combustibles"
"2022","47.78B","IC",137,4,"GCO2E_EUR","Commerces de détail de charbons et combustibles"
"2022","47.78B","GVA",95,4,"GCO2E_EUR","Commerces de détail de charbons et combustibles"
"2022","47.78C","IC",123,3.7,"GCO2E_EUR","Autres commerces de détail spécialisés divers"
"2022","47.78C","PRD",102,3.7,"GCO2E_EUR","Autres commerces de détail spécialisés divers"
"2022","47.78C","GVA",87,3.7,"GCO2E_EUR","Autres commerces de détail spécialisés divers"
"2022","47.79Z","GVA",87,3.7,"GCO2E_EUR","Commerce de détail de biens d'occasion en magasin"
"2022","47.79Z","IC",123,3.7,"GCO2E_EUR","Commerce de détail de biens d'occasion en magasin"
"2022","47.79Z","PRD",102,3.7,"GCO2E_EUR","Commerce de détail de biens d'occasion en magasin"
"2022","47.81Z","GVA",83,3.7,"GCO2E_EUR","Commerce de détail alimentaire sur éventaires et marchés"
"2022","47.81Z","PRD",98,3.7,"GCO2E_EUR","Commerce de détail alimentaire sur éventaires et marchés"
"2022","47.81Z","IC",121,3.7,"GCO2E_EUR","Commerce de détail alimentaire sur éventaires et marchés"
"2022","47.82Z","PRD",98,3.7,"GCO2E_EUR","Commerce de détail de textiles, d'habillement et de chaussures sur éventaires et marchés"
"2022","47.82Z","IC",121,3.7,"GCO2E_EUR","Commerce de détail de textiles, d'habillement et de chaussures sur éventaires et marchés"
"2022","47.82Z","GVA",83,3.7,"GCO2E_EUR","Commerce de détail de textiles, d'habillement et de chaussures sur éventaires et marchés"
"2022","47.89Z","GVA",83,3.7,"GCO2E_EUR","Autres commerces de détail sur éventaires et marchés"
"2022","47.89Z","IC",121,3.7,"GCO2E_EUR","Autres commerces de détail sur éventaires et marchés"
"2022","47.89Z","PRD",98,3.7,"GCO2E_EUR","Autres commerces de détail sur éventaires et marchés"
"2022","47.91A","PRD",98,3.7,"GCO2E_EUR","Vente à distance sur catalogue général"
"2022","47.91A","GVA",83,3.7,"GCO2E_EUR","Vente à distance sur catalogue général"
"2022","47.91A","IC",121,3.7,"GCO2E_EUR","Vente à distance sur catalogue général"
"2022","47.91B","PRD",98,3.7,"GCO2E_EUR","Vente à distance sur catalogue spécialisé"
"2022","47.91B","GVA",83,3.7,"GCO2E_EUR","Vente à distance sur catalogue spécialisé"
"2022","47.91B","IC",121,3.7,"GCO2E_EUR","Vente à distance sur catalogue spécialisé"
"2022","47.99A","PRD",98,3.7,"GCO2E_EUR","Vente à domicile"
"2022","47.99A","GVA",83,3.7,"GCO2E_EUR","Vente à domicile"
"2022","47.99A","IC",121,3.7,"GCO2E_EUR","Vente à domicile"
"2022","47.99B","GVA",83,3.7,"GCO2E_EUR","Vente par automates et autres commerces de détail hors magasin, éventaires ou marchés n.c.a."
"2022","47.99B","IC",121,3.7,"GCO2E_EUR","Vente par automates et autres commerces de détail hors magasin, éventaires ou marchés n.c.a."
"2022","47.99B","PRD",98,3.7,"GCO2E_EUR","Vente par automates et autres commerces de détail hors magasin, éventaires ou marchés n.c.a."
"2022","49.10Z","GVA",379,2.1,"GCO2E_EUR","Transport ferroviaire interurbain de voyageurs"
"2022","49.10Z","IC",181,2.1,"GCO2E_EUR","Transport ferroviaire interurbain de voyageurs"
"2022","49.10Z","PRD",267,2.1,"GCO2E_EUR","Transport ferroviaire interurbain de voyageurs"
"2022","49.20Z","IC",193,2.1,"GCO2E_EUR","Transports ferroviaires de fret"
"2022","49.20Z","PRD",284,2.1,"GCO2E_EUR","Transports ferroviaires de fret"
"2022","49.20Z","GVA",390,2.1,"GCO2E_EUR","Transports ferroviaires de fret"
"2022","49.31Z","GVA",270,2.2,"GCO2E_EUR","Transports urbains et suburbains de voyageurs"
"2022","49.31Z","IC",160,2.2,"GCO2E_EUR","Transports urbains et suburbains de voyageurs"
"2022","49.31Z","PRD",225,2.2,"GCO2E_EUR","Transports urbains et suburbains de voyageurs"
"2022","49.32Z","GVA",270,2.2,"GCO2E_EUR","Transports de voyageurs par taxis"
"2022","49.32Z","PRD",225,2.2,"GCO2E_EUR","Transports de voyageurs par taxis"
"2022","49.32Z","IC",160,2.2,"GCO2E_EUR","Transports de voyageurs par taxis"
"2022","49.39A","GVA",270,2.2,"GCO2E_EUR","Transports routiers réguliers de voyageurs"
"2022","49.39A","IC",160,2.2,"GCO2E_EUR","Transports routiers réguliers de voyageurs"
"2022","49.39A","PRD",225,2.2,"GCO2E_EUR","Transports routiers réguliers de voyageurs"
"2022","49.39B","IC",160,2.2,"GCO2E_EUR","Autres transports routiers de voyageurs"
"2022","49.39B","GVA",270,2.2,"GCO2E_EUR","Autres transports routiers de voyageurs"
"2022","49.39B","PRD",225,2.2,"GCO2E_EUR","Autres transports routiers de voyageurs"
"2022","49.39C","PRD",206,2.6,"GCO2E_EUR","Téléphériques et remontées mécaniques"
"2022","49.39C","GVA",243,2.6,"GCO2E_EUR","Téléphériques et remontées mécaniques"
"2022","49.39C","IC",171,2.6,"GCO2E_EUR","Téléphériques et remontées mécaniques"
"2022","49.41A","IC",188,2.2,"GCO2E_EUR","Transports routiers de fret interurbains"
"2022","49.41A","PRD",306,2.2,"GCO2E_EUR","Transports routiers de fret interurbains"
"2022","49.41A","GVA",422,2.2,"GCO2E_EUR","Transports routiers de fret interurbains"
"2022","49.41B","GVA",422,2.2,"GCO2E_EUR","Transports routiers de fret de proximité"
"2022","49.41B","IC",188,2.2,"GCO2E_EUR","Transports routiers de fret de proximité"
"2022","49.41B","PRD",306,2.2,"GCO2E_EUR","Transports routiers de fret de proximité"
"2022","49.41C","PRD",306,2.2,"GCO2E_EUR","Location de camions avec chauffeur"
"2022","49.41C","IC",188,2.2,"GCO2E_EUR","Location de camions avec chauffeur"
"2022","49.41C","GVA",422,2.2,"GCO2E_EUR","Location de camions avec chauffeur"
"2022","49.42Z","IC",188,2.2,"GCO2E_EUR","Services de déménagement"
"2022","49.42Z","GVA",422,2.2,"GCO2E_EUR","Services de déménagement"
"2022","49.42Z","PRD",306,2.2,"GCO2E_EUR","Services de déménagement"
"2022","49.50Z","GVA",468,1.5,"GCO2E_EUR","Transports par conduites"
"2022","49.50Z","PRD",386,1.5,"GCO2E_EUR","Transports par conduites"
"2022","49.50Z","IC",177,1.5,"GCO2E_EUR","Transports par conduites"
"2022","50.10Z","PRD",687,4,"GCO2E_EUR","Transports maritimes et côtiers de passagers"
"2022","50.10Z","GVA",1367,4,"GCO2E_EUR","Transports maritimes et côtiers de passagers"
"2022","50.10Z","IC",152,4,"GCO2E_EUR","Transports maritimes et côtiers de passagers"
"2022","50.20Z","PRD",687,4,"GCO2E_EUR","Transports maritimes et côtiers de fret"
"2022","50.20Z","IC",152,4,"GCO2E_EUR","Transports maritimes et côtiers de fret"
"2022","50.20Z","GVA",1367,4,"GCO2E_EUR","Transports maritimes et côtiers de fret"
"2022","50.30Z","IC",152,4,"GCO2E_EUR","Transports fluviaux de passagers"
"2022","50.30Z","PRD",687,4,"GCO2E_EUR","Transports fluviaux de passagers"
"2022","50.30Z","GVA",1367,4,"GCO2E_EUR","Transports fluviaux de passagers"
"2022","50.40Z","GVA",1367,4,"GCO2E_EUR","Transports fluviaux de fret"
"2022","50.40Z","IC",152,4,"GCO2E_EUR","Transports fluviaux de fret"
"2022","50.40Z","PRD",687,4,"GCO2E_EUR","Transports fluviaux de fret"
"2022","51.10Z","GVA",2357,4,"GCO2E_EUR","Transports aériens de passagers"
"2022","51.10Z","PRD",948,4,"GCO2E_EUR","Transports aériens de passagers"
"2022","51.10Z","IC",258,4,"GCO2E_EUR","Transports aériens de passagers"
"2022","51.21Z","IC",258,4,"GCO2E_EUR","Transports aériens de fret"
"2022","51.21Z","GVA",2357,4,"GCO2E_EUR","Transports aériens de fret"
"2022","51.21Z","PRD",948,4,"GCO2E_EUR","Transports aériens de fret"
"2022","51.22Z","GVA",2357,4,"GCO2E_EUR","Transports spatiaux"
"2022","51.22Z","PRD",948,4,"GCO2E_EUR","Transports spatiaux"
"2022","51.22Z","IC",258,4,"GCO2E_EUR","Transports spatiaux"
"2022","52.10A","GVA",62,2.8,"GCO2E_EUR","Entreposage et stockage frigorifique"
"2022","52.10A","IC",140,2.8,"GCO2E_EUR","Entreposage et stockage frigorifique"
"2022","52.10A","PRD",88,2.8,"GCO2E_EUR","Entreposage et stockage frigorifique"
"2022","52.10B","IC",140,2.8,"GCO2E_EUR","Entreposage et stockage non frigorifique"
"2022","52.10B","PRD",88,2.8,"GCO2E_EUR","Entreposage et stockage non frigorifique"
"2022","52.10B","GVA",62,2.8,"GCO2E_EUR","Entreposage et stockage non frigorifique"
"2022","52.21Z","PRD",108,3.6,"GCO2E_EUR","Services auxiliaires des transports terrestres"
"2022","52.21Z","GVA",71,3.6,"GCO2E_EUR","Services auxiliaires des transports terrestres"
"2022","52.21Z","IC",146,3.6,"GCO2E_EUR","Services auxiliaires des transports terrestres"
"2022","52.22Z","PRD",108,3.6,"GCO2E_EUR","Services auxiliaires des transports par eau"
"2022","52.22Z","GVA",71,3.6,"GCO2E_EUR","Services auxiliaires des transports par eau"
"2022","52.22Z","IC",146,3.6,"GCO2E_EUR","Services auxiliaires des transports par eau"
"2022","52.23Z","PRD",108,3.6,"GCO2E_EUR","Services auxiliaires des transports aériens"
"2022","52.23Z","GVA",71,3.6,"GCO2E_EUR","Services auxiliaires des transports aériens"
"2022","52.23Z","IC",146,3.6,"GCO2E_EUR","Services auxiliaires des transports aériens"
"2022","52.24A","IC",146,3.6,"GCO2E_EUR","Manutention portuaire"
"2022","52.24A","PRD",108,3.6,"GCO2E_EUR","Manutention portuaire"
"2022","52.24A","GVA",71,3.6,"GCO2E_EUR","Manutention portuaire"
"2022","52.24B","PRD",108,3.6,"GCO2E_EUR","Manutention non portuaire"
"2022","52.24B","IC",146,3.6,"GCO2E_EUR","Manutention non portuaire"
"2022","52.24B","GVA",71,3.6,"GCO2E_EUR","Manutention non portuaire"
"2022","52.29A","PRD",115,2.8,"GCO2E_EUR","Messagerie, fret express"
"2022","52.29A","GVA",96,2.8,"GCO2E_EUR","Messagerie, fret express"
"2022","52.29A","IC",146,2.8,"GCO2E_EUR","Messagerie, fret express"
"2022","52.29B","IC",146,3.6,"GCO2E_EUR","Affrètement et organisation des transports"
"2022","52.29B","GVA",71,3.6,"GCO2E_EUR","Affrètement et organisation des transports"
"2022","52.29B","PRD",108,3.6,"GCO2E_EUR","Affrètement et organisation des transports"
"2022","53.10Z","IC",153,2,"GCO2E_EUR","Activités de poste dans le cadre d'une obligation de service universel"
"2022","53.10Z","PRD",83,2,"GCO2E_EUR","Activités de poste dans le cadre d'une obligation de service universel"
"2022","53.10Z","GVA",65,2,"GCO2E_EUR","Activités de poste dans le cadre d'une obligation de service universel"
"2022","53.20Z","PRD",112,2.9,"GCO2E_EUR","Autres activités de poste et de courrier"
"2022","53.20Z","IC",124,2.9,"GCO2E_EUR","Autres activités de poste et de courrier"
"2022","53.20Z","GVA",109,2.9,"GCO2E_EUR","Autres activités de poste et de courrier"
"2022","55.10Z","GVA",115,3.4,"GCO2E_EUR","Hôtels et hébergement similaire"
"2022","55.10Z","IC",210,3.4,"GCO2E_EUR","Hôtels et hébergement similaire"
"2022","55.10Z","PRD",162,3.4,"GCO2E_EUR","Hôtels et hébergement similaire"
"2022","55.20Z","PRD",162,3.4,"GCO2E_EUR","Hébergement touristique et autre hébergement de courte durée"
"2022","55.20Z","IC",210,3.4,"GCO2E_EUR","Hébergement touristique et autre hébergement de courte durée"
"2022","55.20Z","GVA",115,3.4,"GCO2E_EUR","Hébergement touristique et autre hébergement de courte durée"
"2022","55.30Z","IC",210,3.4,"GCO2E_EUR","Terrains de camping et parcs pour caravanes ou véhicules de loisirs"
"2022","55.30Z","PRD",162,3.4,"GCO2E_EUR","Terrains de camping et parcs pour caravanes ou véhicules de loisirs"
"2022","55.30Z","GVA",115,3.4,"GCO2E_EUR","Terrains de camping et parcs pour caravanes ou véhicules de loisirs"
"2022","55.90Z","IC",210,3.4,"GCO2E_EUR","Autres hébergements"
"2022","55.90Z","GVA",115,3.4,"GCO2E_EUR","Autres hébergements"
"2022","55.90Z","PRD",162,3.4,"GCO2E_EUR","Autres hébergements"
"2022","56.10A","PRD",139,2,"GCO2E_EUR","Restauration traditionnelle"
"2022","56.10A","IC",169,2,"GCO2E_EUR","Restauration traditionnelle"
"2022","56.10A","GVA",115,2,"GCO2E_EUR","Restauration traditionnelle"
"2022","56.10B","PRD",164,3.4,"GCO2E_EUR","Cafétérias et autres libres-services"
"2022","56.10B","IC",232,3.4,"GCO2E_EUR","Cafétérias et autres libres-services"
"2022","56.10B","GVA",111,3.4,"GCO2E_EUR","Cafétérias et autres libres-services"
"2022","56.10C","PRD",157,2,"GCO2E_EUR","Restauration de type rapide"
"2022","56.10C","GVA",124,2,"GCO2E_EUR","Restauration de type rapide"
"2022","56.10C","IC",196,2,"GCO2E_EUR","Restauration de type rapide"
"2022","56.21Z","GVA",111,3.4,"GCO2E_EUR","Services des traiteurs"
"2022","56.21Z","PRD",164,3.4,"GCO2E_EUR","Services des traiteurs"
"2022","56.21Z","IC",232,3.4,"GCO2E_EUR","Services des traiteurs"
"2022","56.29A","IC",232,3.4,"GCO2E_EUR","Restauration collective sous contrat"
"2022","56.29A","GVA",111,3.4,"GCO2E_EUR","Restauration collective sous contrat"
"2022","56.29A","PRD",164,3.4,"GCO2E_EUR","Restauration collective sous contrat"
"2022","56.29B","IC",232,3.4,"GCO2E_EUR","Autres services de restauration n.c.a."
"2022","56.29B","GVA",111,3.4,"GCO2E_EUR","Autres services de restauration n.c.a."
"2022","56.29B","PRD",164,3.4,"GCO2E_EUR","Autres services de restauration n.c.a."
"2022","56.30Z","IC",232,3.4,"GCO2E_EUR","Débits de boissons"
"2022","56.30Z","GVA",111,3.4,"GCO2E_EUR","Débits de boissons"
"2022","56.30Z","PRD",164,3.4,"GCO2E_EUR","Débits de boissons"
"2022","58.11Z","GVA",73,1.7,"GCO2E_EUR","Édition de livres"
"2022","58.11Z","PRD",84,1.7,"GCO2E_EUR","Édition de livres"
"2022","58.11Z","IC",95,1.7,"GCO2E_EUR","Édition de livres"
"2022","58.12Z","GVA",71,2.3,"GCO2E_EUR","Édition de répertoires et de fichiers d'adresses"
"2022","58.12Z","IC",97,2.3,"GCO2E_EUR","Édition de répertoires et de fichiers d'adresses"
"2022","58.12Z","PRD",84,2.3,"GCO2E_EUR","Édition de répertoires et de fichiers d'adresses"
"2022","58.13Z","IC",100,1.7,"GCO2E_EUR","Édition de journaux"
"2022","58.13Z","PRD",85,1.7,"GCO2E_EUR","Édition de journaux"
"2022","58.13Z","GVA",73,1.7,"GCO2E_EUR","Édition de journaux"
"2022","58.14Z","IC",97,1.7,"GCO2E_EUR","Édition de revues et périodiques"
"2022","58.14Z","PRD",79,1.7,"GCO2E_EUR","Édition de revues et périodiques"
"2022","58.14Z","GVA",65,1.7,"GCO2E_EUR","Édition de revues et périodiques"
"2022","58.19Z","PRD",84,2.3,"GCO2E_EUR","Autres activités d'édition"
"2022","58.19Z","IC",97,2.3,"GCO2E_EUR","Autres activités d'édition"
"2022","58.19Z","GVA",71,2.3,"GCO2E_EUR","Autres activités d'édition"
"2022","58.21Z","IC",112,2.3,"GCO2E_EUR","Édition de jeux électroniques"
"2022","58.21Z","PRD",85,2.3,"GCO2E_EUR","Édition de jeux électroniques"
"2022","58.21Z","GVA",60,2.3,"GCO2E_EUR","Édition de jeux électroniques"
"2022","58.29A","GVA",60,2.3,"GCO2E_EUR","Édition de logiciels système et de réseau"
"2022","58.29A","IC",112,2.3,"GCO2E_EUR","Édition de logiciels système et de réseau"
"2022","58.29A","PRD",85,2.3,"GCO2E_EUR","Édition de logiciels système et de réseau"
"2022","58.29B","GVA",60,2.3,"GCO2E_EUR","Édition de logiciels outils de développement et de langages"
"2022","58.29B","PRD",85,2.3,"GCO2E_EUR","Édition de logiciels outils de développement et de langages"
"2022","58.29B","IC",112,2.3,"GCO2E_EUR","Édition de logiciels outils de développement et de langages"
"2022","58.29C","GVA",60,2.3,"GCO2E_EUR","Édition de logiciels applicatifs"
"2022","58.29C","IC",112,2.3,"GCO2E_EUR","Édition de logiciels applicatifs"
"2022","58.29C","PRD",85,2.3,"GCO2E_EUR","Édition de logiciels applicatifs"
"2022","59.11A","IC",125,3.4,"GCO2E_EUR","Production de films et de programmes pour la télévision"
"2022","59.11A","GVA",85,3.4,"GCO2E_EUR","Production de films et de programmes pour la télévision"
"2022","59.11A","PRD",107,3.4,"GCO2E_EUR","Production de films et de programmes pour la télévision"
"2022","59.11B","PRD",107,3.4,"GCO2E_EUR","Production de films institutionnels et publicitaires"
"2022","59.11B","GVA",85,3.4,"GCO2E_EUR","Production de films institutionnels et publicitaires"
"2022","59.11B","IC",125,3.4,"GCO2E_EUR","Production de films institutionnels et publicitaires"
"2022","59.11C","PRD",107,3.4,"GCO2E_EUR","Production de films pour le cinéma"
"2022","59.11C","IC",125,3.4,"GCO2E_EUR","Production de films pour le cinéma"
"2022","59.11C","GVA",85,3.4,"GCO2E_EUR","Production de films pour le cinéma"
"2022","59.12Z","IC",125,3.4,"GCO2E_EUR","Post-production de films cinématographiques, de vidéo et de programmes de télévision"
"2022","59.12Z","GVA",85,3.4,"GCO2E_EUR","Post-production de films cinématographiques, de vidéo et de programmes de télévision"
"2022","59.12Z","PRD",107,3.4,"GCO2E_EUR","Post-production de films cinématographiques, de vidéo et de programmes de télévision"
"2022","59.13A","GVA",85,3.4,"GCO2E_EUR","Distribution de films cinématographiques"
"2022","59.13A","IC",125,3.4,"GCO2E_EUR","Distribution de films cinématographiques"
"2022","59.13A","PRD",107,3.4,"GCO2E_EUR","Distribution de films cinématographiques"
"2022","59.13B","PRD",107,3.4,"GCO2E_EUR","Édition et distribution vidéo"
"2022","59.13B","GVA",85,3.4,"GCO2E_EUR","Édition et distribution vidéo"
"2022","59.13B","IC",125,3.4,"GCO2E_EUR","Édition et distribution vidéo"
"2022","59.14Z","IC",125,3.4,"GCO2E_EUR","Projection de films cinématographiques"
"2022","59.14Z","GVA",85,3.4,"GCO2E_EUR","Projection de films cinématographiques"
"2022","59.14Z","PRD",107,3.4,"GCO2E_EUR","Projection de films cinématographiques"
"2022","59.20Z","IC",115,2,"GCO2E_EUR","Enregistrement sonore et édition musicale"
"2022","59.20Z","GVA",83,2,"GCO2E_EUR","Enregistrement sonore et édition musicale"
"2022","59.20Z","PRD",97,2,"GCO2E_EUR","Enregistrement sonore et édition musicale"
"2022","60.10Z","GVA",88,3.6,"GCO2E_EUR","Édition et diffusion de programmes radio"
"2022","60.10Z","PRD",104,3.4,"GCO2E_EUR","Édition et diffusion de programmes radio"
"2022","60.10Z","IC",129,3.6,"GCO2E_EUR","Édition et diffusion de programmes radio"
"2022","60.20A","IC",121,3.4,"GCO2E_EUR","Édition de chaînes généralistes"
"2022","60.20A","PRD",106,3.4,"GCO2E_EUR","Édition de chaînes généralistes"
"2022","60.20A","GVA",87,3.4,"GCO2E_EUR","Édition de chaînes généralistes"
"2022","60.20B","GVA",88,3.4,"GCO2E_EUR","Édition de chaînes thématiques"
"2022","60.20B","IC",123,3.4,"GCO2E_EUR","Édition de chaînes thématiques"
"2022","60.20B","PRD",107,3.4,"GCO2E_EUR","Édition de chaînes thématiques"
"2022","61.10Z","PRD",87,1.8,"GCO2E_EUR","Télécommunications filaires"
"2022","61.10Z","IC",100,1.8,"GCO2E_EUR","Télécommunications filaires"
"2022","61.10Z","GVA",72,1.8,"GCO2E_EUR","Télécommunications filaires"
"2022","61.20Z","GVA",73,1.8,"GCO2E_EUR","Télécommunications sans fil"
"2022","61.20Z","PRD",90,1.8,"GCO2E_EUR","Télécommunications sans fil"
"2022","61.20Z","IC",108,1.8,"GCO2E_EUR","Télécommunications sans fil"
"2022","61.30Z","GVA",78,3.6,"GCO2E_EUR","Télécommunications par satellite"
"2022","61.30Z","IC",122,3.6,"GCO2E_EUR","Télécommunications par satellite"
"2022","61.30Z","PRD",103,3.6,"GCO2E_EUR","Télécommunications par satellite"
"2022","61.90Z","PRD",103,3.6,"GCO2E_EUR","Autres activités de télécommunication"
"2022","61.90Z","GVA",78,3.6,"GCO2E_EUR","Autres activités de télécommunication"
"2022","61.90Z","IC",122,3.6,"GCO2E_EUR","Autres activités de télécommunication"
"2022","62.01Z","GVA",44,1.9,"GCO2E_EUR","Programmation informatique"
"2022","62.01Z","PRD",53,1.9,"GCO2E_EUR","Programmation informatique"
"2022","62.01Z","IC",69,1.9,"GCO2E_EUR","Programmation informatique"
"2022","62.02A","IC",63,2.4,"GCO2E_EUR","Conseil en systèmes et logiciels informatiques"
"2022","62.02A","PRD",51,2.4,"GCO2E_EUR","Conseil en systèmes et logiciels informatiques"
"2022","62.02A","GVA",42,2.4,"GCO2E_EUR","Conseil en systèmes et logiciels informatiques"
"2022","62.02B","GVA",42,2.7,"GCO2E_EUR","Tierce maintenance de systèmes et d'applications informatiques"
"2022","62.02B","PRD",55,2.7,"GCO2E_EUR","Tierce maintenance de systèmes et d'applications informatiques"
"2022","62.02B","IC",74,2.7,"GCO2E_EUR","Tierce maintenance de systèmes et d'applications informatiques"
"2022","62.03Z","PRD",55,2.7,"GCO2E_EUR","Gestion d'installations informatiques"
"2022","62.03Z","IC",74,2.7,"GCO2E_EUR","Gestion d'installations informatiques"
"2022","62.03Z","GVA",42,2.7,"GCO2E_EUR","Gestion d'installations informatiques"
"2022","62.09Z","IC",74,2.7,"GCO2E_EUR","Autres activités informatiques"
"2022","62.09Z","PRD",55,2.7,"GCO2E_EUR","Autres activités informatiques"
"2022","62.09Z","GVA",42,2.7,"GCO2E_EUR","Autres activités informatiques"
"2022","63.11Z","PRD",63,1.8,"GCO2E_EUR","Traitement de données, hébergement et activités connexes"
"2022","63.11Z","IC",88,1.8,"GCO2E_EUR","Traitement de données, hébergement et activités connexes"
"2022","63.11Z","GVA",40,1.8,"GCO2E_EUR","Traitement de données, hébergement et activités connexes"
"2022","63.12Z","GVA",38,1.8,"GCO2E_EUR","Portails Internet"
"2022","63.12Z","PRD",59,1.8,"GCO2E_EUR","Portails Internet"
"2022","63.12Z","IC",83,1.8,"GCO2E_EUR","Portails Internet"
"2022","63.91Z","IC",90,3.3,"GCO2E_EUR","Activités des agences de presse"
"2022","63.91Z","GVA",43,3.3,"GCO2E_EUR","Activités des agences de presse"
"2022","63.91Z","PRD",64,3.3,"GCO2E_EUR","Activités des agences de presse"
"2022","63.99Z","GVA",43,3.3,"GCO2E_EUR","Autres services d'information n.c.a."
"2022","63.99Z","PRD",64,3.3,"GCO2E_EUR","Autres services d'information n.c.a."
"2022","63.99Z","IC",90,3.3,"GCO2E_EUR","Autres services d'information n.c.a."
"2022","64.11Z","GVA",30,2.7,"GCO2E_EUR","Activités de banque centrale"
"2022","64.11Z","IC",61,2.7,"GCO2E_EUR","Activités de banque centrale"
"2022","64.11Z","PRD",41,2.7,"GCO2E_EUR","Activités de banque centrale"
"2022","64.19Z","GVA",29,2.4,"GCO2E_EUR","Autres intermédiations monétaires"
"2022","64.19Z","IC",59,2.4,"GCO2E_EUR","Autres intermédiations monétaires"
"2022","64.19Z","PRD",39,2.4,"GCO2E_EUR","Autres intermédiations monétaires"
"2022","64.20Z","PRD",45,2.7,"GCO2E_EUR","Activités des sociétés holding"
"2022","64.20Z","GVA",35,2.7,"GCO2E_EUR","Activités des sociétés holding"
"2022","64.20Z","IC",60,2.7,"GCO2E_EUR","Activités des sociétés holding"
"2022","64.30Z","PRD",54,3.2,"GCO2E_EUR","Fonds de placement et entités financières similaires"
"2022","64.30Z","GVA",226,3.2,"GCO2E_EUR","Fonds de placement et entités financières similaires"
"2022","64.30Z","IC",57,3.2,"GCO2E_EUR","Fonds de placement et entités financières similaires"
"2022","64.91Z","PRD",45,2.7,"GCO2E_EUR","Crédit-bail"
"2022","64.91Z","GVA",34,2.7,"GCO2E_EUR","Crédit-bail"
"2022","64.91Z","IC",60,2.7,"GCO2E_EUR","Crédit-bail"
"2022","64.92Z","GVA",34,2.7,"GCO2E_EUR","Autre distribution de crédit"
"2022","64.92Z","IC",60,2.7,"GCO2E_EUR","Autre distribution de crédit"
"2022","64.92Z","PRD",45,2.7,"GCO2E_EUR","Autre distribution de crédit"
"2022","64.99Z","GVA",33,3.2,"GCO2E_EUR","Autres activités des services financiers, hors assurance et caisses de retraite, n.c.a."
"2022","64.99Z","PRD",44,3.2,"GCO2E_EUR","Autres activités des services financiers, hors assurance et caisses de retraite, n.c.a."
"2022","64.99Z","IC",60,3.2,"GCO2E_EUR","Autres activités des services financiers, hors assurance et caisses de retraite, n.c.a."
"2022","65.11Z","PRD",53,2,"GCO2E_EUR","Assurance vie"
"2022","65.11Z","IC",72,2,"GCO2E_EUR","Assurance vie"
"2022","65.11Z","GVA",36,2,"GCO2E_EUR","Assurance vie"
"2022","65.12Z","GVA",38,3.7,"GCO2E_EUR","Autres assurances"
"2022","65.12Z","PRD",54,3.7,"GCO2E_EUR","Autres assurances"
"2022","65.12Z","IC",63,3.7,"GCO2E_EUR","Autres assurances"
"2022","65.20Z","IC",63,3.7,"GCO2E_EUR","Réassurance"
"2022","65.20Z","PRD",54,3.7,"GCO2E_EUR","Réassurance"
"2022","65.20Z","GVA",38,3.7,"GCO2E_EUR","Réassurance"
"2022","65.30Z","IC",69,3.7,"GCO2E_EUR","Caisses de retraite"
"2022","65.30Z","PRD",71,3.7,"GCO2E_EUR","Caisses de retraite"
"2022","65.30Z","GVA",295,3.7,"GCO2E_EUR","Caisses de retraite"
"2022","66.11Z","PRD",55,3.7,"GCO2E_EUR","Administration de marchés financiers"
"2022","66.11Z","GVA",38,3.7,"GCO2E_EUR","Administration de marchés financiers"
"2022","66.11Z","IC",78,3.7,"GCO2E_EUR","Administration de marchés financiers"
"2022","66.12Z","GVA",38,3.7,"GCO2E_EUR","Courtage de valeurs mobilières et de marchandises"
"2022","66.12Z","IC",78,3.7,"GCO2E_EUR","Courtage de valeurs mobilières et de marchandises"
"2022","66.12Z","PRD",55,3.7,"GCO2E_EUR","Courtage de valeurs mobilières et de marchandises"
"2022","66.19A","GVA",295,3.7,"GCO2E_EUR","Supports juridiques de gestion de patrimoine mobilier"
"2022","66.19A","IC",77,3.7,"GCO2E_EUR","Supports juridiques de gestion de patrimoine mobilier"
"2022","66.19A","PRD",70,3.7,"GCO2E_EUR","Supports juridiques de gestion de patrimoine mobilier"
"2022","66.19B","PRD",59,3.7,"GCO2E_EUR","Autres activités auxiliaires de services financiers, hors assurance et caisses de retraite, n.c.a."
"2022","66.19B","GVA",39,3.7,"GCO2E_EUR","Autres activités auxiliaires de services financiers, hors assurance et caisses de retraite, n.c.a."
"2022","66.19B","IC",83,3.7,"GCO2E_EUR","Autres activités auxiliaires de services financiers, hors assurance et caisses de retraite, n.c.a."
"2022","66.21Z","IC",74,3.7,"GCO2E_EUR","Évaluation des risques et dommages"
"2022","66.21Z","PRD",54,3.7,"GCO2E_EUR","Évaluation des risques et dommages"
"2022","66.21Z","GVA",37,3.7,"GCO2E_EUR","Évaluation des risques et dommages"
"2022","66.22Z","PRD",54,3.7,"GCO2E_EUR","Activités des agents et courtiers d'assurances"
"2022","66.22Z","IC",74,3.7,"GCO2E_EUR","Activités des agents et courtiers d'assurances"
"2022","66.22Z","GVA",37,3.7,"GCO2E_EUR","Activités des agents et courtiers d'assurances"
"2022","66.29Z","IC",74,3.7,"GCO2E_EUR","Autres activités auxiliaires d'assurance et de caisses de retraite"
"2022","66.29Z","GVA",37,3.7,"GCO2E_EUR","Autres activités auxiliaires d'assurance et de caisses de retraite"
"2022","66.29Z","PRD",54,3.7,"GCO2E_EUR","Autres activités auxiliaires d'assurance et de caisses de retraite"
"2022","66.30Z","GVA",39,3.7,"GCO2E_EUR","Gestion de fonds"
"2022","66.30Z","IC",83,3.7,"GCO2E_EUR","Gestion de fonds"
"2022","66.30Z","PRD",59,3.7,"GCO2E_EUR","Gestion de fonds"
"2022","68.10Z","GVA",28,2.7,"GCO2E_EUR","Activités des marchands de biens immobiliers"
"2022","68.10Z","PRD",52,2.7,"GCO2E_EUR","Activités des marchands de biens immobiliers"
"2022","68.10Z","IC",91,2.7,"GCO2E_EUR","Activités des marchands de biens immobiliers"
"2022","68.20A","IC",73,1.8,"GCO2E_EUR","Location de logements"
"2022","68.20A","PRD",26,1.8,"GCO2E_EUR","Location de logements"
"2022","68.20A","GVA",18,1.8,"GCO2E_EUR","Location de logements"
"2022","68.20B","PRD",38,2.4,"GCO2E_EUR","Location de terrains et d'autres biens immobiliers"
"2022","68.20B","GVA",21,2.4,"GCO2E_EUR","Location de terrains et d'autres biens immobiliers"
"2022","68.20B","IC",92,2.4,"GCO2E_EUR","Location de terrains et d'autres biens immobiliers"
"2022","68.31Z","IC",77,2.8,"GCO2E_EUR","Agences immobilières"
"2022","68.31Z","GVA",40,2.8,"GCO2E_EUR","Agences immobilières"
"2022","68.31Z","PRD",55,2.8,"GCO2E_EUR","Agences immobilières"
"2022","68.32A","GVA",39,2.8,"GCO2E_EUR","Administration d'immeubles et autres biens immobiliers"
"2022","68.32A","PRD",51,2.8,"GCO2E_EUR","Administration d'immeubles et autres biens immobiliers"
"2022","68.32A","IC",78,2.8,"GCO2E_EUR","Administration d'immeubles et autres biens immobiliers"
"2022","68.32B","GVA",39,2.8,"GCO2E_EUR","Supports juridiques de gestion de patrimoine immobilier"
"2022","68.32B","IC",78,2.8,"GCO2E_EUR","Supports juridiques de gestion de patrimoine immobilier"
"2022","68.32B","PRD",51,2.8,"GCO2E_EUR","Supports juridiques de gestion de patrimoine immobilier"
"2022","69.10Z","IC",76,1.4,"GCO2E_EUR","Activités juridiques"
"2022","69.10Z","PRD",42,1.4,"GCO2E_EUR","Activités juridiques"
"2022","69.10Z","GVA",31,1.4,"GCO2E_EUR","Activités juridiques"
"2022","69.20Z","PRD",47,1.4,"GCO2E_EUR","Activités comptables"
"2022","69.20Z","IC",80,1.4,"GCO2E_EUR","Activités comptables"
"2022","69.20Z","GVA",33,1.4,"GCO2E_EUR","Activités comptables"
"2022","70.10Z","PRD",52,2.7,"GCO2E_EUR","Activités des sièges sociaux"
"2022","70.10Z","IC",72,2.7,"GCO2E_EUR","Activités des sièges sociaux"
"2022","70.10Z","GVA",37,2.7,"GCO2E_EUR","Activités des sièges sociaux"
"2022","70.21Z","GVA",38,3.2,"GCO2E_EUR","Conseil en relations publiques et communication"
"2022","70.21Z","IC",72,3.2,"GCO2E_EUR","Conseil en relations publiques et communication"
"2022","70.21Z","PRD",54,3.2,"GCO2E_EUR","Conseil en relations publiques et communication"
"2022","70.22Z","PRD",51,2,"GCO2E_EUR","Conseil pour les affaires et autres conseils de gestion"
"2022","70.22Z","IC",72,2,"GCO2E_EUR","Conseil pour les affaires et autres conseils de gestion"
"2022","70.22Z","GVA",38,2,"GCO2E_EUR","Conseil pour les affaires et autres conseils de gestion"
"2022","71.11Z","GVA",64,3.6,"GCO2E_EUR","Activités d'architecture"
"2022","71.11Z","PRD",91,3.6,"GCO2E_EUR","Activités d'architecture"
"2022","71.11Z","IC",121,3.6,"GCO2E_EUR","Activités d'architecture"
"2022","71.12A","GVA",64,3.6,"GCO2E_EUR","Activité des géomètres"
"2022","71.12A","PRD",91,3.6,"GCO2E_EUR","Activité des géomètres"
"2022","71.12A","IC",121,3.6,"GCO2E_EUR","Activité des géomètres"
"2022","71.12B","PRD",90,3.6,"GCO2E_EUR","Ingénierie, études techniques"
"2022","71.12B","IC",120,3.6,"GCO2E_EUR","Ingénierie, études techniques"
"2022","71.12B","GVA",63,3.6,"GCO2E_EUR","Ingénierie, études techniques"
"2022","71.20A","PRD",93,2.8,"GCO2E_EUR","Contrôle technique automobile"
"2022","71.20A","IC",101,2.8,"GCO2E_EUR","Contrôle technique automobile"
"2022","71.20A","GVA",85,2.8,"GCO2E_EUR","Contrôle technique automobile"
"2022","71.20B","PRD",91,3.6,"GCO2E_EUR","Analyses, essais et inspections techniques"
"2022","71.20B","GVA",64,3.6,"GCO2E_EUR","Analyses, essais et inspections techniques"
"2022","71.20B","IC",121,3.6,"GCO2E_EUR","Analyses, essais et inspections techniques"
"2022","72.11Z","IC",110,3.6,"GCO2E_EUR","Recherche-développement en biotechnologie"
"2022","72.11Z","PRD",78,3.6,"GCO2E_EUR","Recherche-développement en biotechnologie"
"2022","72.11Z","GVA",55,3.6,"GCO2E_EUR","Recherche-développement en biotechnologie"
"2022","72.19Z","GVA",55,3.6,"GCO2E_EUR","Recherche-développement en autres sciences physiques et naturelles"
"2022","72.19Z","IC",110,3.6,"GCO2E_EUR","Recherche-développement en autres sciences physiques et naturelles"
"2022","72.19Z","PRD",78,3.6,"GCO2E_EUR","Recherche-développement en autres sciences physiques et naturelles"
"2022","72.20Z","GVA",55,3.6,"GCO2E_EUR","Recherche-développement en sciences humaines et sociales"
"2022","72.20Z","IC",110,3.6,"GCO2E_EUR","Recherche-développement en sciences humaines et sociales"
"2022","72.20Z","PRD",78,3.6,"GCO2E_EUR","Recherche-développement en sciences humaines et sociales"
"2022","73.11Z","IC",116,3.7,"GCO2E_EUR","Activités des agences de publicité"
"2022","73.11Z","GVA",68,3.7,"GCO2E_EUR","Activités des agences de publicité"
"2022","73.11Z","PRD",91,3.7,"GCO2E_EUR","Activités des agences de publicité"
"2022","73.12Z","IC",116,3.7,"GCO2E_EUR","Régie publicitaire de médias"
"2022","73.12Z","GVA",68,3.7,"GCO2E_EUR","Régie publicitaire de médias"
"2022","73.12Z","PRD",91,3.7,"GCO2E_EUR","Régie publicitaire de médias"
"2022","73.20Z","IC",116,3.7,"GCO2E_EUR","Études de marché et sondages"
"2022","73.20Z","GVA",64,3.7,"GCO2E_EUR","Études de marché et sondages"
"2022","73.20Z","PRD",89,3.7,"GCO2E_EUR","Études de marché et sondages"
"2022","74.10Z","IC",128,2,"GCO2E_EUR","Activités spécialisées de design"
"2022","74.10Z","GVA",75,2,"GCO2E_EUR","Activités spécialisées de design"
"2022","74.10Z","PRD",97,2,"GCO2E_EUR","Activités spécialisées de design"
"2022","74.20Z","GVA",74,2,"GCO2E_EUR","Activités photographiques"
"2022","74.20Z","IC",127,2,"GCO2E_EUR","Activités photographiques"
"2022","74.20Z","PRD",98,2,"GCO2E_EUR","Activités photographiques"
"2022","74.30Z","PRD",100,3.2,"GCO2E_EUR","Traduction et interprétation"
"2022","74.30Z","GVA",75,3.2,"GCO2E_EUR","Traduction et interprétation"
"2022","74.30Z","IC",127,3.2,"GCO2E_EUR","Traduction et interprétation"
"2022","74.90A","PRD",103,3.2,"GCO2E_EUR","Activité des économistes de la construction"
"2022","74.90A","IC",129,3.2,"GCO2E_EUR","Activité des économistes de la construction"
"2022","74.90A","GVA",78,3.2,"GCO2E_EUR","Activité des économistes de la construction"
"2022","74.90B","IC",127,3.2,"GCO2E_EUR","Activités spécialisées, scientifiques et techniques diverses"
"2022","74.90B","GVA",76,3.2,"GCO2E_EUR","Activités spécialisées, scientifiques et techniques diverses"
"2022","74.90B","PRD",101,3.2,"GCO2E_EUR","Activités spécialisées, scientifiques et techniques diverses"
"2022","75.00Z","GVA",80,1.5,"GCO2E_EUR","Activités vétérinaires"
"2022","75.00Z","PRD",101,1.5,"GCO2E_EUR","Activités vétérinaires"
"2022","75.00Z","IC",141,1.5,"GCO2E_EUR","Activités vétérinaires"
"2022","77.11A","IC",126,2.9,"GCO2E_EUR","Location de courte durée de voitures et de véhicules automobiles légers"
"2022","77.11A","PRD",216,2.9,"GCO2E_EUR","Location de courte durée de voitures et de véhicules automobiles légers"
"2022","77.11A","GVA",290,2.9,"GCO2E_EUR","Location de courte durée de voitures et de véhicules automobiles légers"
"2022","77.11B","IC",126,2.9,"GCO2E_EUR","Location de longue durée de voitures et de véhicules automobiles légers"
"2022","77.11B","GVA",290,2.9,"GCO2E_EUR","Location de longue durée de voitures et de véhicules automobiles légers"
"2022","77.11B","PRD",216,2.9,"GCO2E_EUR","Location de longue durée de voitures et de véhicules automobiles légers"
"2022","77.12Z","PRD",216,2.9,"GCO2E_EUR","Location et location-bail de camions"
"2022","77.12Z","IC",126,2.9,"GCO2E_EUR","Location et location-bail de camions"
"2022","77.12Z","GVA",290,2.9,"GCO2E_EUR","Location et location-bail de camions"
"2022","77.21Z","PRD",169,3.7,"GCO2E_EUR","Location et location-bail d'articles de loisirs et de sport"
"2022","77.21Z","GVA",194,3.7,"GCO2E_EUR","Location et location-bail d'articles de loisirs et de sport"
"2022","77.21Z","IC",139,3.7,"GCO2E_EUR","Location et location-bail d'articles de loisirs et de sport"
"2022","77.22Z","IC",139,3.7,"GCO2E_EUR","Location de vidéocassettes et disques vidéo"
"2022","77.22Z","PRD",169,3.7,"GCO2E_EUR","Location de vidéocassettes et disques vidéo"
"2022","77.22Z","GVA",194,3.7,"GCO2E_EUR","Location de vidéocassettes et disques vidéo"
"2022","77.29Z","PRD",169,3.7,"GCO2E_EUR","Location et location-bail d'autres biens personnels et domestiques"
"2022","77.29Z","GVA",194,3.7,"GCO2E_EUR","Location et location-bail d'autres biens personnels et domestiques"
"2022","77.29Z","IC",139,3.7,"GCO2E_EUR","Location et location-bail d'autres biens personnels et domestiques"
"2022","77.31Z","GVA",208,3.7,"GCO2E_EUR","Location et location-bail de machines et équipements agricoles"
"2022","77.31Z","IC",144,3.7,"GCO2E_EUR","Location et location-bail de machines et équipements agricoles"
"2022","77.31Z","PRD",180,3.7,"GCO2E_EUR","Location et location-bail de machines et équipements agricoles"
"2022","77.32Z","PRD",180,3.7,"GCO2E_EUR","Location et location-bail de machines et équipements pour la construction"
"2022","77.32Z","GVA",208,3.7,"GCO2E_EUR","Location et location-bail de machines et équipements pour la construction"
"2022","77.32Z","IC",144,3.7,"GCO2E_EUR","Location et location-bail de machines et équipements pour la construction"
"2022","77.33Z","IC",144,3.7,"GCO2E_EUR","Location et location-bail de machines de bureau et de matériel informatique"
"2022","77.33Z","PRD",180,3.7,"GCO2E_EUR","Location et location-bail de machines de bureau et de matériel informatique"
"2022","77.33Z","GVA",208,3.7,"GCO2E_EUR","Location et location-bail de machines de bureau et de matériel informatique"
"2022","77.34Z","IC",144,3.7,"GCO2E_EUR","Location et location-bail de matériels de transport par eau"
"2022","77.34Z","PRD",180,3.7,"GCO2E_EUR","Location et location-bail de matériels de transport par eau"
"2022","77.34Z","GVA",208,3.7,"GCO2E_EUR","Location et location-bail de matériels de transport par eau"
"2022","77.35Z","PRD",180,3.7,"GCO2E_EUR","Location et location-bail de matériels de transport aérien"
"2022","77.35Z","GVA",208,3.7,"GCO2E_EUR","Location et location-bail de matériels de transport aérien"
"2022","77.35Z","IC",144,3.7,"GCO2E_EUR","Location et location-bail de matériels de transport aérien"
"2022","77.39Z","GVA",208,3.7,"GCO2E_EUR","Location et location-bail d'autres machines, équipements et biens matériels n.c.a."
"2022","77.39Z","IC",144,3.7,"GCO2E_EUR","Location et location-bail d'autres machines, équipements et biens matériels n.c.a."
"2022","77.39Z","PRD",180,3.7,"GCO2E_EUR","Location et location-bail d'autres machines, équipements et biens matériels n.c.a."
"2022","77.40Z","GVA",107,2,"GCO2E_EUR","Location-bail de propriété intellectuelle et de produits similaires, à l'exception des œuvres soumises à copyr…"
"2022","77.40Z","IC",115,2,"GCO2E_EUR","Location-bail de propriété intellectuelle et de produits similaires, à l'exception des œuvres soumises à copyr…"
"2022","77.40Z","PRD",107,2,"GCO2E_EUR","Location-bail de propriété intellectuelle et de produits similaires, à l'exception des œuvres soumises à copyr…"
"2022","78.10Z","GVA",41,4,"GCO2E_EUR","Activités des agences de placement de main-d'œuvre"
"2022","78.10Z","IC",110,4,"GCO2E_EUR","Activités des agences de placement de main-d'œuvre"
"2022","78.10Z","PRD",55,4,"GCO2E_EUR","Activités des agences de placement de main-d'œuvre"
"2022","78.20Z","IC",110,4,"GCO2E_EUR","Activités des agences de travail temporaire"
"2022","78.20Z","PRD",55,4,"GCO2E_EUR","Activités des agences de travail temporaire"
"2022","78.20Z","GVA",41,4,"GCO2E_EUR","Activités des agences de travail temporaire"
"2022","78.30Z","GVA",41,4,"GCO2E_EUR","Autre mise à disposition de ressources humaines"
"2022","78.30Z","PRD",55,4,"GCO2E_EUR","Autre mise à disposition de ressources humaines"
"2022","78.30Z","IC",110,4,"GCO2E_EUR","Autre mise à disposition de ressources humaines"
"2022","79.11Z","PRD",158,4,"GCO2E_EUR","Activités des agences de voyage"
"2022","79.11Z","GVA",89,4,"GCO2E_EUR","Activités des agences de voyage"
"2022","79.11Z","IC",196,4,"GCO2E_EUR","Activités des agences de voyage"
"2022","79.12Z","IC",196,4,"GCO2E_EUR","Activités des voyagistes"
"2022","79.12Z","PRD",158,4,"GCO2E_EUR","Activités des voyagistes"
"2022","79.12Z","GVA",89,4,"GCO2E_EUR","Activités des voyagistes"
"2022","79.90Z","IC",196,4,"GCO2E_EUR","Autres services de réservation et activités connexes"
"2022","79.90Z","GVA",89,4,"GCO2E_EUR","Autres services de réservation et activités connexes"
"2022","79.90Z","PRD",158,4,"GCO2E_EUR","Autres services de réservation et activités connexes"
"2022","80.10Z","GVA",71,3.3,"GCO2E_EUR","Activités de sécurité privée"
"2022","80.10Z","PRD",88,3.3,"GCO2E_EUR","Activités de sécurité privée"
"2022","80.10Z","IC",110,3.3,"GCO2E_EUR","Activités de sécurité privée"
"2022","80.20Z","PRD",88,3.3,"GCO2E_EUR","Activités liées aux systèmes de sécurité"
"2022","80.20Z","GVA",71,3.3,"GCO2E_EUR","Activités liées aux systèmes de sécurité"
"2022","80.20Z","IC",110,3.3,"GCO2E_EUR","Activités liées aux systèmes de sécurité"
"2022","80.30Z","GVA",71,3.3,"GCO2E_EUR","Activités d'enquête"
"2022","80.30Z","PRD",88,3.3,"GCO2E_EUR","Activités d'enquête"
"2022","80.30Z","IC",110,3.3,"GCO2E_EUR","Activités d'enquête"
"2022","81.10Z","GVA",84,1.8,"GCO2E_EUR","Activités combinées de soutien lié aux bâtiments"
"2022","81.10Z","PRD",134,1.8,"GCO2E_EUR","Activités combinées de soutien lié aux bâtiments"
"2022","81.10Z","IC",179,1.8,"GCO2E_EUR","Activités combinées de soutien lié aux bâtiments"
"2022","81.21Z","GVA",98,3.3,"GCO2E_EUR","Nettoyage courant des bâtiments"
"2022","81.21Z","IC",142,3.3,"GCO2E_EUR","Nettoyage courant des bâtiments"
"2022","81.21Z","PRD",118,3.3,"GCO2E_EUR","Nettoyage courant des bâtiments"
"2022","81.22Z","GVA",98,3.3,"GCO2E_EUR","Autres activités de nettoyage des bâtiments et nettoyage industriel"
"2022","81.22Z","PRD",118,3.3,"GCO2E_EUR","Autres activités de nettoyage des bâtiments et nettoyage industriel"
"2022","81.22Z","IC",142,3.3,"GCO2E_EUR","Autres activités de nettoyage des bâtiments et nettoyage industriel"
"2022","81.29A","PRD",118,3.3,"GCO2E_EUR","Désinfection, désinsectisation, dératisation"
"2022","81.29A","GVA",98,3.3,"GCO2E_EUR","Désinfection, désinsectisation, dératisation"
"2022","81.29A","IC",142,3.3,"GCO2E_EUR","Désinfection, désinsectisation, dératisation"
"2022","81.29B","PRD",118,3.3,"GCO2E_EUR","Autres activités de nettoyage n.c.a."
"2022","81.29B","GVA",98,3.3,"GCO2E_EUR","Autres activités de nettoyage n.c.a."
"2022","81.29B","IC",142,3.3,"GCO2E_EUR","Autres activités de nettoyage n.c.a."
"2022","81.30Z","GVA",98,3.3,"GCO2E_EUR","Services d'aménagement paysager"
"2022","81.30Z","PRD",118,3.3,"GCO2E_EUR","Services d'aménagement paysager"
"2022","81.30Z","IC",142,3.3,"GCO2E_EUR","Services d'aménagement paysager"
"2022","82.11Z","PRD",83,1.8,"GCO2E_EUR","Services administratifs combinés de bureau"
"2022","82.11Z","IC",114,1.8,"GCO2E_EUR","Services administratifs combinés de bureau"
"2022","82.11Z","GVA",60,1.8,"GCO2E_EUR","Services administratifs combinés de bureau"
"2022","82.19Z","GVA",64,3.3,"GCO2E_EUR","Photocopie, préparation de documents et autres activités spécialisées de soutien de bureau"
"2022","82.19Z","PRD",93,3.3,"GCO2E_EUR","Photocopie, préparation de documents et autres activités spécialisées de soutien de bureau"
"2022","82.19Z","IC",119,3.3,"GCO2E_EUR","Photocopie, préparation de documents et autres activités spécialisées de soutien de bureau"
"2022","82.20Z","GVA",64,3.3,"GCO2E_EUR","Activités de centres d'appels"
"2022","82.20Z","PRD",93,3.3,"GCO2E_EUR","Activités de centres d'appels"
"2022","82.20Z","IC",119,3.3,"GCO2E_EUR","Activités de centres d'appels"
"2022","82.30Z","IC",120,3.3,"GCO2E_EUR","Organisation de foires, salons professionnels et congrès"
"2022","82.30Z","GVA",68,3.3,"GCO2E_EUR","Organisation de foires, salons professionnels et congrès"
"2022","82.30Z","PRD",96,3.3,"GCO2E_EUR","Organisation de foires, salons professionnels et congrès"
"2022","82.91Z","GVA",64,3.3,"GCO2E_EUR","Activités des agences de recouvrement de factures et des sociétés d'information financière sur la clientèle"
"2022","82.91Z","IC",119,3.3,"GCO2E_EUR","Activités des agences de recouvrement de factures et des sociétés d'information financière sur la clientèle"
"2022","82.91Z","PRD",93,3.3,"GCO2E_EUR","Activités des agences de recouvrement de factures et des sociétés d'information financière sur la clientèle"
"2022","82.92Z","PRD",96,3.3,"GCO2E_EUR","Activités de conditionnement"
"2022","82.92Z","GVA",68,3.3,"GCO2E_EUR","Activités de conditionnement"
"2022","82.92Z","IC",120,3.3,"GCO2E_EUR","Activités de conditionnement"
"2022","82.99Z","IC",120,3.3,"GCO2E_EUR","Autres activités de soutien aux entreprises n.c.a."
"2022","82.99Z","PRD",96,3.3,"GCO2E_EUR","Autres activités de soutien aux entreprises n.c.a."
"2022","82.99Z","GVA",68,3.3,"GCO2E_EUR","Autres activités de soutien aux entreprises n.c.a."
"2022","84.11Z","IC",130,2.8,"GCO2E_EUR","Administration publique générale"
"2022","84.11Z","PRD",84,2.8,"GCO2E_EUR","Administration publique générale"
"2022","84.11Z","GVA",63,2.8,"GCO2E_EUR","Administration publique générale"
"2022","84.12Z","PRD",84,2.8,"GCO2E_EUR","Administration publique (tutelle) de la santé, de la formation, de la culture et des services sociaux, autre q…"
"2022","84.12Z","IC",130,2.8,"GCO2E_EUR","Administration publique (tutelle) de la santé, de la formation, de la culture et des services sociaux, autre q…"
"2022","84.12Z","GVA",63,2.8,"GCO2E_EUR","Administration publique (tutelle) de la santé, de la formation, de la culture et des services sociaux, autre q…"
"2022","84.13Z","IC",130,2.8,"GCO2E_EUR","Administration publique (tutelle) des activités économiques"
"2022","84.13Z","GVA",63,2.8,"GCO2E_EUR","Administration publique (tutelle) des activités économiques"
"2022","84.13Z","PRD",84,2.8,"GCO2E_EUR","Administration publique (tutelle) des activités économiques"
"2022","84.21Z","GVA",63,2.8,"GCO2E_EUR","Affaires étrangères"
"2022","84.21Z","IC",130,2.8,"GCO2E_EUR","Affaires étrangères"
"2022","84.21Z","PRD",84,2.8,"GCO2E_EUR","Affaires étrangères"
"2022","84.22Z","IC",809,3.6,"GCO2E_EUR","Défense"
"2022","84.22Z","GVA",59,3.6,"GCO2E_EUR","Défense"
"2022","84.22Z","PRD",202,3.6,"GCO2E_EUR","Défense"
"2022","84.23Z","GVA",59,3.6,"GCO2E_EUR","Justice"
"2022","84.23Z","IC",809,3.6,"GCO2E_EUR","Justice"
"2022","84.23Z","PRD",202,3.6,"GCO2E_EUR","Justice"
"2022","84.24Z","PRD",202,3.6,"GCO2E_EUR","Activités d'ordre public et de sécurité"
"2022","84.24Z","GVA",59,3.6,"GCO2E_EUR","Activités d'ordre public et de sécurité"
"2022","84.24Z","IC",809,3.6,"GCO2E_EUR","Activités d'ordre public et de sécurité"
"2022","84.25Z","GVA",59,3.6,"GCO2E_EUR","Services du feu et de secours"
"2022","84.25Z","IC",809,3.6,"GCO2E_EUR","Services du feu et de secours"
"2022","84.25Z","PRD",202,3.6,"GCO2E_EUR","Services du feu et de secours"
"2022","84.30A","IC",130,2.8,"GCO2E_EUR","Activités générales de sécurité sociale"
"2022","84.30A","PRD",84,2.8,"GCO2E_EUR","Activités générales de sécurité sociale"
"2022","84.30A","GVA",63,2.8,"GCO2E_EUR","Activités générales de sécurité sociale"
"2022","84.30B","IC",130,2.8,"GCO2E_EUR","Gestion des retraites complémentaires"
"2022","84.30B","GVA",63,2.8,"GCO2E_EUR","Gestion des retraites complémentaires"
"2022","84.30B","PRD",84,2.8,"GCO2E_EUR","Gestion des retraites complémentaires"
"2022","84.30C","GVA",63,2.8,"GCO2E_EUR","Distribution sociale de revenus"
"2022","84.30C","PRD",84,2.8,"GCO2E_EUR","Distribution sociale de revenus"
"2022","84.30C","IC",130,2.8,"GCO2E_EUR","Distribution sociale de revenus"
"2022","85.10Z","IC",135,2.8,"GCO2E_EUR","Enseignement pré-primaire"
"2022","85.10Z","GVA",74,2.8,"GCO2E_EUR","Enseignement pré-primaire"
"2022","85.10Z","PRD",84,2.8,"GCO2E_EUR","Enseignement pré-primaire"
"2022","85.20Z","PRD",84,2.8,"GCO2E_EUR","Enseignement primaire"
"2022","85.20Z","IC",135,2.8,"GCO2E_EUR","Enseignement primaire"
"2022","85.20Z","GVA",74,2.8,"GCO2E_EUR","Enseignement primaire"
"2022","85.31Z","PRD",80,2.8,"GCO2E_EUR","Enseignement secondaire général"
"2022","85.31Z","GVA",69,2.8,"GCO2E_EUR","Enseignement secondaire général"
"2022","85.31Z","IC",120,2.8,"GCO2E_EUR","Enseignement secondaire général"
"2022","85.32Z","PRD",80,2.8,"GCO2E_EUR","Enseignement secondaire technique ou professionnel"
"2022","85.32Z","GVA",69,2.8,"GCO2E_EUR","Enseignement secondaire technique ou professionnel"
"2022","85.32Z","IC",120,2.8,"GCO2E_EUR","Enseignement secondaire technique ou professionnel"
"2022","85.41Z","GVA",48,2.8,"GCO2E_EUR","Enseignement post-secondaire non supérieur"
"2022","85.41Z","IC",119,2.8,"GCO2E_EUR","Enseignement post-secondaire non supérieur"
"2022","85.41Z","PRD",62,2.8,"GCO2E_EUR","Enseignement post-secondaire non supérieur"
"2022","85.42Z","GVA",55,1.9,"GCO2E_EUR","Enseignement supérieur"
"2022","85.42Z","IC",116,1.9,"GCO2E_EUR","Enseignement supérieur"
"2022","85.42Z","PRD",68,1.9,"GCO2E_EUR","Enseignement supérieur"
"2022","85.51Z","GVA",52,3.4,"GCO2E_EUR","Enseignement de disciplines sportives et d'activités de loisirs"
"2022","85.51Z","IC",108,3.4,"GCO2E_EUR","Enseignement de disciplines sportives et d'activités de loisirs"
"2022","85.51Z","PRD",65,3.4,"GCO2E_EUR","Enseignement de disciplines sportives et d'activités de loisirs"
"2022","85.52Z","PRD",65,3.4,"GCO2E_EUR","Enseignement culturel"
"2022","85.52Z","GVA",52,3.4,"GCO2E_EUR","Enseignement culturel"
"2022","85.52Z","IC",108,3.4,"GCO2E_EUR","Enseignement culturel"
"2022","85.53Z","GVA",52,3.4,"GCO2E_EUR","Enseignement de la conduite"
"2022","85.53Z","PRD",65,3.4,"GCO2E_EUR","Enseignement de la conduite"
"2022","85.53Z","IC",108,3.4,"GCO2E_EUR","Enseignement de la conduite"
"2022","85.59A","GVA",52,3.4,"GCO2E_EUR","Formation continue d'adultes"
"2022","85.59A","PRD",65,3.4,"GCO2E_EUR","Formation continue d'adultes"
"2022","85.59A","IC",108,3.4,"GCO2E_EUR","Formation continue d'adultes"
"2022","85.59B","PRD",66,3.4,"GCO2E_EUR","Autres enseignements"
"2022","85.59B","GVA",53,3.4,"GCO2E_EUR","Autres enseignements"
"2022","85.59B","IC",107,3.4,"GCO2E_EUR","Autres enseignements"
"2022","85.60Z","IC",98,2.8,"GCO2E_EUR","Activités de soutien à l'enseignement"
"2022","85.60Z","PRD",65,2.8,"GCO2E_EUR","Activités de soutien à l'enseignement"
"2022","85.60Z","GVA",52,2.8,"GCO2E_EUR","Activités de soutien à l'enseignement"
"2022","86.10Z","GVA",64,1.7,"GCO2E_EUR","Activités hospitalières"
"2022","86.10Z","IC",109,1.7,"GCO2E_EUR","Activités hospitalières"
"2022","86.10Z","PRD",79,1.7,"GCO2E_EUR","Activités hospitalières"
"2022","86.21Z","IC",115,2.3,"GCO2E_EUR","Activité des médecins généralistes"
"2022","86.21Z","PRD",71,2.3,"GCO2E_EUR","Activité des médecins généralistes"
"2022","86.21Z","GVA",55,2.3,"GCO2E_EUR","Activité des médecins généralistes"
"2022","86.22A","GVA",53,2.3,"GCO2E_EUR","Activités de radiodiagnostic et de radiothérapie"
"2022","86.22A","IC",118,2.3,"GCO2E_EUR","Activités de radiodiagnostic et de radiothérapie"
"2022","86.22A","PRD",71,2.3,"GCO2E_EUR","Activités de radiodiagnostic et de radiothérapie"
"2022","86.22B","IC",115,2.3,"GCO2E_EUR","Activités chirurgicales"
"2022","86.22B","GVA",55,2.3,"GCO2E_EUR","Activités chirurgicales"
"2022","86.22B","PRD",71,2.3,"GCO2E_EUR","Activités chirurgicales"
"2022","86.22C","GVA",55,2.3,"GCO2E_EUR","Autres activités des médecins spécialistes"
"2022","86.22C","PRD",71,2.3,"GCO2E_EUR","Autres activités des médecins spécialistes"
"2022","86.22C","IC",115,2.3,"GCO2E_EUR","Autres activités des médecins spécialistes"
"2022","86.23Z","GVA",50,1.7,"GCO2E_EUR","Pratique dentaire"
"2022","86.23Z","PRD",63,1.7,"GCO2E_EUR","Pratique dentaire"
"2022","86.23Z","IC",101,1.7,"GCO2E_EUR","Pratique dentaire"
"2022","86.90A","PRD",83,2.7,"GCO2E_EUR","Ambulances"
"2022","86.90A","IC",133,2.7,"GCO2E_EUR","Ambulances"
"2022","86.90A","GVA",66,2.7,"GCO2E_EUR","Ambulances"
"2022","86.90B","GVA",51,1.7,"GCO2E_EUR","Laboratoires d'analyses médicales"
"2022","86.90B","IC",116,1.7,"GCO2E_EUR","Laboratoires d'analyses médicales"
"2022","86.90B","PRD",68,1.7,"GCO2E_EUR","Laboratoires d'analyses médicales"
"2022","86.90C","PRD",83,2.7,"GCO2E_EUR","Centres de collecte et banques d'organes"
"2022","86.90C","GVA",66,2.7,"GCO2E_EUR","Centres de collecte et banques d'organes"
"2022","86.90C","IC",133,2.7,"GCO2E_EUR","Centres de collecte et banques d'organes"
"2022","86.90D","IC",125,2.7,"GCO2E_EUR","Activités des infirmiers et des sages-femmes"
"2022","86.90D","GVA",56,2.7,"GCO2E_EUR","Activités des infirmiers et des sages-femmes"
"2022","86.90D","PRD",73,2.7,"GCO2E_EUR","Activités des infirmiers et des sages-femmes"
"2022","86.90E","IC",132,2.7,"GCO2E_EUR","Activités des professionnels de la rééducation, de l'appareillage et des pédicures-podologues"
"2022","86.90E","GVA",56,2.7,"GCO2E_EUR","Activités des professionnels de la rééducation, de l'appareillage et des pédicures-podologues"
"2022","86.90E","PRD",75,2.7,"GCO2E_EUR","Activités des professionnels de la rééducation, de l'appareillage et des pédicures-podologues"
"2022","86.90F","IC",127,2.7,"GCO2E_EUR","Activités de santé humaine non classées ailleurs"
"2022","86.90F","PRD",74,2.7,"GCO2E_EUR","Activités de santé humaine non classées ailleurs"
"2022","86.90F","GVA",56,2.7,"GCO2E_EUR","Activités de santé humaine non classées ailleurs"
"2022","87.10A","PRD",94,3.6,"GCO2E_EUR","Hébergement médicalisé pour personnes âgées"
"2022","87.10A","IC",124,3.6,"GCO2E_EUR","Hébergement médicalisé pour personnes âgées"
"2022","87.10A","GVA",85,3.6,"GCO2E_EUR","Hébergement médicalisé pour personnes âgées"
"2022","87.10B","PRD",94,3.6,"GCO2E_EUR","Hébergement médicalisé pour enfants handicapés"
"2022","87.10B","GVA",84,3.6,"GCO2E_EUR","Hébergement médicalisé pour enfants handicapés"
"2022","87.10B","IC",126,3.6,"GCO2E_EUR","Hébergement médicalisé pour enfants handicapés"
"2022","87.10C","PRD",94,3.6,"GCO2E_EUR","Hébergement médicalisé pour adultes handicapés et autre hébergement médicalisé"
"2022","87.10C","GVA",84,3.6,"GCO2E_EUR","Hébergement médicalisé pour adultes handicapés et autre hébergement médicalisé"
"2022","87.10C","IC",126,3.6,"GCO2E_EUR","Hébergement médicalisé pour adultes handicapés et autre hébergement médicalisé"
"2022","87.20A","PRD",94,3.6,"GCO2E_EUR","Hébergement social pour handicapés mentaux et malades mentaux"
"2022","87.20A","IC",126,3.6,"GCO2E_EUR","Hébergement social pour handicapés mentaux et malades mentaux"
"2022","87.20A","GVA",84,3.6,"GCO2E_EUR","Hébergement social pour handicapés mentaux et malades mentaux"
"2022","87.20B","PRD",94,3.6,"GCO2E_EUR","Hébergement social pour toxicomanes"
"2022","87.20B","GVA",84,3.6,"GCO2E_EUR","Hébergement social pour toxicomanes"
"2022","87.20B","IC",126,3.6,"GCO2E_EUR","Hébergement social pour toxicomanes"
"2022","87.30A","PRD",94,3.6,"GCO2E_EUR","Hébergement social pour personnes âgées"
"2022","87.30A","IC",124,3.6,"GCO2E_EUR","Hébergement social pour personnes âgées"
"2022","87.30A","GVA",85,3.6,"GCO2E_EUR","Hébergement social pour personnes âgées"
"2022","87.30B","GVA",84,3.6,"GCO2E_EUR","Hébergement social pour handicapés physiques"
"2022","87.30B","IC",126,3.6,"GCO2E_EUR","Hébergement social pour handicapés physiques"
"2022","87.30B","PRD",94,3.6,"GCO2E_EUR","Hébergement social pour handicapés physiques"
"2022","87.90A","GVA",76,3.6,"GCO2E_EUR","Hébergement social pour enfants en difficultés"
"2022","87.90A","IC",127,3.6,"GCO2E_EUR","Hébergement social pour enfants en difficultés"
"2022","87.90A","PRD",90,3.6,"GCO2E_EUR","Hébergement social pour enfants en difficultés"
"2022","87.90B","IC",129,3.6,"GCO2E_EUR","Hébergement social pour adultes et familles en difficultés et autre hébergement social"
"2022","87.90B","PRD",95,3.6,"GCO2E_EUR","Hébergement social pour adultes et familles en difficultés et autre hébergement social"
"2022","87.90B","GVA",83,3.6,"GCO2E_EUR","Hébergement social pour adultes et familles en difficultés et autre hébergement social"
"2022","88.10A","PRD",91,3.6,"GCO2E_EUR","Aide à domicile"
"2022","88.10A","IC",128,3.6,"GCO2E_EUR","Aide à domicile"
"2022","88.10A","GVA",77,3.6,"GCO2E_EUR","Aide à domicile"
"2022","88.10B","PRD",91,3.6,"GCO2E_EUR","Accueil ou accompagnement sans hébergement d'adultes handicapés ou de personnes âgées"
"2022","88.10B","IC",128,3.6,"GCO2E_EUR","Accueil ou accompagnement sans hébergement d'adultes handicapés ou de personnes âgées"
"2022","88.10B","GVA",77,3.6,"GCO2E_EUR","Accueil ou accompagnement sans hébergement d'adultes handicapés ou de personnes âgées"
"2022","88.10C","PRD",101,3.6,"GCO2E_EUR","Aide par le travail"
"2022","88.10C","IC",131,3.6,"GCO2E_EUR","Aide par le travail"
"2022","88.10C","GVA",91,3.6,"GCO2E_EUR","Aide par le travail"
"2022","88.91A","IC",121,1.8,"GCO2E_EUR","Accueil de jeunes enfants"
"2022","88.91A","GVA",127,1.8,"GCO2E_EUR","Accueil de jeunes enfants"
"2022","88.91A","PRD",121,1.8,"GCO2E_EUR","Accueil de jeunes enfants"
"2022","88.91B","PRD",91,3.6,"GCO2E_EUR","Accueil ou accompagnement sans hébergement d'enfants handicapés"
"2022","88.91B","GVA",77,3.6,"GCO2E_EUR","Accueil ou accompagnement sans hébergement d'enfants handicapés"
"2022","88.91B","IC",128,3.6,"GCO2E_EUR","Accueil ou accompagnement sans hébergement d'enfants handicapés"
"2022","88.99A","GVA",77,3.6,"GCO2E_EUR","Autre accueil ou accompagnement sans hébergement d'enfants et d'adolescents"
"2022","88.99A","IC",128,3.6,"GCO2E_EUR","Autre accueil ou accompagnement sans hébergement d'enfants et d'adolescents"
"2022","88.99A","PRD",91,3.6,"GCO2E_EUR","Autre accueil ou accompagnement sans hébergement d'enfants et d'adolescents"
"2022","88.99B","IC",128,3.6,"GCO2E_EUR","Action sociale sans hébergement n.c.a."
"2022","88.99B","GVA",77,3.6,"GCO2E_EUR","Action sociale sans hébergement n.c.a."
"2022","88.99B","PRD",91,3.6,"GCO2E_EUR","Action sociale sans hébergement n.c.a."
"2022","90.01Z","PRD",71,1.8,"GCO2E_EUR","Arts du spectacle vivant"
"2022","90.01Z","IC",88,1.8,"GCO2E_EUR","Arts du spectacle vivant"
"2022","90.01Z","GVA",59,1.8,"GCO2E_EUR","Arts du spectacle vivant"
"2022","90.02Z","IC",98,3.3,"GCO2E_EUR","Activités de soutien au spectacle vivant"
"2022","90.02Z","GVA",64,3.3,"GCO2E_EUR","Activités de soutien au spectacle vivant"
"2022","90.02Z","PRD",78,3.3,"GCO2E_EUR","Activités de soutien au spectacle vivant"
"2022","90.03A","GVA",57,2.7,"GCO2E_EUR","Création artistique relevant des arts plastiques"
"2022","90.03A","IC",86,2.7,"GCO2E_EUR","Création artistique relevant des arts plastiques"
"2022","90.03A","PRD",68,2.7,"GCO2E_EUR","Création artistique relevant des arts plastiques"
"2022","90.03B","PRD",68,2.7,"GCO2E_EUR","Autre création artistique"
"2022","90.03B","IC",86,2.7,"GCO2E_EUR","Autre création artistique"
"2022","90.03B","GVA",57,2.7,"GCO2E_EUR","Autre création artistique"
"2022","90.04Z","IC",98,3.3,"GCO2E_EUR","Gestion de salles de spectacles"
"2022","90.04Z","PRD",78,3.3,"GCO2E_EUR","Gestion de salles de spectacles"
"2022","90.04Z","GVA",64,3.3,"GCO2E_EUR","Gestion de salles de spectacles"
"2022","91.01Z","PRD",84,3.1,"GCO2E_EUR","Gestion des bibliothèques et des archives"
"2022","91.01Z","GVA",63,3.1,"GCO2E_EUR","Gestion des bibliothèques et des archives"
"2022","91.01Z","IC",124,3.1,"GCO2E_EUR","Gestion des bibliothèques et des archives"
"2022","91.02Z","PRD",88,3.1,"GCO2E_EUR","Gestion des musées"
"2022","91.02Z","GVA",66,3.1,"GCO2E_EUR","Gestion des musées"
"2022","91.02Z","IC",125,3.1,"GCO2E_EUR","Gestion des musées"
"2022","91.03Z","GVA",66,3.1,"GCO2E_EUR","Gestion des sites et monuments historiques et des attractions touristiques similaires"
"2022","91.03Z","IC",125,3.1,"GCO2E_EUR","Gestion des sites et monuments historiques et des attractions touristiques similaires"
"2022","91.03Z","PRD",88,3.1,"GCO2E_EUR","Gestion des sites et monuments historiques et des attractions touristiques similaires"
"2022","91.04Z","PRD",88,3.1,"GCO2E_EUR","Gestion des jardins botaniques et zoologiques et des réserves naturelles"
"2022","91.04Z","GVA",66,3.1,"GCO2E_EUR","Gestion des jardins botaniques et zoologiques et des réserves naturelles"
"2022","91.04Z","IC",125,3.1,"GCO2E_EUR","Gestion des jardins botaniques et zoologiques et des réserves naturelles"
"2022","92.00Z","PRD",90,1.3,"GCO2E_EUR","Organisation de jeux de hasard et d'argent"
"2022","92.00Z","IC",103,1.3,"GCO2E_EUR","Organisation de jeux de hasard et d'argent"
"2022","92.00Z","GVA",79,1.3,"GCO2E_EUR","Organisation de jeux de hasard et d'argent"
"2022","93.11Z","GVA",139,2.7,"GCO2E_EUR","Gestion d'installations sportives"
"2022","93.11Z","PRD",145,2.7,"GCO2E_EUR","Gestion d'installations sportives"
"2022","93.11Z","IC",154,2.7,"GCO2E_EUR","Gestion d'installations sportives"
"2022","93.12Z","GVA",139,2.7,"GCO2E_EUR","Activités de clubs de sports"
"2022","93.12Z","PRD",144,2.7,"GCO2E_EUR","Activités de clubs de sports"
"2022","93.12Z","IC",154,2.7,"GCO2E_EUR","Activités de clubs de sports"
"2022","93.13Z","IC",165,2.7,"GCO2E_EUR","Activités des centres de culture physique"
"2022","93.13Z","GVA",168,2.7,"GCO2E_EUR","Activités des centres de culture physique"
"2022","93.13Z","PRD",166,2.7,"GCO2E_EUR","Activités des centres de culture physique"
"2022","93.19Z","GVA",139,2.7,"GCO2E_EUR","Autres activités liées au sport"
"2022","93.19Z","PRD",145,2.7,"GCO2E_EUR","Autres activités liées au sport"
"2022","93.19Z","IC",154,2.7,"GCO2E_EUR","Autres activités liées au sport"
"2022","93.21Z","IC",142,1.7,"GCO2E_EUR","Activités des parcs d'attractions et parcs à thèmes"
"2022","93.21Z","GVA",117,1.7,"GCO2E_EUR","Activités des parcs d'attractions et parcs à thèmes"
"2022","93.21Z","PRD",123,1.7,"GCO2E_EUR","Activités des parcs d'attractions et parcs à thèmes"
"2022","93.29Z","IC",134,2.7,"GCO2E_EUR","Autres activités récréatives et de loisirs"
"2022","93.29Z","PRD",138,2.7,"GCO2E_EUR","Autres activités récréatives et de loisirs"
"2022","93.29Z","GVA",145,2.7,"GCO2E_EUR","Autres activités récréatives et de loisirs"
"2022","94.11Z","IC",111,2.8,"GCO2E_EUR","Activités des organisations patronales et consulaires"
"2022","94.11Z","GVA",63,2.8,"GCO2E_EUR","Activités des organisations patronales et consulaires"
"2022","94.11Z","PRD",80,2.8,"GCO2E_EUR","Activités des organisations patronales et consulaires"
"2022","94.12Z","PRD",80,2.8,"GCO2E_EUR","Activités des organisations professionnelles"
"2022","94.12Z","GVA",63,2.8,"GCO2E_EUR","Activités des organisations professionnelles"
"2022","94.12Z","IC",111,2.8,"GCO2E_EUR","Activités des organisations professionnelles"
"2022","94.20Z","IC",111,2.8,"GCO2E_EUR","Activités des syndicats de salariés"
"2022","94.20Z","PRD",80,2.8,"GCO2E_EUR","Activités des syndicats de salariés"
"2022","94.20Z","GVA",63,2.8,"GCO2E_EUR","Activités des syndicats de salariés"
"2022","94.91Z","PRD",74,1.5,"GCO2E_EUR","Activités des organisations religieuses"
"2022","94.91Z","IC",94,1.5,"GCO2E_EUR","Activités des organisations religieuses"
"2022","94.91Z","GVA",65,1.5,"GCO2E_EUR","Activités des organisations religieuses"
"2022","94.92Z","IC",106,2.8,"GCO2E_EUR","Activités des organisations politiques"
"2022","94.92Z","GVA",57,2.8,"GCO2E_EUR","Activités des organisations politiques"
"2022","94.92Z","PRD",74,2.8,"GCO2E_EUR","Activités des organisations politiques"
"2022","94.99Z","GVA",56,3.4,"GCO2E_EUR","Autres organisations fonctionnant par adhésion volontaire"
"2022","94.99Z","PRD",77,3.4,"GCO2E_EUR","Autres organisations fonctionnant par adhésion volontaire"
"2022","94.99Z","IC",117,3.4,"GCO2E_EUR","Autres organisations fonctionnant par adhésion volontaire"
"2022","95.11Z","IC",123,2.9,"GCO2E_EUR","Réparation d'ordinateurs et d'équipements périphériques"
"2022","95.11Z","PRD",103,2.9,"GCO2E_EUR","Réparation d'ordinateurs et d'équipements périphériques"
"2022","95.11Z","GVA",89,2.9,"GCO2E_EUR","Réparation d'ordinateurs et d'équipements périphériques"
"2022","95.12Z","PRD",103,2.9,"GCO2E_EUR","Réparation d'équipements de communication"
"2022","95.12Z","GVA",89,2.9,"GCO2E_EUR","Réparation d'équipements de communication"
"2022","95.12Z","IC",123,2.9,"GCO2E_EUR","Réparation d'équipements de communication"
"2022","95.21Z","GVA",89,2.9,"GCO2E_EUR","Réparation de produits électroniques grand public"
"2022","95.21Z","PRD",103,2.9,"GCO2E_EUR","Réparation de produits électroniques grand public"
"2022","95.21Z","IC",123,2.9,"GCO2E_EUR","Réparation de produits électroniques grand public"
"2022","95.22Z","PRD",120,3.7,"GCO2E_EUR","Réparation d'appareils électroménagers et d'équipements pour la maison et le jardin"
"2022","95.22Z","IC",140,3.7,"GCO2E_EUR","Réparation d'appareils électroménagers et d'équipements pour la maison et le jardin"
"2022","95.22Z","GVA",103,3.7,"GCO2E_EUR","Réparation d'appareils électroménagers et d'équipements pour la maison et le jardin"
"2022","95.23Z","IC",140,3.7,"GCO2E_EUR","Réparation de chaussures et d'articles en cuir"
"2022","95.23Z","PRD",120,3.7,"GCO2E_EUR","Réparation de chaussures et d'articles en cuir"
"2022","95.23Z","GVA",103,3.7,"GCO2E_EUR","Réparation de chaussures et d'articles en cuir"
"2022","95.24Z","PRD",120,3.7,"GCO2E_EUR","Réparation de meubles et d'équipements du foyer"
"2022","95.24Z","IC",140,3.7,"GCO2E_EUR","Réparation de meubles et d'équipements du foyer"
"2022","95.24Z","GVA",103,3.7,"GCO2E_EUR","Réparation de meubles et d'équipements du foyer"
"2022","95.25Z","IC",140,3.7,"GCO2E_EUR","Réparation d'articles d'horlogerie et de bijouterie"
"2022","95.25Z","GVA",103,3.7,"GCO2E_EUR","Réparation d'articles d'horlogerie et de bijouterie"
"2022","95.25Z","PRD",120,3.7,"GCO2E_EUR","Réparation d'articles d'horlogerie et de bijouterie"
"2022","95.29Z","GVA",103,3.7,"GCO2E_EUR","Réparation d'autres biens personnels et domestiques"
"2022","95.29Z","IC",140,3.7,"GCO2E_EUR","Réparation d'autres biens personnels et domestiques"
"2022","95.29Z","PRD",120,3.7,"GCO2E_EUR","Réparation d'autres biens personnels et domestiques"
"2022","96.01A","IC",130,2.9,"GCO2E_EUR","Blanchisserie-teinturerie de gros"
"2022","96.01A","PRD",153,2.9,"GCO2E_EUR","Blanchisserie-teinturerie de gros"
"2022","96.01A","GVA",163,2.9,"GCO2E_EUR","Blanchisserie-teinturerie de gros"
"2022","96.01B","PRD",153,2.9,"GCO2E_EUR","Blanchisserie-teinturerie de détail"
"2022","96.01B","GVA",163,2.9,"GCO2E_EUR","Blanchisserie-teinturerie de détail"
"2022","96.01B","IC",130,2.9,"GCO2E_EUR","Blanchisserie-teinturerie de détail"
"2022","96.02A","IC",148,3.7,"GCO2E_EUR","Coiffure"
"2022","96.02A","GVA",102,3.7,"GCO2E_EUR","Coiffure"
"2022","96.02A","PRD",119,3.7,"GCO2E_EUR","Coiffure"
"2022","96.02B","IC",148,3.7,"GCO2E_EUR","Soins de beauté"
"2022","96.02B","GVA",102,3.7,"GCO2E_EUR","Soins de beauté"
"2022","96.02B","PRD",119,3.7,"GCO2E_EUR","Soins de beauté"
"2022","96.03Z","PRD",95,2,"GCO2E_EUR","Services funéraires"
"2022","96.03Z","IC",120,2,"GCO2E_EUR","Services funéraires"
"2022","96.03Z","GVA",84,2,"GCO2E_EUR","Services funéraires"
"2022","96.04Z","GVA",102,3.7,"GCO2E_EUR","Entretien corporel"
"2022","96.04Z","IC",148,3.7,"GCO2E_EUR","Entretien corporel"
"2022","96.04Z","PRD",119,3.7,"GCO2E_EUR","Entretien corporel"
"2022","96.09Z","GVA",110,3.7,"GCO2E_EUR","Autres services personnels n.c.a."
"2022","96.09Z","PRD",119,3.7,"GCO2E_EUR","Autres services personnels n.c.a."
"2022","96.09Z","IC",138,3.7,"GCO2E_EUR","Autres services personnels n.c.a."
"2022","97.00Z","IC",68,4,"GCO2E_EUR","Activités des ménages en tant qu'employeurs de personnel domestique"
"2022","97.00Z","PRD",14,4,"GCO2E_EUR","Activités des ménages en tant qu'employeurs de personnel domestique"
"2022","97.00Z","GVA",12,4,"GCO2E_EUR","Activités des ménages en tant qu'employeurs de personnel domestique"
"2022","98.10Z","PRD",6,4,"GCO2E_EUR","Activités indifférenciées des ménages en tant que producteurs de biens pour usage propre"
"2022","98.10Z","GVA",6,4,"GCO2E_EUR","Activités indifférenciées des ménages en tant que producteurs de biens pour usage propre"
"2022","98.20Z","PRD",6,4,"GCO2E_EUR","Activités indifférenciées des ménages en tant que producteurs de services pour usage propre"
"2022","98.20Z","GVA",6,4,"GCO2E_EUR","Activités indifférenciées des ménages en tant que producteurs de services pour usage propre"
